question,intent,response_en,response_bm,source_url
How do I register courses?,course_registration,Students can register courses through the SMAP course registration system during the registration period.,Pelajar boleh mendaftar kursus melalui sistem pendaftaran kursus SMAP semasa tempoh pendaftaran.,https://smap.uthm.edu.my/reg/courses
Where can I register my subjects?,course_registration,Students can register courses through the SMAP course registration system during the registration period.,Pelajar boleh mendaftar kursus melalui sistem pendaftaran kursus SMAP semasa tempoh pendaftaran.,https://smap.uthm.edu.my/reg/courses
Macam mana nak daftar kursus?,course_registration,Students can register courses through the SMAP course registration system during the registration period.,Pelajar boleh mendaftar kursus melalui sistem pendaftaran kursus SMAP semasa tempoh pendaftaran.,https://smap.uthm.edu.my/reg/courses
Bagaimana saya mendaftar kursus?,course_registration,Students can register courses through the SMAP course registration system during the registration period.,Pelajar boleh mendaftar kursus melalui sistem pendaftaran kursus SMAP semasa tempoh pendaftaran.,https://smap.uthm.edu.my/reg/courses
How do I add a course?,add_drop_course,Students may add courses during the allowed add and drop period stated by the university.,Pelajar boleh menambah kursus semasa tempoh tambah dan gugur yang ditetapkan oleh universiti.,https://ppa.uthm.edu.my/index.php/informasi/peraturan-akademik
How can I drop a subject?,add_drop_course,Students may drop courses during the allowed add and drop period according to academic regulations.,Pelajar boleh menggugurkan kursus semasa tempoh tambah dan gugur mengikut peraturan akademik.,https://ppa.uthm.edu.my/index.php/informasi/peraturan-akademik
Macam mana nak gugur subjek?,add_drop_course,Students may drop courses during the allowed add and drop period according to academic regulations.,Pelajar boleh menggugurkan kursus semasa tempoh tambah dan gugur mengikut peraturan akademik.,https://ppa.uthm.edu.my/index.php/informasi/peraturan-akademik
Boleh tambah kursus?,add_drop_course,Students may add courses during the allowed add and drop period stated by the university.,Pelajar boleh menambah kursus semasa tempoh tambah dan gugur yang ditetapkan oleh universiti.,https://ppa.uthm.edu.my/index.php/informasi/peraturan-akademik
When is the final examination?,final_exam,"PPA publishes final examination notices, draft and official timetables by course code and date, amendments, invigilator schedules, and examination hall seating information.","PPA memaparkan notis peperiksaan akhir, draf dan jadual rasmi mengikut kod kursus serta tarikh, pindaan jadual, jadual pengawas dan maklumat kedudukan meja dewan peperiksaan.",https://ppa.uthm.edu.my/index.php/informasi/peperiksaan/peperiksaan-akhir
Where can I check my exam timetable?,final_exam,"PPA publishes final examination notices, draft and official timetables by course code and date, amendments, invigilator schedules, and examination hall seating information.","PPA memaparkan notis peperiksaan akhir, draf dan jadual rasmi mengikut kod kursus serta tarikh, pindaan jadual, jadual pengawas dan maklumat kedudukan meja dewan peperiksaan.",https://ppa.uthm.edu.my/index.php/informasi/peperiksaan/peperiksaan-akhir
Bila peperiksaan akhir?,final_exam,"PPA publishes final examination notices, draft and official timetables by course code and date, amendments, invigilator schedules, and examination hall seating information.","PPA memaparkan notis peperiksaan akhir, draf dan jadual rasmi mengikut kod kursus serta tarikh, pindaan jadual, jadual pengawas dan maklumat kedudukan meja dewan peperiksaan.",https://ppa.uthm.edu.my/index.php/informasi/peperiksaan/peperiksaan-akhir
Di mana saya boleh semak jadual peperiksaan?,final_exam,"PPA publishes final examination notices, draft and official timetables by course code and date, amendments, invigilator schedules, and examination hall seating information.","PPA memaparkan notis peperiksaan akhir, draf dan jadual rasmi mengikut kod kursus serta tarikh, pindaan jadual, jadual pengawas dan maklumat kedudukan meja dewan peperiksaan.",https://ppa.uthm.edu.my/index.php/informasi/peperiksaan/peperiksaan-akhir
What is GPA?,cgpa_gpa,GPA represents a student's academic performance for a particular semester.,GPA mewakili prestasi akademik pelajar bagi satu semester tertentu.,https://ppa.uthm.edu.my/index.php/informasi/peraturan-akademik
What is CGPA?,cgpa_gpa,CGPA represents the cumulative academic performance throughout the study period.,CGPA mewakili prestasi akademik kumulatif sepanjang tempoh pengajian.,https://ppa.uthm.edu.my/index.php/informasi/peraturan-akademik
Apa itu GPA?,cgpa_gpa,GPA represents a student's academic performance for a particular semester.,GPA mewakili prestasi akademik pelajar bagi satu semester tertentu.,https://ppa.uthm.edu.my/index.php/informasi/peraturan-akademik
Apa itu CGPA?,cgpa_gpa,CGPA represents the cumulative academic performance throughout the study period.,CGPA mewakili prestasi akademik kumulatif sepanjang tempoh pengajian.,https://ppa.uthm.edu.my/index.php/informasi/peraturan-akademik
How do I apply for graduation?,graduation,Students can refer to the official convocation website for graduation and convocation information.,Pelajar boleh merujuk laman web konvokesyen rasmi untuk maklumat graduasi dan konvokesyen.,https://convocation.uthm.edu.my/ms/
When can I apply for graduation?,graduation,Graduation and convocation information is announced through the official convocation website.,Maklumat graduasi dan konvokesyen diumumkan melalui laman web konvokesyen rasmi.,https://convocation.uthm.edu.my/ms/
Macam mana nak mohon graduasi?,graduation,Students can refer to the official convocation website for graduation and convocation information.,Pelajar boleh merujuk laman web konvokesyen rasmi untuk maklumat graduasi dan konvokesyen.,https://convocation.uthm.edu.my/ms/
Bila boleh mohon graduasi?,graduation,Graduation and convocation information is announced through the official convocation website.,Maklumat graduasi dan konvokesyen diumumkan melalui laman web konvokesyen rasmi.,https://convocation.uthm.edu.my/ms/
Macam mana nak daftar subjek?,course_registration,Students can register courses through the SMAP course registration system during the registration period.,Pelajar boleh mendaftar kursus melalui sistem pendaftaran kursus SMAP semasa tempoh pendaftaran.,https://smap.uthm.edu.my/reg/courses
Nak daftar kursus dekat mana?,course_registration,Students can register courses through the SMAP course registration system during the registration period.,Pelajar boleh mendaftar kursus melalui sistem pendaftaran kursus SMAP semasa tempoh pendaftaran.,https://smap.uthm.edu.my/reg/courses
Saya nak daftar kursus,course_registration,Students can register courses through the SMAP course registration system during the registration period.,Pelajar boleh mendaftar kursus melalui sistem pendaftaran kursus SMAP semasa tempoh pendaftaran.,https://smap.uthm.edu.my/reg/courses
Di mana daftar kursus?,course_registration,Students can register courses through the SMAP course registration system during the registration period.,Pelajar boleh mendaftar kursus melalui sistem pendaftaran kursus SMAP semasa tempoh pendaftaran.,https://smap.uthm.edu.my/reg/courses
Boleh daftar kursus online?,course_registration,Students can register courses through the SMAP course registration system during the registration period.,Pelajar boleh mendaftar kursus melalui sistem pendaftaran kursus SMAP semasa tempoh pendaftaran.,https://smap.uthm.edu.my/reg/courses
How long is BIT programme,study_duration,The BIT programme normally takes 3 years and 6 semesters to complete.,Program BIT biasanya mengambil masa 3 tahun atau 6 semester untuk diselesaikan.,https://fsktm.uthm.edu.my
How many years for BIT,study_duration,The BIT programme normally takes 3 years and 6 semesters to complete.,Program BIT biasanya mengambil masa 3 tahun atau 6 semester untuk diselesaikan.,https://fsktm.uthm.edu.my
Berapa lama pengajian BIT,study_duration,The BIT programme normally takes 3 years and 6 semesters to complete.,Program BIT biasanya mengambil masa 3 tahun atau 6 semester untuk diselesaikan.,https://fsktm.uthm.edu.my
Berapa tahun belajar BIT,study_duration,The BIT programme normally takes 3 years and 6 semesters to complete.,Program BIT biasanya mengambil masa 3 tahun atau 6 semester untuk diselesaikan.,https://fsktm.uthm.edu.my
Tempoh pengajian BIT,study_duration,The BIT programme normally takes 3 years and 6 semesters to complete.,Program BIT biasanya mengambil masa 3 tahun atau 6 semester untuk diselesaikan.,https://fsktm.uthm.edu.my
What is academic calendar?,academic_calendar,"The PPA Academic Calendar page provides the 2026/2027 Academic Calendar for Diploma and Bachelor programmes in Malay and English, archived calendars, and Senate/JPA/academic meeting calendars.","Halaman Kalendar Akademik PPA menyediakan Kalendar Akademik Sesi 2026/2027 untuk program Diploma dan Sarjana Muda dalam Bahasa Melayu dan English, arkib kalendar serta takwim mesyuarat Senat, JPA dan akademik.",https://amo.uthm.edu.my/index.php/component/content/article/kalendar-akademik-dan-jadual-kerja-pelajar?catid=2
When does the semester start?,academic_calendar,"The PPA Academic Calendar page provides the 2026/2027 Academic Calendar for Diploma and Bachelor programmes in Malay and English, archived calendars, and Senate/JPA/academic meeting calendars.","Halaman Kalendar Akademik PPA menyediakan Kalendar Akademik Sesi 2026/2027 untuk program Diploma dan Sarjana Muda dalam Bahasa Melayu dan English, arkib kalendar serta takwim mesyuarat Senat, JPA dan akademik.",https://amo.uthm.edu.my/index.php/component/content/article/kalendar-akademik-dan-jadual-kerja-pelajar?catid=2
When does the semester end?,academic_calendar,"The PPA Academic Calendar page provides the 2026/2027 Academic Calendar for Diploma and Bachelor programmes in Malay and English, archived calendars, and Senate/JPA/academic meeting calendars.","Halaman Kalendar Akademik PPA menyediakan Kalendar Akademik Sesi 2026/2027 untuk program Diploma dan Sarjana Muda dalam Bahasa Melayu dan English, arkib kalendar serta takwim mesyuarat Senat, JPA dan akademik.",https://amo.uthm.edu.my/index.php/component/content/article/kalendar-akademik-dan-jadual-kerja-pelajar?catid=2
Bilakah semester bermula?,academic_calendar,"The PPA Academic Calendar page provides the 2026/2027 Academic Calendar for Diploma and Bachelor programmes in Malay and English, archived calendars, and Senate/JPA/academic meeting calendars.","Halaman Kalendar Akademik PPA menyediakan Kalendar Akademik Sesi 2026/2027 untuk program Diploma dan Sarjana Muda dalam Bahasa Melayu dan English, arkib kalendar serta takwim mesyuarat Senat, JPA dan akademik.",https://amo.uthm.edu.my/index.php/component/content/article/kalendar-akademik-dan-jadual-kerja-pelajar?catid=2
Bilakah semester tamat?,academic_calendar,"The PPA Academic Calendar page provides the 2026/2027 Academic Calendar for Diploma and Bachelor programmes in Malay and English, archived calendars, and Senate/JPA/academic meeting calendars.","Halaman Kalendar Akademik PPA menyediakan Kalendar Akademik Sesi 2026/2027 untuk program Diploma dan Sarjana Muda dalam Bahasa Melayu dan English, arkib kalendar serta takwim mesyuarat Senat, JPA dan akademik.",https://amo.uthm.edu.my/index.php/component/content/article/kalendar-akademik-dan-jadual-kerja-pelajar?catid=2
What is academic probation?,academic_probation,Academic probation refers to a student's academic status when academic performance falls below university requirements.,Percubaan akademik merujuk kepada status pelajar apabila prestasi akademik berada di bawah syarat universiti.,https://ppa.uthm.edu.my/index.php/informasi/peraturan-akademik
Apa itu percubaan akademik?,academic_probation,Academic probation refers to a student's academic status when academic performance falls below university requirements.,Percubaan akademik merujuk kepada status pelajar apabila prestasi akademik berada di bawah syarat universiti.,https://ppa.uthm.edu.my/index.php/informasi/peraturan-akademik
What is academic status?,academic_status,Academic status is determined based on the student's academic performance.,Status akademik ditentukan berdasarkan prestasi akademik pelajar.,https://ppa.uthm.edu.my/index.php/informasi/peraturan-akademik
Apa itu status akademik?,academic_status,Academic status is determined based on the student's academic performance.,Status akademik ditentukan berdasarkan prestasi akademik pelajar.,https://ppa.uthm.edu.my/index.php/informasi/peraturan-akademik
How can I defer my semester?,defer_semester,"Applications for deferment of study must use the Deferment of Study Form and be submitted to the Office of Academic Management for approval, except for deferment under Regulation 17(4).","Permohonan tangguh pengajian hendaklah menggunakan Borang Tangguh Pengajian dan dikemukakan kepada Pejabat Pengurusan Akademik untuk kelulusan, kecuali penangguhan di bawah Peraturan 17(4).",https://ppa.uthm.edu.my/index.php/pelajar/tangguh-pengajian
What is semester deferment?,defer_semester,"Applications for deferment of study must use the Deferment of Study Form and be submitted to the Office of Academic Management for approval, except for deferment under Regulation 17(4).","Permohonan tangguh pengajian hendaklah menggunakan Borang Tangguh Pengajian dan dikemukakan kepada Pejabat Pengurusan Akademik untuk kelulusan, kecuali penangguhan di bawah Peraturan 17(4).",https://ppa.uthm.edu.my/index.php/pelajar/tangguh-pengajian
Macam mana nak tangguh semester?,defer_semester,"Applications for deferment of study must use the Deferment of Study Form and be submitted to the Office of Academic Management for approval, except for deferment under Regulation 17(4).","Permohonan tangguh pengajian hendaklah menggunakan Borang Tangguh Pengajian dan dikemukakan kepada Pejabat Pengurusan Akademik untuk kelulusan, kecuali penangguhan di bawah Peraturan 17(4).",https://ppa.uthm.edu.my/index.php/pelajar/tangguh-pengajian
Boleh tangguh pengajian?,defer_semester,"Applications for deferment of study must use the Deferment of Study Form and be submitted to the Office of Academic Management for approval, except for deferment under Regulation 17(4).","Permohonan tangguh pengajian hendaklah menggunakan Borang Tangguh Pengajian dan dikemukakan kepada Pejabat Pengurusan Akademik untuk kelulusan, kecuali penangguhan di bawah Peraturan 17(4).",https://ppa.uthm.edu.my/index.php/pelajar/tangguh-pengajian
What is tuition fee?,fee_payment,Students can refer to the tuition fee information provided by the university.,Pelajar boleh merujuk maklumat yuran pengajian yang disediakan oleh universiti.,https://io.uthm.edu.my/admission/tuition-fees
How can I pay tuition fees?,fee_payment,Students can refer to the official tuition fee payment information.,Pelajar boleh merujuk maklumat rasmi pembayaran yuran pengajian.,https://io.uthm.edu.my/admission/tuition-fees
Macam mana bayar yuran?,fee_payment,Students can refer to the official tuition fee payment information.,Pelajar boleh merujuk maklumat rasmi pembayaran yuran pengajian.,https://io.uthm.edu.my/admission/tuition-fees
Di mana boleh semak yuran?,fee_payment,Students can refer to the tuition fee information provided by the university.,Pelajar boleh merujuk maklumat yuran pengajian yang disediakan oleh universiti.,https://io.uthm.edu.my/admission/tuition-fees
What is SMAP?,student_portal,"SMAP Online can be accessed at http://smap.uthm.edu.my. If you forget your SMAP password, contact PTM Careline at 07-4537295.","SMAP Online boleh diakses di http://smap.uthm.edu.my. Jika terlupa kata laluan SMAP, hubungi PTM Careline di 07-4537295.",https://ppa.uthm.edu.my/index.php/pautan/faq/faq-lain-lain
How do I access SMAP?,student_portal,"SMAP Online can be accessed at http://smap.uthm.edu.my. If you forget your SMAP password, contact PTM Careline at 07-4537295.","SMAP Online boleh diakses di http://smap.uthm.edu.my. Jika terlupa kata laluan SMAP, hubungi PTM Careline di 07-4537295.",https://ppa.uthm.edu.my/index.php/pautan/faq/faq-lain-lain
Apa itu SMAP?,student_portal,"SMAP Online can be accessed at http://smap.uthm.edu.my. If you forget your SMAP password, contact PTM Careline at 07-4537295.","SMAP Online boleh diakses di http://smap.uthm.edu.my. Jika terlupa kata laluan SMAP, hubungi PTM Careline di 07-4537295.",https://ppa.uthm.edu.my/index.php/pautan/faq/faq-lain-lain
Macam mana login SMAP?,student_portal,"SMAP Online can be accessed at http://smap.uthm.edu.my. If you forget your SMAP password, contact PTM Careline at 07-4537295.","SMAP Online boleh diakses di http://smap.uthm.edu.my. Jika terlupa kata laluan SMAP, hubungi PTM Careline di 07-4537295.",https://ppa.uthm.edu.my/index.php/pautan/faq/faq-lain-lain
How can I contact PPA?,contact_ppa,"PPA UTHM can be contacted at +607-4537696, fax +607-4536085, or email ppa@uthm.edu.my. Address: Pejabat Pengurusan Akademik, Universiti Tun Hussein Onn Malaysia, 86400 Parit Raja, Batu Pahat, Johor.","PPA UTHM boleh dihubungi melalui talian +607-4537696, faks +607-4536085, atau e-mel ppa@uthm.edu.my. Alamat: Pejabat Pengurusan Akademik, Universiti Tun Hussein Onn Malaysia, 86400 Parit Raja, Batu Pahat, Johor.",https://ppa.uthm.edu.my/index.php/pautan/faq/faq-lain-lain
What is the phone number of PPA?,contact_ppa,"PPA UTHM can be contacted at +607-4537696, fax +607-4536085, or email ppa@uthm.edu.my. Address: Pejabat Pengurusan Akademik, Universiti Tun Hussein Onn Malaysia, 86400 Parit Raja, Batu Pahat, Johor.","PPA UTHM boleh dihubungi melalui talian +607-4537696, faks +607-4536085, atau e-mel ppa@uthm.edu.my. Alamat: Pejabat Pengurusan Akademik, Universiti Tun Hussein Onn Malaysia, 86400 Parit Raja, Batu Pahat, Johor.",https://ppa.uthm.edu.my/index.php/pautan/faq/faq-lain-lain
Bagaimana hubungi PPA?,contact_ppa,"PPA UTHM can be contacted at +607-4537696, fax +607-4536085, or email ppa@uthm.edu.my. Address: Pejabat Pengurusan Akademik, Universiti Tun Hussein Onn Malaysia, 86400 Parit Raja, Batu Pahat, Johor.","PPA UTHM boleh dihubungi melalui talian +607-4537696, faks +607-4536085, atau e-mel ppa@uthm.edu.my. Alamat: Pejabat Pengurusan Akademik, Universiti Tun Hussein Onn Malaysia, 86400 Parit Raja, Batu Pahat, Johor.",https://ppa.uthm.edu.my/index.php/pautan/faq/faq-lain-lain
Nombor telefon PPA?,contact_ppa,"PPA UTHM can be contacted at +607-4537696, fax +607-4536085, or email ppa@uthm.edu.my. Address: Pejabat Pengurusan Akademik, Universiti Tun Hussein Onn Malaysia, 86400 Parit Raja, Batu Pahat, Johor.","PPA UTHM boleh dihubungi melalui talian +607-4537696, faks +607-4536085, atau e-mel ppa@uthm.edu.my. Alamat: Pejabat Pengurusan Akademik, Universiti Tun Hussein Onn Malaysia, 86400 Parit Raja, Batu Pahat, Johor.",https://ppa.uthm.edu.my/index.php/pautan/faq/faq-lain-lain
What is course registration period?,course_registration_period,Students must register courses during the official registration period.,Pelajar perlu mendaftar kursus semasa tempoh pendaftaran rasmi.,https://smap.uthm.edu.my/reg/courses
When is course registration?,course_registration_period,Students must register courses during the official registration period.,Pelajar perlu mendaftar kursus semasa tempoh pendaftaran rasmi.,https://smap.uthm.edu.my/reg/courses
Bila pendaftaran kursus?,course_registration_period,Students must register courses during the official registration period.,Pelajar perlu mendaftar kursus semasa tempoh pendaftaran rasmi.,https://smap.uthm.edu.my/reg/courses
Tempoh daftar kursus bila?,course_registration_period,Students must register courses during the official registration period.,Pelajar perlu mendaftar kursus semasa tempoh pendaftaran rasmi.,https://smap.uthm.edu.my/reg/courses
What is add drop period?,add_drop_period,Students may add or drop courses during the official add/drop period.,Pelajar boleh menambah atau menggugurkan kursus semasa tempoh tambah/gugur rasmi.,https://ppa.uthm.edu.my/index.php/informasi/peraturan-akademik
When is add drop period?,add_drop_period,Students may add or drop courses during the official add/drop period.,Pelajar boleh menambah atau menggugurkan kursus semasa tempoh tambah/gugur rasmi.,https://ppa.uthm.edu.my/index.php/informasi/peraturan-akademik
Bila tempoh tambah gugur?,add_drop_period,Students may add or drop courses during the official add/drop period.,Pelajar boleh menambah atau menggugurkan kursus semasa tempoh tambah/gugur rasmi.,https://ppa.uthm.edu.my/index.php/informasi/peraturan-akademik
Tempoh add drop bila?,add_drop_period,Students may add or drop courses during the official add/drop period.,Pelajar boleh menambah atau menggugurkan kursus semasa tempoh tambah/gugur rasmi.,https://ppa.uthm.edu.my/index.php/informasi/peraturan-akademik
What is examination week?,exam_week,Students can refer to the academic calendar for examination week dates.,Pelajar boleh merujuk kalendar akademik untuk tarikh minggu peperiksaan.,https://amo.uthm.edu.my/index.php/informasi/peperiksaan/peperiksaan-akhir
When is examination week?,exam_week,Students can refer to the academic calendar for examination week dates.,Pelajar boleh merujuk kalendar akademik untuk tarikh minggu peperiksaan.,https://amo.uthm.edu.my/index.php/informasi/peperiksaan/peperiksaan-akhir
Bila minggu peperiksaan?,exam_week,Students can refer to the academic calendar for examination week dates.,Pelajar boleh merujuk kalendar akademik untuk tarikh minggu peperiksaan.,https://amo.uthm.edu.my/index.php/informasi/peperiksaan/peperiksaan-akhir
Minggu exam bila?,exam_week,Students can refer to the academic calendar for examination week dates.,Pelajar boleh merujuk kalendar akademik untuk tarikh minggu peperiksaan.,https://amo.uthm.edu.my/index.php/informasi/peperiksaan/peperiksaan-akhir
What is convocation?,convocation,Convocation information is available through the official convocation website.,Maklumat konvokesyen boleh didapati melalui laman web konvokesyen rasmi.,https://convocation.uthm.edu.my/ms/
When is convocation?,convocation,Convocation information is available through the official convocation website.,Maklumat konvokesyen boleh didapati melalui laman web konvokesyen rasmi.,https://convocation.uthm.edu.my/ms/
Apa itu konvokesyen?,convocation,Convocation information is available through the official convocation website.,Maklumat konvokesyen boleh didapati melalui laman web konvokesyen rasmi.,https://convocation.uthm.edu.my/ms/
Bila konvokesyen?,convocation,Convocation information is available through the official convocation website.,Maklumat konvokesyen boleh didapati melalui laman web konvokesyen rasmi.,https://convocation.uthm.edu.my/ms/
What is academic regulation?,academic_regulation,"PPA provides the Academic Regulations for Bachelor Degree and Diploma Programmes, 8th Edition, and UTHM Credit Transfer Guidelines, effective from Semester I Session 2021/2022.",PPA menyediakan Peraturan Akademik Program Sarjana Muda dan Diploma Edisi Ke-8 serta Garis Panduan Pindah Kredit UTHM yang berkuat kuasa mulai Semester I Sesi 2021/2022.,https://ppa.uthm.edu.my/index.php/informasi/peraturan-akademik
How can I enroll in courses?,course_registration,Students can register courses through the SMAP course registration system during the registration period.,Pelajar boleh mendaftar kursus melalui sistem pendaftaran kursus SMAP semasa tempoh pendaftaran.,https://smap.uthm.edu.my/reg/courses
When can I register courses?,course_registration,Course registration dates can be referred to through the academic calendar or SMAP system.,Pelajar boleh mendaftar kursus melalui sistem pendaftaran kursus SMAP semasa tempoh pendaftaran.,https://smap.uthm.edu.my/reg/courses
Can I register courses online?,course_registration,"Yes, course registration is done online through the SMAP course registration system.",Pelajar boleh mendaftar kursus melalui sistem pendaftaran kursus SMAP semasa tempoh pendaftaran.,https://smap.uthm.edu.my/reg/courses
What is the add and drop period?,add_drop_course,The add and drop period is the period where students are allowed to correct course registration.,Pelajar boleh menambah atau menggugurkan kursus semasa tempoh tambah dan gugur mengikut peraturan akademik.,https://ppa.uthm.edu.my/index.php/informasi/peraturan-akademik
Can I change my registered courses?,add_drop_course,Course changes are allowed during the correction period stated in the academic regulations.,Pelajar boleh menambah atau menggugurkan kursus semasa tempoh tambah dan gugur mengikut peraturan akademik.,https://ppa.uthm.edu.my/index.php/informasi/peraturan-akademik
Where can I add or drop courses?,add_drop_course,Students can manage course registration through the official SMAP system.,Pelajar boleh menambah atau menggugurkan kursus semasa tempoh tambah dan gugur mengikut peraturan akademik.,https://smap.uthm.edu.my/reg/courses
When does the semester begin?,academic_calendar,"The PPA Academic Calendar page provides the 2026/2027 Academic Calendar for Diploma and Bachelor programmes in Malay and English, archived calendars, and Senate/JPA/academic meeting calendars.","Halaman Kalendar Akademik PPA menyediakan Kalendar Akademik Sesi 2026/2027 untuk program Diploma dan Sarjana Muda dalam Bahasa Melayu dan English, arkib kalendar serta takwim mesyuarat Senat, JPA dan akademik.",https://amo.uthm.edu.my/index.php/component/content/article/kalendar-akademik-dan-jadual-kerja-pelajar?catid=2
When is semester break?,academic_calendar,"The PPA Academic Calendar page provides the 2026/2027 Academic Calendar for Diploma and Bachelor programmes in Malay and English, archived calendars, and Senate/JPA/academic meeting calendars.","Halaman Kalendar Akademik PPA menyediakan Kalendar Akademik Sesi 2026/2027 untuk program Diploma dan Sarjana Muda dalam Bahasa Melayu dan English, arkib kalendar serta takwim mesyuarat Senat, JPA dan akademik.",https://amo.uthm.edu.my/index.php/component/content/article/kalendar-akademik-dan-jadual-kerja-pelajar?catid=2
Where can I find the academic calendar?,academic_calendar,"The PPA Academic Calendar page provides the 2026/2027 Academic Calendar for Diploma and Bachelor programmes in Malay and English, archived calendars, and Senate/JPA/academic meeting calendars.","Halaman Kalendar Akademik PPA menyediakan Kalendar Akademik Sesi 2026/2027 untuk program Diploma dan Sarjana Muda dalam Bahasa Melayu dan English, arkib kalendar serta takwim mesyuarat Senat, JPA dan akademik.",https://amo.uthm.edu.my/index.php/component/content/article/kalendar-akademik-dan-jadual-kerja-pelajar?catid=2
When are university holidays?,academic_calendar,"The PPA Academic Calendar page provides the 2026/2027 Academic Calendar for Diploma and Bachelor programmes in Malay and English, archived calendars, and Senate/JPA/academic meeting calendars.","Halaman Kalendar Akademik PPA menyediakan Kalendar Akademik Sesi 2026/2027 untuk program Diploma dan Sarjana Muda dalam Bahasa Melayu dan English, arkib kalendar serta takwim mesyuarat Senat, JPA dan akademik.",https://amo.uthm.edu.my/index.php/component/content/article/kalendar-akademik-dan-jadual-kerja-pelajar?catid=2
When does the new semester start?,academic_calendar,"The PPA Academic Calendar page provides the 2026/2027 Academic Calendar for Diploma and Bachelor programmes in Malay and English, archived calendars, and Senate/JPA/academic meeting calendars.","Halaman Kalendar Akademik PPA menyediakan Kalendar Akademik Sesi 2026/2027 untuk program Diploma dan Sarjana Muda dalam Bahasa Melayu dan English, arkib kalendar serta takwim mesyuarat Senat, JPA dan akademik.",https://amo.uthm.edu.my/index.php/component/content/article/kalendar-akademik-dan-jadual-kerja-pelajar?catid=2
How do I know my exam schedule?,final_exam,"PPA publishes final examination notices, draft and official timetables by course code and date, amendments, invigilator schedules, and examination hall seating information.","PPA memaparkan notis peperiksaan akhir, draf dan jadual rasmi mengikut kod kursus serta tarikh, pindaan jadual, jadual pengawas dan maklumat kedudukan meja dewan peperiksaan.",https://ppa.uthm.edu.my/index.php/informasi/peperiksaan/peperiksaan-akhir
When will the examination timetable be released?,final_exam,"PPA publishes final examination notices, draft and official timetables by course code and date, amendments, invigilator schedules, and examination hall seating information.","PPA memaparkan notis peperiksaan akhir, draf dan jadual rasmi mengikut kod kursus serta tarikh, pindaan jadual, jadual pengawas dan maklumat kedudukan meja dewan peperiksaan.",https://ppa.uthm.edu.my/index.php/informasi/peperiksaan/peperiksaan-akhir
Where can I find final examination information?,final_exam,"PPA publishes final examination notices, draft and official timetables by course code and date, amendments, invigilator schedules, and examination hall seating information.","PPA memaparkan notis peperiksaan akhir, draf dan jadual rasmi mengikut kod kursus serta tarikh, pindaan jadual, jadual pengawas dan maklumat kedudukan meja dewan peperiksaan.",https://ppa.uthm.edu.my/index.php/informasi/peperiksaan/peperiksaan-akhir
How is GPA calculated?,cgpa_gpa,GPA is calculated based on grade points and credit hours earned in a semester.,Pelajar boleh merujuk Peraturan Akademik atau sistem pelajar untuk maklumat GPA dan CGPA.,https://ppa.uthm.edu.my/index.php/informasi/peraturan-akademik
How is CGPA calculated?,cgpa_gpa,CGPA is calculated using accumulated grade points and credit hours.,Pelajar boleh merujuk Peraturan Akademik atau sistem pelajar untuk maklumat GPA dan CGPA.,https://ppa.uthm.edu.my/index.php/informasi/peraturan-akademik
Where can I check my GPA?,cgpa_gpa,Students can check GPA and CGPA through the academic system.,Pelajar boleh merujuk Peraturan Akademik atau sistem pelajar untuk maklumat GPA dan CGPA.,https://smap.uthm.edu.my/info/bulletin
What happens if my GPA is low?,academic_regulation,"PPA provides the Academic Regulations for Bachelor Degree and Diploma Programmes, 8th Edition, and UTHM Credit Transfer Guidelines, effective from Semester I Session 2021/2022.",PPA menyediakan Peraturan Akademik Program Sarjana Muda dan Diploma Edisi Ke-8 serta Garis Panduan Pindah Kredit UTHM yang berkuat kuasa mulai Semester I Sesi 2021/2022.,https://ppa.uthm.edu.my/index.php/informasi/peraturan-akademik
Where can I read academic regulations?,academic_regulation,"PPA provides the Academic Regulations for Bachelor Degree and Diploma Programmes, 8th Edition, and UTHM Credit Transfer Guidelines, effective from Semester I Session 2021/2022.",PPA menyediakan Peraturan Akademik Program Sarjana Muda dan Diploma Edisi Ke-8 serta Garis Panduan Pindah Kredit UTHM yang berkuat kuasa mulai Semester I Sesi 2021/2022.,https://ppa.uthm.edu.my/index.php/informasi/peraturan-akademik
What are the academic rules?,academic_regulation,"PPA provides the Academic Regulations for Bachelor Degree and Diploma Programmes, 8th Edition, and UTHM Credit Transfer Guidelines, effective from Semester I Session 2021/2022.",PPA menyediakan Peraturan Akademik Program Sarjana Muda dan Diploma Edisi Ke-8 serta Garis Panduan Pindah Kredit UTHM yang berkuat kuasa mulai Semester I Sesi 2021/2022.,https://ppa.uthm.edu.my/index.php/informasi/peraturan-akademik
Can academic regulations change?,academic_regulation,"PPA provides the Academic Regulations for Bachelor Degree and Diploma Programmes, 8th Edition, and UTHM Credit Transfer Guidelines, effective from Semester I Session 2021/2022.",PPA menyediakan Peraturan Akademik Program Sarjana Muda dan Diploma Edisi Ke-8 serta Garis Panduan Pindah Kredit UTHM yang berkuat kuasa mulai Semester I Sesi 2021/2022.,https://ppa.uthm.edu.my/index.php/informasi/peraturan-akademik
Where can I get graduation information?,graduation,Graduation information is available on the UTHM Convocation website.,Pelajar boleh merujuk laman web konvokesyen rasmi untuk maklumat graduasi dan konvokesyen.,https://convocation.uthm.edu.my/ms/
How do I check my graduation status?,graduation,Students can refer to the official academic or convocation system for graduation-related information.,Pelajar boleh merujuk laman web konvokesyen rasmi untuk maklumat graduasi dan konvokesyen.,https://convocation.uthm.edu.my/ms/
Who is eligible for graduation?,graduation,Students who fulfil the academic and graduation requirements are eligible to graduate.,Pelajar boleh merujuk laman web konvokesyen rasmi untuk maklumat graduasi dan konvokesyen.,https://convocation.uthm.edu.my/ms/
Where can I check tuition fees?,fee_payment,Tuition fee information is available on the official UTHM tuition fees page.,Pelajar boleh merujuk maklumat rasmi pembayaran yuran pengajian.,https://io.uthm.edu.my/admission/tuition-fees
Can I pay fees online?,fee_payment,Students may use the payment methods provided by the university.,Pelajar boleh merujuk maklumat rasmi pembayaran yuran pengajian.,https://io.uthm.edu.my/admission/tuition-fees
How do I view my fee statement?,fee_payment,Students should refer to the official student or finance portal for fee information.,Pelajar boleh merujuk maklumat rasmi pembayaran yuran pengajian.,https://io.uthm.edu.my/admission/tuition-fees
When should tuition fees be paid?,fee_payment,Students should follow the payment deadlines announced by the university.,Pelajar boleh merujuk maklumat rasmi pembayaran yuran pengajian.,https://io.uthm.edu.my/admission/tuition-fees
How do I contact PPA?,contact_ppa,"PPA UTHM can be contacted at +607-4537696, fax +607-4536085, or email ppa@uthm.edu.my. Address: Pejabat Pengurusan Akademik, Universiti Tun Hussein Onn Malaysia, 86400 Parit Raja, Batu Pahat, Johor.","PPA UTHM boleh dihubungi melalui talian +607-4537696, faks +607-4536085, atau e-mel ppa@uthm.edu.my. Alamat: Pejabat Pengurusan Akademik, Universiti Tun Hussein Onn Malaysia, 86400 Parit Raja, Batu Pahat, Johor.",https://ppa.uthm.edu.my/index.php/pautan/faq/faq-lain-lain
Where can I find PPA phone numbers?,contact_ppa,"PPA UTHM can be contacted at +607-4537696, fax +607-4536085, or email ppa@uthm.edu.my. Address: Pejabat Pengurusan Akademik, Universiti Tun Hussein Onn Malaysia, 86400 Parit Raja, Batu Pahat, Johor.","PPA UTHM boleh dihubungi melalui talian +607-4537696, faks +607-4536085, atau e-mel ppa@uthm.edu.my. Alamat: Pejabat Pengurusan Akademik, Universiti Tun Hussein Onn Malaysia, 86400 Parit Raja, Batu Pahat, Johor.",https://ppa.uthm.edu.my/index.php/pautan/faq/faq-lain-lain
How do I email PPA?,contact_ppa,"PPA UTHM can be contacted at +607-4537696, fax +607-4536085, or email ppa@uthm.edu.my. Address: Pejabat Pengurusan Akademik, Universiti Tun Hussein Onn Malaysia, 86400 Parit Raja, Batu Pahat, Johor.","PPA UTHM boleh dihubungi melalui talian +607-4537696, faks +607-4536085, atau e-mel ppa@uthm.edu.my. Alamat: Pejabat Pengurusan Akademik, Universiti Tun Hussein Onn Malaysia, 86400 Parit Raja, Batu Pahat, Johor.",https://ppa.uthm.edu.my/index.php/pautan/faq/faq-lain-lain
Where is PPA located?,contact_ppa,"PPA UTHM can be contacted at +607-4537696, fax +607-4536085, or email ppa@uthm.edu.my. Address: Pejabat Pengurusan Akademik, Universiti Tun Hussein Onn Malaysia, 86400 Parit Raja, Batu Pahat, Johor.","PPA UTHM boleh dihubungi melalui talian +607-4537696, faks +607-4536085, atau e-mel ppa@uthm.edu.my. Alamat: Pejabat Pengurusan Akademik, Universiti Tun Hussein Onn Malaysia, 86400 Parit Raja, Batu Pahat, Johor.",https://ppa.uthm.edu.my/index.php/pautan/faq/faq-lain-lain
How can I get help from PPA?,contact_ppa,"PPA UTHM can be contacted at +607-4537696, fax +607-4536085, or email ppa@uthm.edu.my. Address: Pejabat Pengurusan Akademik, Universiti Tun Hussein Onn Malaysia, 86400 Parit Raja, Batu Pahat, Johor.","PPA UTHM boleh dihubungi melalui talian +607-4537696, faks +607-4536085, atau e-mel ppa@uthm.edu.my. Alamat: Pejabat Pengurusan Akademik, Universiti Tun Hussein Onn Malaysia, 86400 Parit Raja, Batu Pahat, Johor.",https://ppa.uthm.edu.my/index.php/pautan/faq/faq-lain-lain
What is the student bulletin?,student_bulletin,The student bulletin contains announcements and important academic information.,Pelajar boleh melihat pengumuman melalui halaman buletin pelajar SMAP.,https://smap.uthm.edu.my/info/bulletin
Where can I view announcements?,student_bulletin,Students can access announcements through the SMAP student bulletin page.,Pelajar boleh melihat pengumuman melalui halaman buletin pelajar SMAP.,https://smap.uthm.edu.my/info/bulletin
How do I check university notices?,student_bulletin,Official notices are available through the student portal and university website.,Pelajar boleh melihat pengumuman melalui halaman buletin pelajar SMAP.,https://smap.uthm.edu.my/info/bulletin
Where can I find academic announcements?,student_bulletin,Academic announcements are published through official university channels such as SMAP bulletin.,Pelajar boleh melihat pengumuman melalui halaman buletin pelajar SMAP.,https://smap.uthm.edu.my/info/bulletin
How do I access the student portal?,student_bulletin,Students can access student portal information through the SMAP bulletin page.,Pelajar boleh melihat pengumuman melalui halaman buletin pelajar SMAP.,https://smap.uthm.edu.my/info/bulletin
add/drop period,add_drop_period,The add/drop period is stated in the Academic Calendar and academic regulations.,Pelajar boleh menambah atau menggugurkan kursus semasa tempoh tambah/gugur rasmi.,https://amo.uthm.edu.my/index.php/informasi/kalendar-akademik
course registration rules,course_registration_rules,Students must follow course registration rules stated in the academic regulations.,Pelajar perlu mengikuti peraturan pendaftaran kursus seperti yang dinyatakan dalam Peraturan Akademik.,https://ppa.uthm.edu.my/index.php/informasi/peraturan-akademik
examination week,exam_week,Examination weeks are listed in the Academic Calendar.,Pelajar boleh merujuk kalendar akademik untuk tarikh minggu peperiksaan.,https://amo.uthm.edu.my/index.php/informasi/kalendar-akademik
graduation eligibility,graduation_eligibility,Students who fulfil academic requirements are eligible for graduation.,Pelajar yang memenuhi syarat graduasi layak untuk bergraduasi.,https://convocation.uthm.edu.my/ms/
Tell me about add drop period,add_drop_period,The add/drop period is stated in the Academic Calendar and Academic Regulations.,Pelajar boleh menambah atau menggugurkan kursus semasa tempoh tambah/gugur rasmi.,https://amo.uthm.edu.my/index.php/informasi/kalendar-akademik
What are the course registration rules?,course_registration_rules,Students must follow the course registration rules stated in the Academic Regulations.,Pelajar perlu mengikuti peraturan pendaftaran kursus seperti yang dinyatakan dalam Peraturan Akademik.,https://ppa.uthm.edu.my/index.php/informasi/peraturan-akademik
Registration rules,course_registration_rules,Students must follow the course registration rules stated in the Academic Regulations.,Pelajar perlu mengikuti peraturan pendaftaran kursus seperti yang dinyatakan dalam Peraturan Akademik.,https://ppa.uthm.edu.my/index.php/informasi/peraturan-akademik
Course registration requirements,course_registration_rules,Students must follow the course registration rules stated in the Academic Regulations.,Pelajar perlu mengikuti peraturan pendaftaran kursus seperti yang dinyatakan dalam Peraturan Akademik.,https://ppa.uthm.edu.my/index.php/informasi/peraturan-akademik
When is exam week?,exam_week,Examination week dates are available in the Academic Calendar.,Pelajar boleh merujuk kalendar akademik untuk tarikh minggu peperiksaan.,https://amo.uthm.edu.my/index.php/informasi/kalendar-akademik
Examination week,exam_week,Examination week dates are available in the Academic Calendar.,Pelajar boleh merujuk kalendar akademik untuk tarikh minggu peperiksaan.,https://amo.uthm.edu.my/index.php/informasi/kalendar-akademik
When does exam week start?,exam_week,Examination week dates are available in the Academic Calendar.,Pelajar boleh merujuk kalendar akademik untuk tarikh minggu peperiksaan.,https://amo.uthm.edu.my/index.php/informasi/kalendar-akademik
Who can graduate?,graduation_eligibility,Students who fulfil graduation requirements are eligible to graduate.,Pelajar yang memenuhi syarat graduasi layak untuk bergraduasi.,https://convocation.uthm.edu.my/ms/
What are graduation requirements?,graduation_eligibility,Students who fulfil graduation requirements are eligible to graduate.,Pelajar yang memenuhi syarat graduasi layak untuk bergraduasi.,https://convocation.uthm.edu.my/ms/
Graduation eligibility,graduation_eligibility,Students who fulfil graduation requirements are eligible to graduate.,Pelajar yang memenuhi syarat graduasi layak untuk bergraduasi.,https://convocation.uthm.edu.my/ms/
Di mana kalendar akademik?,academic_calendar,"The PPA Academic Calendar page provides the 2026/2027 Academic Calendar for Diploma and Bachelor programmes in Malay and English, archived calendars, and Senate/JPA/academic meeting calendars.","Halaman Kalendar Akademik PPA menyediakan Kalendar Akademik Sesi 2026/2027 untuk program Diploma dan Sarjana Muda dalam Bahasa Melayu dan English, arkib kalendar serta takwim mesyuarat Senat, JPA dan akademik.",https://amo.uthm.edu.my/index.php/component/content/article/kalendar-akademik-dan-jadual-kerja-pelajar?catid=2
Macam mana nak hubungi PPA?,contact_ppa,"PPA UTHM can be contacted at +607-4537696, fax +607-4536085, or email ppa@uthm.edu.my. Address: Pejabat Pengurusan Akademik, Universiti Tun Hussein Onn Malaysia, 86400 Parit Raja, Batu Pahat, Johor.","PPA UTHM boleh dihubungi melalui talian +607-4537696, faks +607-4536085, atau e-mel ppa@uthm.edu.my. Alamat: Pejabat Pengurusan Akademik, Universiti Tun Hussein Onn Malaysia, 86400 Parit Raja, Batu Pahat, Johor.",https://ppa.uthm.edu.my/index.php/pautan/faq/faq-lain-lain
mcm mnn nk dftar subjek?,course_registration,Students can register courses through the SMAP course registration system during the registration period.,Pelajar boleh mendaftar kursus melalui sistem pendaftaran kursus SMAP semasa tempoh pendaftaran.,https://smap.uthm.edu.my/reg/courses
mcm mana nk daftar subjek?,course_registration,Students can register courses through the SMAP course registration system during the registration period.,Pelajar boleh mendaftar kursus melalui sistem pendaftaran kursus SMAP semasa tempoh pendaftaran.,https://smap.uthm.edu.my/reg/courses
mcm mana nak dftar kursus?,course_registration,Students can register courses through the SMAP course registration system during the registration period.,Pelajar boleh mendaftar kursus melalui sistem pendaftaran kursus SMAP semasa tempoh pendaftaran.,https://smap.uthm.edu.my/reg/courses
nk daftar subj dekat mana?,course_registration,Students can register courses through the SMAP course registration system during the registration period.,Pelajar boleh mendaftar kursus melalui sistem pendaftaran kursus SMAP semasa tempoh pendaftaran.,https://smap.uthm.edu.my/reg/courses
nak register subjek kat mana?,course_registration,Students can register courses through the SMAP course registration system during the registration period.,Pelajar boleh mendaftar kursus melalui sistem pendaftaran kursus SMAP semasa tempoh pendaftaran.,https://smap.uthm.edu.my/reg/courses
how to rgister sbjct?,course_registration,Students can register courses through the SMAP course registration system during the registration period.,Pelajar boleh mendaftar kursus melalui sistem pendaftaran kursus SMAP semasa tempoh pendaftaran.,https://smap.uthm.edu.my/reg/courses
how to register subjek?,course_registration,Students can register courses through the SMAP course registration system during the registration period.,Pelajar boleh mendaftar kursus melalui sistem pendaftaran kursus SMAP semasa tempoh pendaftaran.,https://smap.uthm.edu.my/reg/courses
how can i daftar kursus?,course_registration,Students can register courses through the SMAP course registration system during the registration period.,Pelajar boleh mendaftar kursus melalui sistem pendaftaran kursus SMAP semasa tempoh pendaftaran.,https://smap.uthm.edu.my/reg/courses
where to register kursus?,course_registration,Students can register courses through the SMAP course registration system during the registration period.,Pelajar boleh mendaftar kursus melalui sistem pendaftaran kursus SMAP semasa tempoh pendaftaran.,https://smap.uthm.edu.my/reg/courses
i want to daftar subject,course_registration,Students can register courses through the SMAP course registration system during the registration period.,Pelajar boleh mendaftar kursus melalui sistem pendaftaran kursus SMAP semasa tempoh pendaftaran.,https://smap.uthm.edu.my/reg/courses
can i daftar subjek online?,course_registration,Students can register courses through the SMAP course registration system during the registration period.,Pelajar boleh mendaftar kursus melalui sistem pendaftaran kursus SMAP semasa tempoh pendaftaran.,https://smap.uthm.edu.my/reg/courses
cara register subjek?,course_registration,Students can register courses through the SMAP course registration system during the registration period.,Pelajar boleh mendaftar kursus melalui sistem pendaftaran kursus SMAP semasa tempoh pendaftaran.,https://smap.uthm.edu.my/reg/courses
cara daftar subject?,course_registration,Students can register courses through the SMAP course registration system during the registration period.,Pelajar boleh mendaftar kursus melalui sistem pendaftaran kursus SMAP semasa tempoh pendaftaran.,https://smap.uthm.edu.my/reg/courses
nk add subject dalam smap?,course_registration,Students can register courses through the SMAP course registration system during the registration period.,Pelajar boleh mendaftar kursus melalui sistem pendaftaran kursus SMAP semasa tempoh pendaftaran.,https://smap.uthm.edu.my/reg/courses
how do i enroll kursus?,course_registration,Students can register courses through the SMAP course registration system during the registration period.,Pelajar boleh mendaftar kursus melalui sistem pendaftaran kursus SMAP semasa tempoh pendaftaran.,https://smap.uthm.edu.my/reg/courses
how to enroll subjek in smap?,course_registration,Students can register courses through the SMAP course registration system during the registration period.,Pelajar boleh mendaftar kursus melalui sistem pendaftaran kursus SMAP semasa tempoh pendaftaran.,https://smap.uthm.edu.my/reg/courses
daftar subject smap macam mana?,course_registration,Students can register courses through the SMAP course registration system during the registration period.,Pelajar boleh mendaftar kursus melalui sistem pendaftaran kursus SMAP semasa tempoh pendaftaran.,https://smap.uthm.edu.my/reg/courses
smap register subject how?,course_registration,Students can register courses through the SMAP course registration system during the registration period.,Pelajar boleh mendaftar kursus melalui sistem pendaftaran kursus SMAP semasa tempoh pendaftaran.,https://smap.uthm.edu.my/reg/courses
bila boleh daftar subjek?,course_registration_period,Students must register courses during the official registration period.,Pelajar perlu mendaftar kursus semasa tempoh pendaftaran rasmi.,https://smap.uthm.edu.my/reg/courses
when daftar kursus open?,course_registration_period,Students must register courses during the official registration period.,Pelajar perlu mendaftar kursus semasa tempoh pendaftaran rasmi.,https://smap.uthm.edu.my/reg/courses
course reg period bila?,course_registration_period,Students must register courses during the official registration period.,Pelajar perlu mendaftar kursus semasa tempoh pendaftaran rasmi.,https://smap.uthm.edu.my/reg/courses
tempoh dftar subjek bila?,course_registration_period,Students must register courses during the official registration period.,Pelajar perlu mendaftar kursus semasa tempoh pendaftaran rasmi.,https://smap.uthm.edu.my/reg/courses
registration kursus date?,course_registration_period,Students must register courses during the official registration period.,Pelajar perlu mendaftar kursus semasa tempoh pendaftaran rasmi.,https://smap.uthm.edu.my/reg/courses
when can i register subjek?,course_registration_period,Students must register courses during the official registration period.,Pelajar perlu mendaftar kursus semasa tempoh pendaftaran rasmi.,https://smap.uthm.edu.my/reg/courses
bila smap buka daftar kursus?,course_registration_period,Students must register courses during the official registration period.,Pelajar perlu mendaftar kursus semasa tempoh pendaftaran rasmi.,https://smap.uthm.edu.my/reg/courses
date daftar subject?,course_registration_period,Students must register courses during the official registration period.,Pelajar perlu mendaftar kursus semasa tempoh pendaftaran rasmi.,https://smap.uthm.edu.my/reg/courses
when is pendaftaran subjek?,course_registration_period,Students must register courses during the official registration period.,Pelajar perlu mendaftar kursus semasa tempoh pendaftaran rasmi.,https://smap.uthm.edu.my/reg/courses
course registration utk semester ni bila?,course_registration_period,Students must register courses during the official registration period.,Pelajar perlu mendaftar kursus semasa tempoh pendaftaran rasmi.,https://smap.uthm.edu.my/reg/courses
rules daftar subjek apa?,course_registration_rules,Students must follow the course registration rules stated in the Academic Regulations.,Pelajar perlu mengikuti peraturan pendaftaran kursus seperti yang dinyatakan dalam Peraturan Akademik.,https://ppa.uthm.edu.my/index.php/informasi/peraturan-akademik
apa syarat daftar kursus?,course_registration_rules,Students must follow the course registration rules stated in the Academic Regulations.,Pelajar perlu mengikuti peraturan pendaftaran kursus seperti yang dinyatakan dalam Peraturan Akademik.,https://ppa.uthm.edu.my/index.php/informasi/peraturan-akademik
course reg rules macam mana?,course_registration_rules,Students must follow the course registration rules stated in the Academic Regulations.,Pelajar perlu mengikuti peraturan pendaftaran kursus seperti yang dinyatakan dalam Peraturan Akademik.,https://ppa.uthm.edu.my/index.php/informasi/peraturan-akademik
peraturan register subject?,course_registration_rules,Students must follow the course registration rules stated in the Academic Regulations.,Pelajar perlu mengikuti peraturan pendaftaran kursus seperti yang dinyatakan dalam Peraturan Akademik.,https://ppa.uthm.edu.my/index.php/informasi/peraturan-akademik
can daftar subjek lebih credit?,course_registration_rules,Students must follow the course registration rules stated in the Academic Regulations.,Pelajar perlu mengikuti peraturan pendaftaran kursus seperti yang dinyatakan dalam Peraturan Akademik.,https://ppa.uthm.edu.my/index.php/informasi/peraturan-akademik
syarat ambil kursus?,course_registration_rules,Students must follow the course registration rules stated in the Academic Regulations.,Pelajar perlu mengikuti peraturan pendaftaran kursus seperti yang dinyatakan dalam Peraturan Akademik.,https://ppa.uthm.edu.my/index.php/informasi/peraturan-akademik
course registration requirement apa?,course_registration_rules,Students must follow the course registration rules stated in the Academic Regulations.,Pelajar perlu mengikuti peraturan pendaftaran kursus seperti yang dinyatakan dalam Peraturan Akademik.,https://ppa.uthm.edu.my/index.php/informasi/peraturan-akademik
rules utk add subject?,course_registration_rules,Students must follow the course registration rules stated in the Academic Regulations.,Pelajar perlu mengikuti peraturan pendaftaran kursus seperti yang dinyatakan dalam Peraturan Akademik.,https://ppa.uthm.edu.my/index.php/informasi/peraturan-akademik
mcm mnn nk add subjek?,add_drop_course,Students may add or drop courses during the allowed add and drop period according to academic regulations.,Pelajar boleh menambah atau menggugurkan kursus semasa tempoh tambah dan gugur mengikut peraturan akademik.,https://ppa.uthm.edu.my/index.php/informasi/peraturan-akademik
mcm mnn nk drop subjek?,add_drop_course,Students may add or drop courses during the allowed add and drop period according to academic regulations.,Pelajar boleh menambah atau menggugurkan kursus semasa tempoh tambah dan gugur mengikut peraturan akademik.,https://ppa.uthm.edu.my/index.php/informasi/peraturan-akademik
nk gugur subject macam mana?,add_drop_course,Students may add or drop courses during the allowed add and drop period according to academic regulations.,Pelajar boleh menambah atau menggugurkan kursus semasa tempoh tambah dan gugur mengikut peraturan akademik.,https://ppa.uthm.edu.my/index.php/informasi/peraturan-akademik
how to drop subjek?,add_drop_course,Students may add or drop courses during the allowed add and drop period according to academic regulations.,Pelajar boleh menambah atau menggugurkan kursus semasa tempoh tambah dan gugur mengikut peraturan akademik.,https://ppa.uthm.edu.my/index.php/informasi/peraturan-akademik
how to add kursus?,add_drop_course,Students may add or drop courses during the allowed add and drop period according to academic regulations.,Pelajar boleh menambah atau menggugurkan kursus semasa tempoh tambah dan gugur mengikut peraturan akademik.,https://ppa.uthm.edu.my/index.php/informasi/peraturan-akademik
can i change subjek?,add_drop_course,Students may add or drop courses during the allowed add and drop period according to academic regulations.,Pelajar boleh menambah atau menggugurkan kursus semasa tempoh tambah dan gugur mengikut peraturan akademik.,https://ppa.uthm.edu.my/index.php/informasi/peraturan-akademik
cara tambah subjek?,add_drop_course,Students may add or drop courses during the allowed add and drop period according to academic regulations.,Pelajar boleh menambah atau menggugurkan kursus semasa tempoh tambah dan gugur mengikut peraturan akademik.,https://ppa.uthm.edu.my/index.php/informasi/peraturan-akademik
cara gugur kursus?,add_drop_course,Students may add or drop courses during the allowed add and drop period according to academic regulations.,Pelajar boleh menambah atau menggugurkan kursus semasa tempoh tambah dan gugur mengikut peraturan akademik.,https://ppa.uthm.edu.my/index.php/informasi/peraturan-akademik
i want to tukar subject,add_drop_course,Students may add or drop courses during the allowed add and drop period according to academic regulations.,Pelajar boleh menambah atau menggugurkan kursus semasa tempoh tambah dan gugur mengikut peraturan akademik.,https://ppa.uthm.edu.my/index.php/informasi/peraturan-akademik
boleh tukar kursus registered?,add_drop_course,Students may add or drop courses during the allowed add and drop period according to academic regulations.,Pelajar boleh menambah atau menggugurkan kursus semasa tempoh tambah dan gugur mengikut peraturan akademik.,https://ppa.uthm.edu.my/index.php/informasi/peraturan-akademik
drop sbjct how?,add_drop_course,Students may add or drop courses during the allowed add and drop period according to academic regulations.,Pelajar boleh menambah atau menggugurkan kursus semasa tempoh tambah dan gugur mengikut peraturan akademik.,https://ppa.uthm.edu.my/index.php/informasi/peraturan-akademik
add sbjct where?,add_drop_course,Students may add or drop courses during the allowed add and drop period according to academic regulations.,Pelajar boleh menambah atau menggugurkan kursus semasa tempoh tambah dan gugur mengikut peraturan akademik.,https://ppa.uthm.edu.my/index.php/informasi/peraturan-akademik
nk buang subject dari smap,add_drop_course,Students may add or drop courses during the allowed add and drop period according to academic regulations.,Pelajar boleh menambah atau menggugurkan kursus semasa tempoh tambah dan gugur mengikut peraturan akademik.,https://ppa.uthm.edu.my/index.php/informasi/peraturan-akademik
how to remove kursus?,add_drop_course,Students may add or drop courses during the allowed add and drop period according to academic regulations.,Pelajar boleh menambah atau menggugurkan kursus semasa tempoh tambah dan gugur mengikut peraturan akademik.,https://ppa.uthm.edu.my/index.php/informasi/peraturan-akademik
add drop period bila?,add_drop_period,Students may add or drop courses during the official add/drop period.,Pelajar boleh menambah atau menggugurkan kursus semasa tempoh tambah/gugur rasmi.,https://ppa.uthm.edu.my/index.php/informasi/peraturan-akademik
bila tempoh add drop?,add_drop_period,Students may add or drop courses during the official add/drop period.,Pelajar boleh menambah atau menggugurkan kursus semasa tempoh tambah/gugur rasmi.,https://ppa.uthm.edu.my/index.php/informasi/peraturan-akademik
when add/drop kursus?,add_drop_period,Students may add or drop courses during the official add/drop period.,Pelajar boleh menambah atau menggugurkan kursus semasa tempoh tambah/gugur rasmi.,https://ppa.uthm.edu.my/index.php/informasi/peraturan-akademik
add drop date utk subjek?,add_drop_period,Students may add or drop courses during the official add/drop period.,Pelajar boleh menambah atau menggugurkan kursus semasa tempoh tambah/gugur rasmi.,https://ppa.uthm.edu.my/index.php/informasi/peraturan-akademik
tempoh tambah gugur subject?,add_drop_period,Students may add or drop courses during the official add/drop period.,Pelajar boleh menambah atau menggugurkan kursus semasa tempoh tambah/gugur rasmi.,https://ppa.uthm.edu.my/index.php/informasi/peraturan-akademik
deadline drop subjek bila?,add_drop_period,Students may add or drop courses during the official add/drop period.,Pelajar boleh menambah atau menggugurkan kursus semasa tempoh tambah/gugur rasmi.,https://ppa.uthm.edu.my/index.php/informasi/peraturan-akademik
last date add kursus?,add_drop_period,Students may add or drop courses during the official add/drop period.,Pelajar boleh menambah atau menggugurkan kursus semasa tempoh tambah/gugur rasmi.,https://ppa.uthm.edu.my/index.php/informasi/peraturan-akademik
period utk gugur subjek?,add_drop_period,Students may add or drop courses during the official add/drop period.,Pelajar boleh menambah atau menggugurkan kursus semasa tempoh tambah/gugur rasmi.,https://ppa.uthm.edu.my/index.php/informasi/peraturan-akademik
academic calendar utk semester ni?,academic_calendar,"The PPA Academic Calendar page provides the 2026/2027 Academic Calendar for Diploma and Bachelor programmes in Malay and English, archived calendars, and Senate/JPA/academic meeting calendars.","Halaman Kalendar Akademik PPA menyediakan Kalendar Akademik Sesi 2026/2027 untuk program Diploma dan Sarjana Muda dalam Bahasa Melayu dan English, arkib kalendar serta takwim mesyuarat Senat, JPA dan akademik.",https://amo.uthm.edu.my/index.php/component/content/article/kalendar-akademik-dan-jadual-kerja-pelajar?catid=2
kalendar akademik mana?,academic_calendar,"The PPA Academic Calendar page provides the 2026/2027 Academic Calendar for Diploma and Bachelor programmes in Malay and English, archived calendars, and Senate/JPA/academic meeting calendars.","Halaman Kalendar Akademik PPA menyediakan Kalendar Akademik Sesi 2026/2027 untuk program Diploma dan Sarjana Muda dalam Bahasa Melayu dan English, arkib kalendar serta takwim mesyuarat Senat, JPA dan akademik.",https://amo.uthm.edu.my/index.php/component/content/article/kalendar-akademik-dan-jadual-kerja-pelajar?catid=2
where to check kalendar akademik?,academic_calendar,"The PPA Academic Calendar page provides the 2026/2027 Academic Calendar for Diploma and Bachelor programmes in Malay and English, archived calendars, and Senate/JPA/academic meeting calendars.","Halaman Kalendar Akademik PPA menyediakan Kalendar Akademik Sesi 2026/2027 untuk program Diploma dan Sarjana Muda dalam Bahasa Melayu dan English, arkib kalendar serta takwim mesyuarat Senat, JPA dan akademik.",https://amo.uthm.edu.my/index.php/component/content/article/kalendar-akademik-dan-jadual-kerja-pelajar?catid=2
semester start bila?,academic_calendar,"The PPA Academic Calendar page provides the 2026/2027 Academic Calendar for Diploma and Bachelor programmes in Malay and English, archived calendars, and Senate/JPA/academic meeting calendars.","Halaman Kalendar Akademik PPA menyediakan Kalendar Akademik Sesi 2026/2027 untuk program Diploma dan Sarjana Muda dalam Bahasa Melayu dan English, arkib kalendar serta takwim mesyuarat Senat, JPA dan akademik.",https://amo.uthm.edu.my/index.php/component/content/article/kalendar-akademik-dan-jadual-kerja-pelajar?catid=2
semester end bila?,academic_calendar,"The PPA Academic Calendar page provides the 2026/2027 Academic Calendar for Diploma and Bachelor programmes in Malay and English, archived calendars, and Senate/JPA/academic meeting calendars.","Halaman Kalendar Akademik PPA menyediakan Kalendar Akademik Sesi 2026/2027 untuk program Diploma dan Sarjana Muda dalam Bahasa Melayu dan English, arkib kalendar serta takwim mesyuarat Senat, JPA dan akademik.",https://amo.uthm.edu.my/index.php/component/content/article/kalendar-akademik-dan-jadual-kerja-pelajar?catid=2
when semester mula?,academic_calendar,"The PPA Academic Calendar page provides the 2026/2027 Academic Calendar for Diploma and Bachelor programmes in Malay and English, archived calendars, and Senate/JPA/academic meeting calendars.","Halaman Kalendar Akademik PPA menyediakan Kalendar Akademik Sesi 2026/2027 untuk program Diploma dan Sarjana Muda dalam Bahasa Melayu dan English, arkib kalendar serta takwim mesyuarat Senat, JPA dan akademik.",https://amo.uthm.edu.my/index.php/component/content/article/kalendar-akademik-dan-jadual-kerja-pelajar?catid=2
tarikh cuti semester?,academic_calendar,"The PPA Academic Calendar page provides the 2026/2027 Academic Calendar for Diploma and Bachelor programmes in Malay and English, archived calendars, and Senate/JPA/academic meeting calendars.","Halaman Kalendar Akademik PPA menyediakan Kalendar Akademik Sesi 2026/2027 untuk program Diploma dan Sarjana Muda dalam Bahasa Melayu dan English, arkib kalendar serta takwim mesyuarat Senat, JPA dan akademik.",https://amo.uthm.edu.my/index.php/component/content/article/kalendar-akademik-dan-jadual-kerja-pelajar?catid=2
when is sem break?,academic_calendar,"The PPA Academic Calendar page provides the 2026/2027 Academic Calendar for Diploma and Bachelor programmes in Malay and English, archived calendars, and Senate/JPA/academic meeting calendars.","Halaman Kalendar Akademik PPA menyediakan Kalendar Akademik Sesi 2026/2027 untuk program Diploma dan Sarjana Muda dalam Bahasa Melayu dan English, arkib kalendar serta takwim mesyuarat Senat, JPA dan akademik.",https://amo.uthm.edu.my/index.php/component/content/article/kalendar-akademik-dan-jadual-kerja-pelajar?catid=2
jadual akademik ada mana?,academic_calendar,"The PPA Academic Calendar page provides the 2026/2027 Academic Calendar for Diploma and Bachelor programmes in Malay and English, archived calendars, and Senate/JPA/academic meeting calendars.","Halaman Kalendar Akademik PPA menyediakan Kalendar Akademik Sesi 2026/2027 untuk program Diploma dan Sarjana Muda dalam Bahasa Melayu dan English, arkib kalendar serta takwim mesyuarat Senat, JPA dan akademik.",https://amo.uthm.edu.my/index.php/component/content/article/kalendar-akademik-dan-jadual-kerja-pelajar?catid=2
calendar akademik link?,academic_calendar,"The PPA Academic Calendar page provides the 2026/2027 Academic Calendar for Diploma and Bachelor programmes in Malay and English, archived calendars, and Senate/JPA/academic meeting calendars.","Halaman Kalendar Akademik PPA menyediakan Kalendar Akademik Sesi 2026/2027 untuk program Diploma dan Sarjana Muda dalam Bahasa Melayu dan English, arkib kalendar serta takwim mesyuarat Senat, JPA dan akademik.",https://amo.uthm.edu.my/index.php/component/content/article/kalendar-akademik-dan-jadual-kerja-pelajar?catid=2
academic kalendar link pls,academic_calendar,"The PPA Academic Calendar page provides the 2026/2027 Academic Calendar for Diploma and Bachelor programmes in Malay and English, archived calendars, and Senate/JPA/academic meeting calendars.","Halaman Kalendar Akademik PPA menyediakan Kalendar Akademik Sesi 2026/2027 untuk program Diploma dan Sarjana Muda dalam Bahasa Melayu dan English, arkib kalendar serta takwim mesyuarat Senat, JPA dan akademik.",https://amo.uthm.edu.my/index.php/component/content/article/kalendar-akademik-dan-jadual-kerja-pelajar?catid=2
bila kuliah start?,academic_calendar,"The PPA Academic Calendar page provides the 2026/2027 Academic Calendar for Diploma and Bachelor programmes in Malay and English, archived calendars, and Senate/JPA/academic meeting calendars.","Halaman Kalendar Akademik PPA menyediakan Kalendar Akademik Sesi 2026/2027 untuk program Diploma dan Sarjana Muda dalam Bahasa Melayu dan English, arkib kalendar serta takwim mesyuarat Senat, JPA dan akademik.",https://amo.uthm.edu.my/index.php/component/content/article/kalendar-akademik-dan-jadual-kerja-pelajar?catid=2
exam week bila?,exam_week,Students can refer to the academic calendar for examination week dates.,Pelajar boleh merujuk kalendar akademik untuk tarikh minggu peperiksaan.,https://amo.uthm.edu.my/index.php/informasi/kalendar-akademik
minggu exam date?,exam_week,Students can refer to the academic calendar for examination week dates.,Pelajar boleh merujuk kalendar akademik untuk tarikh minggu peperiksaan.,https://amo.uthm.edu.my/index.php/informasi/kalendar-akademik
when minggu peperiksaan?,exam_week,Students can refer to the academic calendar for examination week dates.,Pelajar boleh merujuk kalendar akademik untuk tarikh minggu peperiksaan.,https://amo.uthm.edu.my/index.php/informasi/kalendar-akademik
final exam week bila?,exam_week,Students can refer to the academic calendar for examination week dates.,Pelajar boleh merujuk kalendar akademik untuk tarikh minggu peperiksaan.,https://amo.uthm.edu.my/index.php/informasi/kalendar-akademik
jadual minggu exam?,exam_week,Students can refer to the academic calendar for examination week dates.,Pelajar boleh merujuk kalendar akademik untuk tarikh minggu peperiksaan.,https://amo.uthm.edu.my/index.php/informasi/kalendar-akademik
examination week utk semester?,exam_week,Students can refer to the academic calendar for examination week dates.,Pelajar boleh merujuk kalendar akademik untuk tarikh minggu peperiksaan.,https://amo.uthm.edu.my/index.php/informasi/kalendar-akademik
bila start minggu peperiksaan?,exam_week,Students can refer to the academic calendar for examination week dates.,Pelajar boleh merujuk kalendar akademik untuk tarikh minggu peperiksaan.,https://amo.uthm.edu.my/index.php/informasi/kalendar-akademik
exam period dalam calendar?,exam_week,Students can refer to the academic calendar for examination week dates.,Pelajar boleh merujuk kalendar akademik untuk tarikh minggu peperiksaan.,https://amo.uthm.edu.my/index.php/informasi/kalendar-akademik
jadual final exam mana?,final_exam,"PPA publishes final examination notices, draft and official timetables by course code and date, amendments, invigilator schedules, and examination hall seating information.","PPA memaparkan notis peperiksaan akhir, draf dan jadual rasmi mengikut kod kursus serta tarikh, pindaan jadual, jadual pengawas dan maklumat kedudukan meja dewan peperiksaan.",https://ppa.uthm.edu.my/index.php/informasi/peperiksaan/peperiksaan-akhir
where to check jadual exam?,final_exam,"PPA publishes final examination notices, draft and official timetables by course code and date, amendments, invigilator schedules, and examination hall seating information.","PPA memaparkan notis peperiksaan akhir, draf dan jadual rasmi mengikut kod kursus serta tarikh, pindaan jadual, jadual pengawas dan maklumat kedudukan meja dewan peperiksaan.",https://ppa.uthm.edu.my/index.php/informasi/peperiksaan/peperiksaan-akhir
exam timetable link?,final_exam,"PPA publishes final examination notices, draft and official timetables by course code and date, amendments, invigilator schedules, and examination hall seating information.","PPA memaparkan notis peperiksaan akhir, draf dan jadual rasmi mengikut kod kursus serta tarikh, pindaan jadual, jadual pengawas dan maklumat kedudukan meja dewan peperiksaan.",https://ppa.uthm.edu.my/index.php/informasi/peperiksaan/peperiksaan-akhir
final timetable keluar bila?,final_exam,"PPA publishes final examination notices, draft and official timetables by course code and date, amendments, invigilator schedules, and examination hall seating information.","PPA memaparkan notis peperiksaan akhir, draf dan jadual rasmi mengikut kod kursus serta tarikh, pindaan jadual, jadual pengawas dan maklumat kedudukan meja dewan peperiksaan.",https://ppa.uthm.edu.my/index.php/informasi/peperiksaan/peperiksaan-akhir
how to semak exam timetable?,final_exam,"PPA publishes final examination notices, draft and official timetables by course code and date, amendments, invigilator schedules, and examination hall seating information.","PPA memaparkan notis peperiksaan akhir, draf dan jadual rasmi mengikut kod kursus serta tarikh, pindaan jadual, jadual pengawas dan maklumat kedudukan meja dewan peperiksaan.",https://ppa.uthm.edu.my/index.php/informasi/peperiksaan/peperiksaan-akhir
peperiksaan akhir schedule?,final_exam,"PPA publishes final examination notices, draft and official timetables by course code and date, amendments, invigilator schedules, and examination hall seating information.","PPA memaparkan notis peperiksaan akhir, draf dan jadual rasmi mengikut kod kursus serta tarikh, pindaan jadual, jadual pengawas dan maklumat kedudukan meja dewan peperiksaan.",https://ppa.uthm.edu.my/index.php/informasi/peperiksaan/peperiksaan-akhir
where final examination info?,final_exam,"PPA publishes final examination notices, draft and official timetables by course code and date, amendments, invigilator schedules, and examination hall seating information.","PPA memaparkan notis peperiksaan akhir, draf dan jadual rasmi mengikut kod kursus serta tarikh, pindaan jadual, jadual pengawas dan maklumat kedudukan meja dewan peperiksaan.",https://ppa.uthm.edu.my/index.php/informasi/peperiksaan/peperiksaan-akhir
nak tengok jadual peperiksaan,final_exam,"PPA publishes final examination notices, draft and official timetables by course code and date, amendments, invigilator schedules, and examination hall seating information.","PPA memaparkan notis peperiksaan akhir, draf dan jadual rasmi mengikut kod kursus serta tarikh, pindaan jadual, jadual pengawas dan maklumat kedudukan meja dewan peperiksaan.",https://ppa.uthm.edu.my/index.php/informasi/peperiksaan/peperiksaan-akhir
exam schedule kat mana?,final_exam,"PPA publishes final examination notices, draft and official timetables by course code and date, amendments, invigilator schedules, and examination hall seating information.","PPA memaparkan notis peperiksaan akhir, draf dan jadual rasmi mengikut kod kursus serta tarikh, pindaan jadual, jadual pengawas dan maklumat kedudukan meja dewan peperiksaan.",https://ppa.uthm.edu.my/index.php/informasi/peperiksaan/peperiksaan-akhir
how to check jadual peperiksaan?,final_exam,"PPA publishes final examination notices, draft and official timetables by course code and date, amendments, invigilator schedules, and examination hall seating information.","PPA memaparkan notis peperiksaan akhir, draf dan jadual rasmi mengikut kod kursus serta tarikh, pindaan jadual, jadual pengawas dan maklumat kedudukan meja dewan peperiksaan.",https://ppa.uthm.edu.my/index.php/informasi/peperiksaan/peperiksaan-akhir
apa beza gpa cgpa?,cgpa_gpa,Students can refer to the Academic Regulations or student system for GPA and CGPA information.,Pelajar boleh merujuk Peraturan Akademik atau sistem pelajar untuk maklumat GPA dan CGPA.,https://ppa.uthm.edu.my/index.php/informasi/peraturan-akademik
what is gpa cgpa?,cgpa_gpa,Students can refer to the Academic Regulations or student system for GPA and CGPA information.,Pelajar boleh merujuk Peraturan Akademik atau sistem pelajar untuk maklumat GPA dan CGPA.,https://ppa.uthm.edu.my/index.php/informasi/peraturan-akademik
gpa tu apa?,cgpa_gpa,Students can refer to the Academic Regulations or student system for GPA and CGPA information.,Pelajar boleh merujuk Peraturan Akademik atau sistem pelajar untuk maklumat GPA dan CGPA.,https://ppa.uthm.edu.my/index.php/informasi/peraturan-akademik
cgpa tu apa?,cgpa_gpa,Students can refer to the Academic Regulations or student system for GPA and CGPA information.,Pelajar boleh merujuk Peraturan Akademik atau sistem pelajar untuk maklumat GPA dan CGPA.,https://ppa.uthm.edu.my/index.php/informasi/peraturan-akademik
how calculate gpa?,cgpa_gpa,Students can refer to the Academic Regulations or student system for GPA and CGPA information.,Pelajar boleh merujuk Peraturan Akademik atau sistem pelajar untuk maklumat GPA dan CGPA.,https://ppa.uthm.edu.my/index.php/informasi/peraturan-akademik
how calculate cgpa?,cgpa_gpa,Students can refer to the Academic Regulations or student system for GPA and CGPA information.,Pelajar boleh merujuk Peraturan Akademik atau sistem pelajar untuk maklumat GPA dan CGPA.,https://ppa.uthm.edu.my/index.php/informasi/peraturan-akademik
cara kira gpa?,cgpa_gpa,Students can refer to the Academic Regulations or student system for GPA and CGPA information.,Pelajar boleh merujuk Peraturan Akademik atau sistem pelajar untuk maklumat GPA dan CGPA.,https://ppa.uthm.edu.my/index.php/informasi/peraturan-akademik
cara kira cgpa?,cgpa_gpa,Students can refer to the Academic Regulations or student system for GPA and CGPA information.,Pelajar boleh merujuk Peraturan Akademik atau sistem pelajar untuk maklumat GPA dan CGPA.,https://ppa.uthm.edu.my/index.php/informasi/peraturan-akademik
where check gpa cgpa?,cgpa_gpa,Students can refer to the Academic Regulations or student system for GPA and CGPA information.,Pelajar boleh merujuk Peraturan Akademik atau sistem pelajar untuk maklumat GPA dan CGPA.,https://ppa.uthm.edu.my/index.php/informasi/peraturan-akademik
nak semak gpa kat mana?,cgpa_gpa,Students can refer to the Academic Regulations or student system for GPA and CGPA information.,Pelajar boleh merujuk Peraturan Akademik atau sistem pelajar untuk maklumat GPA dan CGPA.,https://ppa.uthm.edu.my/index.php/informasi/peraturan-akademik
gpa rendah maksud apa?,cgpa_gpa,Students can refer to the Academic Regulations or student system for GPA and CGPA information.,Pelajar boleh merujuk Peraturan Akademik atau sistem pelajar untuk maklumat GPA dan CGPA.,https://ppa.uthm.edu.my/index.php/informasi/peraturan-akademik
cgpa low kena apa?,cgpa_gpa,Students can refer to the Academic Regulations or student system for GPA and CGPA information.,Pelajar boleh merujuk Peraturan Akademik atau sistem pelajar untuk maklumat GPA dan CGPA.,https://ppa.uthm.edu.my/index.php/informasi/peraturan-akademik
status akademik tu apa?,academic_status,Academic status is determined based on the student academic performance.,Status akademik ditentukan berdasarkan prestasi akademik pelajar.,https://ppa.uthm.edu.my/index.php/informasi/peraturan-akademik
academic status maksud?,academic_status,Academic status is determined based on the student academic performance.,Status akademik ditentukan berdasarkan prestasi akademik pelajar.,https://ppa.uthm.edu.my/index.php/informasi/peraturan-akademik
how know academic status?,academic_status,Academic status is determined based on the student academic performance.,Status akademik ditentukan berdasarkan prestasi akademik pelajar.,https://ppa.uthm.edu.my/index.php/informasi/peraturan-akademik
where check status akademik?,academic_status,Academic status is determined based on the student academic performance.,Status akademik ditentukan berdasarkan prestasi akademik pelajar.,https://ppa.uthm.edu.my/index.php/informasi/peraturan-akademik
status student academic kat mana?,academic_status,Academic status is determined based on the student academic performance.,Status akademik ditentukan berdasarkan prestasi akademik pelajar.,https://ppa.uthm.edu.my/index.php/informasi/peraturan-akademik
apa maksud kedudukan akademik?,academic_status,Academic status is determined based on the student academic performance.,Status akademik ditentukan berdasarkan prestasi akademik pelajar.,https://ppa.uthm.edu.my/index.php/informasi/peraturan-akademik
probation akademik tu apa?,academic_probation,Academic probation refers to a student academic status when performance falls below university requirements.,Percubaan akademik merujuk kepada status pelajar apabila prestasi akademik berada di bawah syarat universiti.,https://ppa.uthm.edu.my/index.php/informasi/peraturan-akademik
kena probation sebab gpa?,academic_probation,Academic probation refers to a student academic status when performance falls below university requirements.,Percubaan akademik merujuk kepada status pelajar apabila prestasi akademik berada di bawah syarat universiti.,https://ppa.uthm.edu.my/index.php/informasi/peraturan-akademik
academic probation maksud?,academic_probation,Academic probation refers to a student academic status when performance falls below university requirements.,Percubaan akademik merujuk kepada status pelajar apabila prestasi akademik berada di bawah syarat universiti.,https://ppa.uthm.edu.my/index.php/informasi/peraturan-akademik
what happen if kena probation?,academic_probation,Academic probation refers to a student academic status when performance falls below university requirements.,Percubaan akademik merujuk kepada status pelajar apabila prestasi akademik berada di bawah syarat universiti.,https://ppa.uthm.edu.my/index.php/informasi/peraturan-akademik
percubaan akademik meaning?,academic_probation,Academic probation refers to a student academic status when performance falls below university requirements.,Percubaan akademik merujuk kepada status pelajar apabila prestasi akademik berada di bawah syarat universiti.,https://ppa.uthm.edu.my/index.php/informasi/peraturan-akademik
gpa low jadi probation?,academic_probation,Academic probation refers to a student academic status when performance falls below university requirements.,Percubaan akademik merujuk kepada status pelajar apabila prestasi akademik berada di bawah syarat universiti.,https://ppa.uthm.edu.my/index.php/informasi/peraturan-akademik
peraturan akademik link?,academic_regulation,"PPA provides the Academic Regulations for Bachelor Degree and Diploma Programmes, 8th Edition, and UTHM Credit Transfer Guidelines, effective from Semester I Session 2021/2022.",PPA menyediakan Peraturan Akademik Program Sarjana Muda dan Diploma Edisi Ke-8 serta Garis Panduan Pindah Kredit UTHM yang berkuat kuasa mulai Semester I Sesi 2021/2022.,https://ppa.uthm.edu.my/index.php/informasi/peraturan-akademik
where read peraturan akademik?,academic_regulation,"PPA provides the Academic Regulations for Bachelor Degree and Diploma Programmes, 8th Edition, and UTHM Credit Transfer Guidelines, effective from Semester I Session 2021/2022.",PPA menyediakan Peraturan Akademik Program Sarjana Muda dan Diploma Edisi Ke-8 serta Garis Panduan Pindah Kredit UTHM yang berkuat kuasa mulai Semester I Sesi 2021/2022.,https://ppa.uthm.edu.my/index.php/informasi/peraturan-akademik
academic rules link?,academic_regulation,"PPA provides the Academic Regulations for Bachelor Degree and Diploma Programmes, 8th Edition, and UTHM Credit Transfer Guidelines, effective from Semester I Session 2021/2022.",PPA menyediakan Peraturan Akademik Program Sarjana Muda dan Diploma Edisi Ke-8 serta Garis Panduan Pindah Kredit UTHM yang berkuat kuasa mulai Semester I Sesi 2021/2022.,https://ppa.uthm.edu.my/index.php/informasi/peraturan-akademik
dokumen academic regulation mana?,academic_regulation,"PPA provides the Academic Regulations for Bachelor Degree and Diploma Programmes, 8th Edition, and UTHM Credit Transfer Guidelines, effective from Semester I Session 2021/2022.",PPA menyediakan Peraturan Akademik Program Sarjana Muda dan Diploma Edisi Ke-8 serta Garis Panduan Pindah Kredit UTHM yang berkuat kuasa mulai Semester I Sesi 2021/2022.,https://ppa.uthm.edu.my/index.php/informasi/peraturan-akademik
regulation akademik utk exam?,academic_regulation,"PPA provides the Academic Regulations for Bachelor Degree and Diploma Programmes, 8th Edition, and UTHM Credit Transfer Guidelines, effective from Semester I Session 2021/2022.",PPA menyediakan Peraturan Akademik Program Sarjana Muda dan Diploma Edisi Ke-8 serta Garis Panduan Pindah Kredit UTHM yang berkuat kuasa mulai Semester I Sesi 2021/2022.,https://ppa.uthm.edu.my/index.php/informasi/peraturan-akademik
rules gpa cgpa mana?,academic_regulation,"PPA provides the Academic Regulations for Bachelor Degree and Diploma Programmes, 8th Edition, and UTHM Credit Transfer Guidelines, effective from Semester I Session 2021/2022.",PPA menyediakan Peraturan Akademik Program Sarjana Muda dan Diploma Edisi Ke-8 serta Garis Panduan Pindah Kredit UTHM yang berkuat kuasa mulai Semester I Sesi 2021/2022.,https://ppa.uthm.edu.my/index.php/informasi/peraturan-akademik
where can i get peraturan akademik?,academic_regulation,"PPA provides the Academic Regulations for Bachelor Degree and Diploma Programmes, 8th Edition, and UTHM Credit Transfer Guidelines, effective from Semester I Session 2021/2022.",PPA menyediakan Peraturan Akademik Program Sarjana Muda dan Diploma Edisi Ke-8 serta Garis Panduan Pindah Kredit UTHM yang berkuat kuasa mulai Semester I Sesi 2021/2022.,https://ppa.uthm.edu.my/index.php/informasi/peraturan-akademik
academic regulation pdf?,academic_regulation,"PPA provides the Academic Regulations for Bachelor Degree and Diploma Programmes, 8th Edition, and UTHM Credit Transfer Guidelines, effective from Semester I Session 2021/2022.",PPA menyediakan Peraturan Akademik Program Sarjana Muda dan Diploma Edisi Ke-8 serta Garis Panduan Pindah Kredit UTHM yang berkuat kuasa mulai Semester I Sesi 2021/2022.,https://ppa.uthm.edu.my/index.php/informasi/peraturan-akademik
mcm mnn nk mohon graduasi?,graduation,Students can refer to the official convocation website for graduation and convocation information.,Pelajar boleh merujuk laman web konvokesyen rasmi untuk maklumat graduasi dan konvokesyen.,https://convocation.uthm.edu.my/ms/
how to apply graduasi?,graduation,Students can refer to the official convocation website for graduation and convocation information.,Pelajar boleh merujuk laman web konvokesyen rasmi untuk maklumat graduasi dan konvokesyen.,https://convocation.uthm.edu.my/ms/
graduation info mana?,graduation,Students can refer to the official convocation website for graduation and convocation information.,Pelajar boleh merujuk laman web konvokesyen rasmi untuk maklumat graduasi dan konvokesyen.,https://convocation.uthm.edu.my/ms/
nak check graduation status,graduation,Students can refer to the official convocation website for graduation and convocation information.,Pelajar boleh merujuk laman web konvokesyen rasmi untuk maklumat graduasi dan konvokesyen.,https://convocation.uthm.edu.my/ms/
where check status graduasi?,graduation,Students can refer to the official convocation website for graduation and convocation information.,Pelajar boleh merujuk laman web konvokesyen rasmi untuk maklumat graduasi dan konvokesyen.,https://convocation.uthm.edu.my/ms/
bila boleh apply graduate?,graduation,Students can refer to the official convocation website for graduation and convocation information.,Pelajar boleh merujuk laman web konvokesyen rasmi untuk maklumat graduasi dan konvokesyen.,https://convocation.uthm.edu.my/ms/
cara mohon graduate?,graduation,Students can refer to the official convocation website for graduation and convocation information.,Pelajar boleh merujuk laman web konvokesyen rasmi untuk maklumat graduasi dan konvokesyen.,https://convocation.uthm.edu.my/ms/
graduation website link?,graduation,Students can refer to the official convocation website for graduation and convocation information.,Pelajar boleh merujuk laman web konvokesyen rasmi untuk maklumat graduasi dan konvokesyen.,https://convocation.uthm.edu.my/ms/
syarat graduation apa?,graduation_eligibility,Students who fulfil graduation requirements are eligible to graduate.,Pelajar yang memenuhi syarat graduasi layak untuk bergraduasi.,https://convocation.uthm.edu.my/ms/
who eligible graduasi?,graduation_eligibility,Students who fulfil graduation requirements are eligible to graduate.,Pelajar yang memenuhi syarat graduasi layak untuk bergraduasi.,https://convocation.uthm.edu.my/ms/
boleh graduate kalau cukup credit?,graduation_eligibility,Students who fulfil graduation requirements are eligible to graduate.,Pelajar yang memenuhi syarat graduasi layak untuk bergraduasi.,https://convocation.uthm.edu.my/ms/
graduation requirement apa?,graduation_eligibility,Students who fulfil graduation requirements are eligible to graduate.,Pelajar yang memenuhi syarat graduasi layak untuk bergraduasi.,https://convocation.uthm.edu.my/ms/
layak graduasi macam mana?,graduation_eligibility,Students who fulfil graduation requirements are eligible to graduate.,Pelajar yang memenuhi syarat graduasi layak untuk bergraduasi.,https://convocation.uthm.edu.my/ms/
eligibility graduate check?,graduation_eligibility,Students who fulfil graduation requirements are eligible to graduate.,Pelajar yang memenuhi syarat graduasi layak untuk bergraduasi.,https://convocation.uthm.edu.my/ms/
konvo bila?,convocation,Convocation information is available through the official convocation website.,Maklumat konvokesyen boleh didapati melalui laman web konvokesyen rasmi.,https://convocation.uthm.edu.my/ms/
convocation date bila?,convocation,Convocation information is available through the official convocation website.,Maklumat konvokesyen boleh didapati melalui laman web konvokesyen rasmi.,https://convocation.uthm.edu.my/ms/
where check konvokesyen?,convocation,Convocation information is available through the official convocation website.,Maklumat konvokesyen boleh didapati melalui laman web konvokesyen rasmi.,https://convocation.uthm.edu.my/ms/
convocation info link?,convocation,Convocation information is available through the official convocation website.,Maklumat konvokesyen boleh didapati melalui laman web konvokesyen rasmi.,https://convocation.uthm.edu.my/ms/
nak tahu tarikh konvo,convocation,Convocation information is available through the official convocation website.,Maklumat konvokesyen boleh didapati melalui laman web konvokesyen rasmi.,https://convocation.uthm.edu.my/ms/
konvokesyen website?,convocation,Convocation information is available through the official convocation website.,Maklumat konvokesyen boleh didapati melalui laman web konvokesyen rasmi.,https://convocation.uthm.edu.my/ms/
mcm mnn nk bayar yuran?,fee_payment,Students can refer to the official tuition fee payment information.,Pelajar boleh merujuk maklumat rasmi pembayaran yuran pengajian.,https://io.uthm.edu.my/admission/tuition-fees
how to pay yuran?,fee_payment,Students can refer to the official tuition fee payment information.,Pelajar boleh merujuk maklumat rasmi pembayaran yuran pengajian.,https://io.uthm.edu.my/admission/tuition-fees
fee payment macam mana?,fee_payment,Students can refer to the official tuition fee payment information.,Pelajar boleh merujuk maklumat rasmi pembayaran yuran pengajian.,https://io.uthm.edu.my/admission/tuition-fees
where check yuran?,fee_payment,Students can refer to the official tuition fee payment information.,Pelajar boleh merujuk maklumat rasmi pembayaran yuran pengajian.,https://io.uthm.edu.my/admission/tuition-fees
tuition fee link?,fee_payment,Students can refer to the official tuition fee payment information.,Pelajar boleh merujuk maklumat rasmi pembayaran yuran pengajian.,https://io.uthm.edu.my/admission/tuition-fees
can pay yuran online?,fee_payment,Students can refer to the official tuition fee payment information.,Pelajar boleh merujuk maklumat rasmi pembayaran yuran pengajian.,https://io.uthm.edu.my/admission/tuition-fees
cara bayar fees?,fee_payment,Students can refer to the official tuition fee payment information.,Pelajar boleh merujuk maklumat rasmi pembayaran yuran pengajian.,https://io.uthm.edu.my/admission/tuition-fees
nak semak bil yuran,fee_payment,Students can refer to the official tuition fee payment information.,Pelajar boleh merujuk maklumat rasmi pembayaran yuran pengajian.,https://io.uthm.edu.my/admission/tuition-fees
fee statement kat mana?,fee_payment,Students can refer to the official tuition fee payment information.,Pelajar boleh merujuk maklumat rasmi pembayaran yuran pengajian.,https://io.uthm.edu.my/admission/tuition-fees
deadline bayar yuran bila?,fee_payment,Students can refer to the official tuition fee payment information.,Pelajar boleh merujuk maklumat rasmi pembayaran yuran pengajian.,https://io.uthm.edu.my/admission/tuition-fees
payment yuran method?,fee_payment,Students can refer to the official tuition fee payment information.,Pelajar boleh merujuk maklumat rasmi pembayaran yuran pengajian.,https://io.uthm.edu.my/admission/tuition-fees
how to view yuran statement?,fee_payment,Students can refer to the official tuition fee payment information.,Pelajar boleh merujuk maklumat rasmi pembayaran yuran pengajian.,https://io.uthm.edu.my/admission/tuition-fees
contact ppa macam mana?,contact_ppa,"PPA UTHM can be contacted at +607-4537696, fax +607-4536085, or email ppa@uthm.edu.my. Address: Pejabat Pengurusan Akademik, Universiti Tun Hussein Onn Malaysia, 86400 Parit Raja, Batu Pahat, Johor.","PPA UTHM boleh dihubungi melalui talian +607-4537696, faks +607-4536085, atau e-mel ppa@uthm.edu.my. Alamat: Pejabat Pengurusan Akademik, Universiti Tun Hussein Onn Malaysia, 86400 Parit Raja, Batu Pahat, Johor.",https://ppa.uthm.edu.my/index.php/pautan/faq/faq-lain-lain
ppa phone number?,contact_ppa,"PPA UTHM can be contacted at +607-4537696, fax +607-4536085, or email ppa@uthm.edu.my. Address: Pejabat Pengurusan Akademik, Universiti Tun Hussein Onn Malaysia, 86400 Parit Raja, Batu Pahat, Johor.","PPA UTHM boleh dihubungi melalui talian +607-4537696, faks +607-4536085, atau e-mel ppa@uthm.edu.my. Alamat: Pejabat Pengurusan Akademik, Universiti Tun Hussein Onn Malaysia, 86400 Parit Raja, Batu Pahat, Johor.",https://ppa.uthm.edu.my/index.php/pautan/faq/faq-lain-lain
email ppa apa?,contact_ppa,"PPA UTHM can be contacted at +607-4537696, fax +607-4536085, or email ppa@uthm.edu.my. Address: Pejabat Pengurusan Akademik, Universiti Tun Hussein Onn Malaysia, 86400 Parit Raja, Batu Pahat, Johor.","PPA UTHM boleh dihubungi melalui talian +607-4537696, faks +607-4536085, atau e-mel ppa@uthm.edu.my. Alamat: Pejabat Pengurusan Akademik, Universiti Tun Hussein Onn Malaysia, 86400 Parit Raja, Batu Pahat, Johor.",https://ppa.uthm.edu.my/index.php/pautan/faq/faq-lain-lain
where is pejabat ppa?,contact_ppa,"PPA UTHM can be contacted at +607-4537696, fax +607-4536085, or email ppa@uthm.edu.my. Address: Pejabat Pengurusan Akademik, Universiti Tun Hussein Onn Malaysia, 86400 Parit Raja, Batu Pahat, Johor.","PPA UTHM boleh dihubungi melalui talian +607-4537696, faks +607-4536085, atau e-mel ppa@uthm.edu.my. Alamat: Pejabat Pengurusan Akademik, Universiti Tun Hussein Onn Malaysia, 86400 Parit Raja, Batu Pahat, Johor.",https://ppa.uthm.edu.my/index.php/pautan/faq/faq-lain-lain
nak hubungi ppa,contact_ppa,"PPA UTHM can be contacted at +607-4537696, fax +607-4536085, or email ppa@uthm.edu.my. Address: Pejabat Pengurusan Akademik, Universiti Tun Hussein Onn Malaysia, 86400 Parit Raja, Batu Pahat, Johor.","PPA UTHM boleh dihubungi melalui talian +607-4537696, faks +607-4536085, atau e-mel ppa@uthm.edu.my. Alamat: Pejabat Pengurusan Akademik, Universiti Tun Hussein Onn Malaysia, 86400 Parit Raja, Batu Pahat, Johor.",https://ppa.uthm.edu.my/index.php/pautan/faq/faq-lain-lain
nombor ppa berapa?,contact_ppa,"PPA UTHM can be contacted at +607-4537696, fax +607-4536085, or email ppa@uthm.edu.my. Address: Pejabat Pengurusan Akademik, Universiti Tun Hussein Onn Malaysia, 86400 Parit Raja, Batu Pahat, Johor.","PPA UTHM boleh dihubungi melalui talian +607-4537696, faks +607-4536085, atau e-mel ppa@uthm.edu.my. Alamat: Pejabat Pengurusan Akademik, Universiti Tun Hussein Onn Malaysia, 86400 Parit Raja, Batu Pahat, Johor.",https://ppa.uthm.edu.my/index.php/pautan/faq/faq-lain-lain
how to contact pejabat akademik?,contact_ppa,"PPA UTHM can be contacted at +607-4537696, fax +607-4536085, or email ppa@uthm.edu.my. Address: Pejabat Pengurusan Akademik, Universiti Tun Hussein Onn Malaysia, 86400 Parit Raja, Batu Pahat, Johor.","PPA UTHM boleh dihubungi melalui talian +607-4537696, faks +607-4536085, atau e-mel ppa@uthm.edu.my. Alamat: Pejabat Pengurusan Akademik, Universiti Tun Hussein Onn Malaysia, 86400 Parit Raja, Batu Pahat, Johor.",https://ppa.uthm.edu.my/index.php/pautan/faq/faq-lain-lain
ppa contact link?,contact_ppa,"PPA UTHM can be contacted at +607-4537696, fax +607-4536085, or email ppa@uthm.edu.my. Address: Pejabat Pengurusan Akademik, Universiti Tun Hussein Onn Malaysia, 86400 Parit Raja, Batu Pahat, Johor.","PPA UTHM boleh dihubungi melalui talian +607-4537696, faks +607-4536085, atau e-mel ppa@uthm.edu.my. Alamat: Pejabat Pengurusan Akademik, Universiti Tun Hussein Onn Malaysia, 86400 Parit Raja, Batu Pahat, Johor.",https://ppa.uthm.edu.my/index.php/pautan/faq/faq-lain-lain
office ppa location?,contact_ppa,"PPA UTHM can be contacted at +607-4537696, fax +607-4536085, or email ppa@uthm.edu.my. Address: Pejabat Pengurusan Akademik, Universiti Tun Hussein Onn Malaysia, 86400 Parit Raja, Batu Pahat, Johor.","PPA UTHM boleh dihubungi melalui talian +607-4537696, faks +607-4536085, atau e-mel ppa@uthm.edu.my. Alamat: Pejabat Pengurusan Akademik, Universiti Tun Hussein Onn Malaysia, 86400 Parit Raja, Batu Pahat, Johor.",https://ppa.uthm.edu.my/index.php/pautan/faq/faq-lain-lain
can i email ppa?,contact_ppa,"PPA UTHM can be contacted at +607-4537696, fax +607-4536085, or email ppa@uthm.edu.my. Address: Pejabat Pengurusan Akademik, Universiti Tun Hussein Onn Malaysia, 86400 Parit Raja, Batu Pahat, Johor.","PPA UTHM boleh dihubungi melalui talian +607-4537696, faks +607-4536085, atau e-mel ppa@uthm.edu.my. Alamat: Pejabat Pengurusan Akademik, Universiti Tun Hussein Onn Malaysia, 86400 Parit Raja, Batu Pahat, Johor.",https://ppa.uthm.edu.my/index.php/pautan/faq/faq-lain-lain
smap login macam mana?,student_portal,"SMAP Online can be accessed at http://smap.uthm.edu.my. If you forget your SMAP password, contact PTM Careline at 07-4537295.","SMAP Online boleh diakses di http://smap.uthm.edu.my. Jika terlupa kata laluan SMAP, hubungi PTM Careline di 07-4537295.",https://ppa.uthm.edu.my/index.php/pautan/faq/faq-lain-lain
how to login smap?,student_portal,"SMAP Online can be accessed at http://smap.uthm.edu.my. If you forget your SMAP password, contact PTM Careline at 07-4537295.","SMAP Online boleh diakses di http://smap.uthm.edu.my. Jika terlupa kata laluan SMAP, hubungi PTM Careline di 07-4537295.",https://ppa.uthm.edu.my/index.php/pautan/faq/faq-lain-lain
student portal link?,student_portal,"SMAP Online can be accessed at http://smap.uthm.edu.my. If you forget your SMAP password, contact PTM Careline at 07-4537295.","SMAP Online boleh diakses di http://smap.uthm.edu.my. Jika terlupa kata laluan SMAP, hubungi PTM Careline di 07-4537295.",https://ppa.uthm.edu.my/index.php/pautan/faq/faq-lain-lain
portal pelajar mana?,student_portal,"SMAP Online can be accessed at http://smap.uthm.edu.my. If you forget your SMAP password, contact PTM Careline at 07-4537295.","SMAP Online boleh diakses di http://smap.uthm.edu.my. Jika terlupa kata laluan SMAP, hubungi PTM Careline di 07-4537295.",https://ppa.uthm.edu.my/index.php/pautan/faq/faq-lain-lain
forgot smap login?,student_portal,"SMAP Online can be accessed at http://smap.uthm.edu.my. If you forget your SMAP password, contact PTM Careline at 07-4537295.","SMAP Online boleh diakses di http://smap.uthm.edu.my. Jika terlupa kata laluan SMAP, hubungi PTM Careline di 07-4537295.",https://ppa.uthm.edu.my/index.php/pautan/faq/faq-lain-lain
where access smap?,student_portal,"SMAP Online can be accessed at http://smap.uthm.edu.my. If you forget your SMAP password, contact PTM Careline at 07-4537295.","SMAP Online boleh diakses di http://smap.uthm.edu.my. Jika terlupa kata laluan SMAP, hubungi PTM Careline di 07-4537295.",https://ppa.uthm.edu.my/index.php/pautan/faq/faq-lain-lain
smap tu apa?,student_portal,"SMAP Online can be accessed at http://smap.uthm.edu.my. If you forget your SMAP password, contact PTM Careline at 07-4537295.","SMAP Online boleh diakses di http://smap.uthm.edu.my. Jika terlupa kata laluan SMAP, hubungi PTM Careline di 07-4537295.",https://ppa.uthm.edu.my/index.php/pautan/faq/faq-lain-lain
student portal utk academic?,student_portal,"SMAP Online can be accessed at http://smap.uthm.edu.my. If you forget your SMAP password, contact PTM Careline at 07-4537295.","SMAP Online boleh diakses di http://smap.uthm.edu.my. Jika terlupa kata laluan SMAP, hubungi PTM Careline di 07-4537295.",https://ppa.uthm.edu.my/index.php/pautan/faq/faq-lain-lain
student bulletin mana?,student_bulletin,Students can access announcements through the SMAP student bulletin page.,Pelajar boleh melihat pengumuman melalui halaman buletin pelajar SMAP.,https://smap.uthm.edu.my/info/bulletin
where check announcement akademik?,student_bulletin,Students can access announcements through the SMAP student bulletin page.,Pelajar boleh melihat pengumuman melalui halaman buletin pelajar SMAP.,https://smap.uthm.edu.my/info/bulletin
smap bulletin link?,student_bulletin,Students can access announcements through the SMAP student bulletin page.,Pelajar boleh melihat pengumuman melalui halaman buletin pelajar SMAP.,https://smap.uthm.edu.my/info/bulletin
university notice kat mana?,student_bulletin,Students can access announcements through the SMAP student bulletin page.,Pelajar boleh melihat pengumuman melalui halaman buletin pelajar SMAP.,https://smap.uthm.edu.my/info/bulletin
pengumuman pelajar mana?,student_bulletin,Students can access announcements through the SMAP student bulletin page.,Pelajar boleh melihat pengumuman melalui halaman buletin pelajar SMAP.,https://smap.uthm.edu.my/info/bulletin
academic notice where?,student_bulletin,Students can access announcements through the SMAP student bulletin page.,Pelajar boleh melihat pengumuman melalui halaman buletin pelajar SMAP.,https://smap.uthm.edu.my/info/bulletin
where view makluman akademik?,student_bulletin,Students can access announcements through the SMAP student bulletin page.,Pelajar boleh melihat pengumuman melalui halaman buletin pelajar SMAP.,https://smap.uthm.edu.my/info/bulletin
bulletin student utk notice?,student_bulletin,Students can access announcements through the SMAP student bulletin page.,Pelajar boleh melihat pengumuman melalui halaman buletin pelajar SMAP.,https://smap.uthm.edu.my/info/bulletin
bit berapa tahun?,study_duration,The BIT programme normally takes 3 years and 6 semesters to complete.,Program BIT biasanya mengambil masa 3 tahun atau 6 semester untuk diselesaikan.,https://fsktm.uthm.edu.my
bit berapa semester?,study_duration,The BIT programme normally takes 3 years and 6 semesters to complete.,Program BIT biasanya mengambil masa 3 tahun atau 6 semester untuk diselesaikan.,https://fsktm.uthm.edu.my
how long bit programme?,study_duration,The BIT programme normally takes 3 years and 6 semesters to complete.,Program BIT biasanya mengambil masa 3 tahun atau 6 semester untuk diselesaikan.,https://fsktm.uthm.edu.my
tempoh study bit?,study_duration,The BIT programme normally takes 3 years and 6 semesters to complete.,Program BIT biasanya mengambil masa 3 tahun atau 6 semester untuk diselesaikan.,https://fsktm.uthm.edu.my
duration bit course?,study_duration,The BIT programme normally takes 3 years and 6 semesters to complete.,Program BIT biasanya mengambil masa 3 tahun atau 6 semester untuk diselesaikan.,https://fsktm.uthm.edu.my
berapa lama belajar bit?,study_duration,The BIT programme normally takes 3 years and 6 semesters to complete.,Program BIT biasanya mengambil masa 3 tahun atau 6 semester untuk diselesaikan.,https://fsktm.uthm.edu.my
bit study duration berapa?,study_duration,The BIT programme normally takes 3 years and 6 semesters to complete.,Program BIT biasanya mengambil masa 3 tahun atau 6 semester untuk diselesaikan.,https://fsktm.uthm.edu.my
program bit takes how many semester?,study_duration,The BIT programme normally takes 3 years and 6 semesters to complete.,Program BIT biasanya mengambil masa 3 tahun atau 6 semester untuk diselesaikan.,https://fsktm.uthm.edu.my
mcm mnn nk tangguh sem?,defer_semester,"Applications for deferment of study must use the Deferment of Study Form and be submitted to the Office of Academic Management for approval, except for deferment under Regulation 17(4).","Permohonan tangguh pengajian hendaklah menggunakan Borang Tangguh Pengajian dan dikemukakan kepada Pejabat Pengurusan Akademik untuk kelulusan, kecuali penangguhan di bawah Peraturan 17(4).",https://ppa.uthm.edu.my/index.php/pelajar/tangguh-pengajian
how to defer semester?,defer_semester,"Applications for deferment of study must use the Deferment of Study Form and be submitted to the Office of Academic Management for approval, except for deferment under Regulation 17(4).","Permohonan tangguh pengajian hendaklah menggunakan Borang Tangguh Pengajian dan dikemukakan kepada Pejabat Pengurusan Akademik untuk kelulusan, kecuali penangguhan di bawah Peraturan 17(4).",https://ppa.uthm.edu.my/index.php/pelajar/tangguh-pengajian
nak tangguh pengajian,defer_semester,"Applications for deferment of study must use the Deferment of Study Form and be submitted to the Office of Academic Management for approval, except for deferment under Regulation 17(4).","Permohonan tangguh pengajian hendaklah menggunakan Borang Tangguh Pengajian dan dikemukakan kepada Pejabat Pengurusan Akademik untuk kelulusan, kecuali penangguhan di bawah Peraturan 17(4).",https://ppa.uthm.edu.my/index.php/pelajar/tangguh-pengajian
semester deferment macam mana?,defer_semester,"Applications for deferment of study must use the Deferment of Study Form and be submitted to the Office of Academic Management for approval, except for deferment under Regulation 17(4).","Permohonan tangguh pengajian hendaklah menggunakan Borang Tangguh Pengajian dan dikemukakan kepada Pejabat Pengurusan Akademik untuk kelulusan, kecuali penangguhan di bawah Peraturan 17(4).",https://ppa.uthm.edu.my/index.php/pelajar/tangguh-pengajian
can postpone study?,defer_semester,"Applications for deferment of study must use the Deferment of Study Form and be submitted to the Office of Academic Management for approval, except for deferment under Regulation 17(4).","Permohonan tangguh pengajian hendaklah menggunakan Borang Tangguh Pengajian dan dikemukakan kepada Pejabat Pengurusan Akademik untuk kelulusan, kecuali penangguhan di bawah Peraturan 17(4).",https://ppa.uthm.edu.my/index.php/pelajar/tangguh-pengajian
cara apply defer sem?,defer_semester,"Applications for deferment of study must use the Deferment of Study Form and be submitted to the Office of Academic Management for approval, except for deferment under Regulation 17(4).","Permohonan tangguh pengajian hendaklah menggunakan Borang Tangguh Pengajian dan dikemukakan kepada Pejabat Pengurusan Akademik untuk kelulusan, kecuali penangguhan di bawah Peraturan 17(4).",https://ppa.uthm.edu.my/index.php/pelajar/tangguh-pengajian
tangguh semester rules?,defer_semester,"Applications for deferment of study must use the Deferment of Study Form and be submitted to the Office of Academic Management for approval, except for deferment under Regulation 17(4).","Permohonan tangguh pengajian hendaklah menggunakan Borang Tangguh Pengajian dan dikemukakan kepada Pejabat Pengurusan Akademik untuk kelulusan, kecuali penangguhan di bawah Peraturan 17(4).",https://ppa.uthm.edu.my/index.php/pelajar/tangguh-pengajian
where apply deferment?,defer_semester,"Applications for deferment of study must use the Deferment of Study Form and be submitted to the Office of Academic Management for approval, except for deferment under Regulation 17(4).","Permohonan tangguh pengajian hendaklah menggunakan Borang Tangguh Pengajian dan dikemukakan kepada Pejabat Pengurusan Akademik untuk kelulusan, kecuali penangguhan di bawah Peraturan 17(4).",https://ppa.uthm.edu.my/index.php/pelajar/tangguh-pengajian
Apakah program yang ditawarkan di UTHM?,faq_admission_programs,"UTHM offers programmes in engineering, engineering technology, computer science, technology management, science, and technical education.","UTHM menawarkan bidang kejuruteraan, teknologi kejuruteraan, sains komputer, pengurusan teknologi, sains dan program pendidikan teknikal.",https://ppa.uthm.edu.my/index.php/pautan/faq/pengambilan-dan-kemasukan
Program apa yang UTHM tawarkan?,faq_admission_programs,"UTHM offers programmes in engineering, engineering technology, computer science, technology management, science, and technical education.","UTHM menawarkan bidang kejuruteraan, teknologi kejuruteraan, sains komputer, pengurusan teknologi, sains dan program pendidikan teknikal.",https://ppa.uthm.edu.my/index.php/pautan/faq/pengambilan-dan-kemasukan
UTHM ada program apa?,faq_admission_programs,"UTHM offers programmes in engineering, engineering technology, computer science, technology management, science, and technical education.","UTHM menawarkan bidang kejuruteraan, teknologi kejuruteraan, sains komputer, pengurusan teknologi, sains dan program pendidikan teknikal.",https://ppa.uthm.edu.my/index.php/pautan/faq/pengambilan-dan-kemasukan
Bidang apa yang ditawarkan di UTHM?,faq_admission_programs,"UTHM offers programmes in engineering, engineering technology, computer science, technology management, science, and technical education.","UTHM menawarkan bidang kejuruteraan, teknologi kejuruteraan, sains komputer, pengurusan teknologi, sains dan program pendidikan teknikal.",https://ppa.uthm.edu.my/index.php/pautan/faq/pengambilan-dan-kemasukan
What programmes are offered at UTHM?,faq_admission_programs,"UTHM offers programmes in engineering, engineering technology, computer science, technology management, science, and technical education.","UTHM menawarkan bidang kejuruteraan, teknologi kejuruteraan, sains komputer, pengurusan teknologi, sains dan program pendidikan teknikal.",https://ppa.uthm.edu.my/index.php/pautan/faq/pengambilan-dan-kemasukan
What fields does UTHM offer?,faq_admission_programs,"UTHM offers programmes in engineering, engineering technology, computer science, technology management, science, and technical education.","UTHM menawarkan bidang kejuruteraan, teknologi kejuruteraan, sains komputer, pengurusan teknologi, sains dan program pendidikan teknikal.",https://ppa.uthm.edu.my/index.php/pautan/faq/pengambilan-dan-kemasukan
What courses are available at UTHM?,faq_admission_programs,"UTHM offers programmes in engineering, engineering technology, computer science, technology management, science, and technical education.","UTHM menawarkan bidang kejuruteraan, teknologi kejuruteraan, sains komputer, pengurusan teknologi, sains dan program pendidikan teknikal.",https://ppa.uthm.edu.my/index.php/pautan/faq/pengambilan-dan-kemasukan
uthm offer program apa?,faq_admission_programs,"UTHM offers programmes in engineering, engineering technology, computer science, technology management, science, and technical education.","UTHM menawarkan bidang kejuruteraan, teknologi kejuruteraan, sains komputer, pengurusan teknologi, sains dan program pendidikan teknikal.",https://ppa.uthm.edu.my/index.php/pautan/faq/pengambilan-dan-kemasukan
Bagaimana saya hendak memohon program UTHM?,faq_admission_application,"Applications to UTHM are coordinated under the Ministry of Higher Education. Candidates must apply through UPU Online, which is usually open from February to April each year.",Permohonan ke UTHM diselaraskan di bawah Kementerian Pengajian Tinggi. Calon perlu memohon melalui UPU Online yang biasanya dibuka pada Februari hingga April setiap tahun.,https://ppa.uthm.edu.my/index.php/pautan/faq/pengambilan-dan-kemasukan
Macam mana nak mohon program UTHM?,faq_admission_application,"Applications to UTHM are coordinated under the Ministry of Higher Education. Candidates must apply through UPU Online, which is usually open from February to April each year.",Permohonan ke UTHM diselaraskan di bawah Kementerian Pengajian Tinggi. Calon perlu memohon melalui UPU Online yang biasanya dibuka pada Februari hingga April setiap tahun.,https://ppa.uthm.edu.my/index.php/pautan/faq/pengambilan-dan-kemasukan
Cara mohon UTHM macam mana?,faq_admission_application,"Applications to UTHM are coordinated under the Ministry of Higher Education. Candidates must apply through UPU Online, which is usually open from February to April each year.",Permohonan ke UTHM diselaraskan di bawah Kementerian Pengajian Tinggi. Calon perlu memohon melalui UPU Online yang biasanya dibuka pada Februari hingga April setiap tahun.,https://ppa.uthm.edu.my/index.php/pautan/faq/pengambilan-dan-kemasukan
How do I apply for UTHM programmes?,faq_admission_application,"Applications to UTHM are coordinated under the Ministry of Higher Education. Candidates must apply through UPU Online, which is usually open from February to April each year.",Permohonan ke UTHM diselaraskan di bawah Kementerian Pengajian Tinggi. Calon perlu memohon melalui UPU Online yang biasanya dibuka pada Februari hingga April setiap tahun.,https://ppa.uthm.edu.my/index.php/pautan/faq/pengambilan-dan-kemasukan
How can I apply to UTHM?,faq_admission_application,"Applications to UTHM are coordinated under the Ministry of Higher Education. Candidates must apply through UPU Online, which is usually open from February to April each year.",Permohonan ke UTHM diselaraskan di bawah Kementerian Pengajian Tinggi. Calon perlu memohon melalui UPU Online yang biasanya dibuka pada Februari hingga April setiap tahun.,https://ppa.uthm.edu.my/index.php/pautan/faq/pengambilan-dan-kemasukan
Where do I apply for UTHM?,faq_admission_application,"Applications to UTHM are coordinated under the Ministry of Higher Education. Candidates must apply through UPU Online, which is usually open from February to April each year.",Permohonan ke UTHM diselaraskan di bawah Kementerian Pengajian Tinggi. Calon perlu memohon melalui UPU Online yang biasanya dibuka pada Februari hingga April setiap tahun.,https://ppa.uthm.edu.my/index.php/pautan/faq/pengambilan-dan-kemasukan
apply uthm through where?,faq_admission_application,"Applications to UTHM are coordinated under the Ministry of Higher Education. Candidates must apply through UPU Online, which is usually open from February to April each year.",Permohonan ke UTHM diselaraskan di bawah Kementerian Pengajian Tinggi. Calon perlu memohon melalui UPU Online yang biasanya dibuka pada Februari hingga April setiap tahun.,https://ppa.uthm.edu.my/index.php/pautan/faq/pengambilan-dan-kemasukan
mcm mnn nk mohon uthm?,faq_admission_application,"Applications to UTHM are coordinated under the Ministry of Higher Education. Candidates must apply through UPU Online, which is usually open from February to April each year.",Permohonan ke UTHM diselaraskan di bawah Kementerian Pengajian Tinggi. Calon perlu memohon melalui UPU Online yang biasanya dibuka pada Februari hingga April setiap tahun.,https://ppa.uthm.edu.my/index.php/pautan/faq/pengambilan-dan-kemasukan
"Saya sedang mengambil MUET, adakah permohonan saya akan diproses?",faq_muet_application,No. Applicants must obtain at least MUET Band 2 for admission into all UTHM bachelor degree programmes.,Tidak. Pemohon perlu memperoleh sekurang-kurangnya MUET Band 2 untuk kemasukan ke semua program sarjana muda di UTHM.,https://ppa.uthm.edu.my/index.php/pautan/faq/pengambilan-dan-kemasukan
Kalau sedang ambil MUET boleh mohon UTHM?,faq_muet_application,No. Applicants must obtain at least MUET Band 2 for admission into all UTHM bachelor degree programmes.,Tidak. Pemohon perlu memperoleh sekurang-kurangnya MUET Band 2 untuk kemasukan ke semua program sarjana muda di UTHM.,https://ppa.uthm.edu.my/index.php/pautan/faq/pengambilan-dan-kemasukan
Belum ada keputusan MUET boleh apply UTHM?,faq_muet_application,No. Applicants must obtain at least MUET Band 2 for admission into all UTHM bachelor degree programmes.,Tidak. Pemohon perlu memperoleh sekurang-kurangnya MUET Band 2 untuk kemasukan ke semua program sarjana muda di UTHM.,https://ppa.uthm.edu.my/index.php/pautan/faq/pengambilan-dan-kemasukan
Can my application be processed if I am still taking MUET?,faq_muet_application,No. Applicants must obtain at least MUET Band 2 for admission into all UTHM bachelor degree programmes.,Tidak. Pemohon perlu memperoleh sekurang-kurangnya MUET Band 2 untuk kemasukan ke semua program sarjana muda di UTHM.,https://ppa.uthm.edu.my/index.php/pautan/faq/pengambilan-dan-kemasukan
Can I apply to UTHM while taking MUET?,faq_muet_application,No. Applicants must obtain at least MUET Band 2 for admission into all UTHM bachelor degree programmes.,Tidak. Pemohon perlu memperoleh sekurang-kurangnya MUET Band 2 untuk kemasukan ke semua program sarjana muda di UTHM.,https://ppa.uthm.edu.my/index.php/pautan/faq/pengambilan-dan-kemasukan
Do I need MUET for UTHM bachelor admission?,faq_muet_application,No. Applicants must obtain at least MUET Band 2 for admission into all UTHM bachelor degree programmes.,Tidak. Pemohon perlu memperoleh sekurang-kurangnya MUET Band 2 untuk kemasukan ke semua program sarjana muda di UTHM.,https://ppa.uthm.edu.my/index.php/pautan/faq/pengambilan-dan-kemasukan
muet band berapa untuk uthm?,faq_muet_application,No. Applicants must obtain at least MUET Band 2 for admission into all UTHM bachelor degree programmes.,Tidak. Pemohon perlu memperoleh sekurang-kurangnya MUET Band 2 untuk kemasukan ke semua program sarjana muda di UTHM.,https://ppa.uthm.edu.my/index.php/pautan/faq/pengambilan-dan-kemasukan
Saya belajar di semester 5 sekarang. Bolehkah saya mohon kemasukan ke UTHM?,faq_active_semester_application,"No. For admission applications, candidates must not be active students at any IPTA and must upload transcripts from semester 1 to semester 6.","Tidak. Untuk permohonan kemasukan, calon tidak boleh berstatus aktif di mana-mana IPTA dan perlu memuat naik transkrip dari semester 1 hingga semester 6.",https://ppa.uthm.edu.my/index.php/pautan/faq/pengambilan-dan-kemasukan
Saya masih aktif di IPTA boleh mohon UTHM?,faq_active_semester_application,"No. For admission applications, candidates must not be active students at any IPTA and must upload transcripts from semester 1 to semester 6.","Tidak. Untuk permohonan kemasukan, calon tidak boleh berstatus aktif di mana-mana IPTA dan perlu memuat naik transkrip dari semester 1 hingga semester 6.",https://ppa.uthm.edu.my/index.php/pautan/faq/pengambilan-dan-kemasukan
Semester 5 boleh apply UTHM?,faq_active_semester_application,"No. For admission applications, candidates must not be active students at any IPTA and must upload transcripts from semester 1 to semester 6.","Tidak. Untuk permohonan kemasukan, calon tidak boleh berstatus aktif di mana-mana IPTA dan perlu memuat naik transkrip dari semester 1 hingga semester 6.",https://ppa.uthm.edu.my/index.php/pautan/faq/pengambilan-dan-kemasukan
Can I apply to UTHM while I am in semester 5?,faq_active_semester_application,"No. For admission applications, candidates must not be active students at any IPTA and must upload transcripts from semester 1 to semester 6.","Tidak. Untuk permohonan kemasukan, calon tidak boleh berstatus aktif di mana-mana IPTA dan perlu memuat naik transkrip dari semester 1 hingga semester 6.",https://ppa.uthm.edu.my/index.php/pautan/faq/pengambilan-dan-kemasukan
Can active IPTA students apply to UTHM?,faq_active_semester_application,"No. For admission applications, candidates must not be active students at any IPTA and must upload transcripts from semester 1 to semester 6.","Tidak. Untuk permohonan kemasukan, calon tidak boleh berstatus aktif di mana-mana IPTA dan perlu memuat naik transkrip dari semester 1 hingga semester 6.",https://ppa.uthm.edu.my/index.php/pautan/faq/pengambilan-dan-kemasukan
Can I apply before semester 6 transcript is complete?,faq_active_semester_application,"No. For admission applications, candidates must not be active students at any IPTA and must upload transcripts from semester 1 to semester 6.","Tidak. Untuk permohonan kemasukan, calon tidak boleh berstatus aktif di mana-mana IPTA dan perlu memuat naik transkrip dari semester 1 hingga semester 6.",https://ppa.uthm.edu.my/index.php/pautan/faq/pengambilan-dan-kemasukan
Adakah pelajar lepasan DVM boleh memohon program di UTHM?,faq_dvm_admission,"Currently, only Bachelor of Education programmes (ISMP) accept DVM graduates.","Pada masa sekarang, hanya program Ijazah Sarjana Muda Pendidikan (ISMP) menerima lepasan DVM.",https://ppa.uthm.edu.my/index.php/pautan/faq/pengambilan-dan-kemasukan
Lepasan DVM boleh apply UTHM?,faq_dvm_admission,"Currently, only Bachelor of Education programmes (ISMP) accept DVM graduates.","Pada masa sekarang, hanya program Ijazah Sarjana Muda Pendidikan (ISMP) menerima lepasan DVM.",https://ppa.uthm.edu.my/index.php/pautan/faq/pengambilan-dan-kemasukan
DVM boleh masuk program apa di UTHM?,faq_dvm_admission,"Currently, only Bachelor of Education programmes (ISMP) accept DVM graduates.","Pada masa sekarang, hanya program Ijazah Sarjana Muda Pendidikan (ISMP) menerima lepasan DVM.",https://ppa.uthm.edu.my/index.php/pautan/faq/pengambilan-dan-kemasukan
Can DVM graduates apply to UTHM?,faq_dvm_admission,"Currently, only Bachelor of Education programmes (ISMP) accept DVM graduates.","Pada masa sekarang, hanya program Ijazah Sarjana Muda Pendidikan (ISMP) menerima lepasan DVM.",https://ppa.uthm.edu.my/index.php/pautan/faq/pengambilan-dan-kemasukan
Can Diploma Vokasional Malaysia graduates apply to UTHM?,faq_dvm_admission,"Currently, only Bachelor of Education programmes (ISMP) accept DVM graduates.","Pada masa sekarang, hanya program Ijazah Sarjana Muda Pendidikan (ISMP) menerima lepasan DVM.",https://ppa.uthm.edu.my/index.php/pautan/faq/pengambilan-dan-kemasukan
DVM accepted for UTHM bachelor?,faq_dvm_admission,"Currently, only Bachelor of Education programmes (ISMP) accept DVM graduates.","Pada masa sekarang, hanya program Ijazah Sarjana Muda Pendidikan (ISMP) menerima lepasan DVM.",https://ppa.uthm.edu.my/index.php/pautan/faq/pengambilan-dan-kemasukan
"Saya sudah bekerja, boleh tak saya sambung degree secara part time di UTHM?",faq_part_time_degree,No. UTHM bachelor degree programmes are conducted on a full-time basis only.,Tidak. Program sarjana muda di UTHM hanya dijalankan secara sepenuh masa.,https://ppa.uthm.edu.my/index.php/pautan/faq/pengambilan-dan-kemasukan
UTHM ada degree part time?,faq_part_time_degree,No. UTHM bachelor degree programmes are conducted on a full-time basis only.,Tidak. Program sarjana muda di UTHM hanya dijalankan secara sepenuh masa.,https://ppa.uthm.edu.my/index.php/pautan/faq/pengambilan-dan-kemasukan
Boleh sambung degree part time di UTHM?,faq_part_time_degree,No. UTHM bachelor degree programmes are conducted on a full-time basis only.,Tidak. Program sarjana muda di UTHM hanya dijalankan secara sepenuh masa.,https://ppa.uthm.edu.my/index.php/pautan/faq/pengambilan-dan-kemasukan
Can I study bachelor degree part time at UTHM?,faq_part_time_degree,No. UTHM bachelor degree programmes are conducted on a full-time basis only.,Tidak. Program sarjana muda di UTHM hanya dijalankan secara sepenuh masa.,https://ppa.uthm.edu.my/index.php/pautan/faq/pengambilan-dan-kemasukan
Does UTHM offer part time degree?,faq_part_time_degree,No. UTHM bachelor degree programmes are conducted on a full-time basis only.,Tidak. Program sarjana muda di UTHM hanya dijalankan secara sepenuh masa.,https://ppa.uthm.edu.my/index.php/pautan/faq/pengambilan-dan-kemasukan
I am working can I do degree part time at UTHM?,faq_part_time_degree,No. UTHM bachelor degree programmes are conducted on a full-time basis only.,Tidak. Program sarjana muda di UTHM hanya dijalankan secara sepenuh masa.,https://ppa.uthm.edu.my/index.php/pautan/faq/pengambilan-dan-kemasukan
"Saya mempunyai keputusan akademik yang cemerlang, tetapi masih gagal mendapat sebarang tawaran.",faq_no_offer_reason,"Admission depends on merit ranking and programme choices. Applicants may not receive an offer if their merit is not high enough for competitive programmes, they only choose popular public universities, they do not apply through BPKP/JPT, they do not meet general or programme-specific requirements, the application is incomplete, information/documents are falsified, or the chosen programme is outside their academic stream.","Kejayaan mendapat tempat bergantung kepada susunan merit dan pemilihan program. Pemohon mungkin tidak mendapat tawaran jika merit tidak cukup tinggi untuk program kompetitif, hanya memilih UA popular, tidak memohon melalui BPKP/JPT, tidak memenuhi syarat am atau khas, permohonan tidak lengkap, memalsukan maklumat/dokumen, atau memohon program luar bidang aliran.",https://ppa.uthm.edu.my/index.php/pautan/faq/pengambilan-dan-kemasukan
Kenapa keputusan bagus tapi tak dapat tawaran UTHM?,faq_no_offer_reason,"Admission depends on merit ranking and programme choices. Applicants may not receive an offer if their merit is not high enough for competitive programmes, they only choose popular public universities, they do not apply through BPKP/JPT, they do not meet general or programme-specific requirements, the application is incomplete, information/documents are falsified, or the chosen programme is outside their academic stream.","Kejayaan mendapat tempat bergantung kepada susunan merit dan pemilihan program. Pemohon mungkin tidak mendapat tawaran jika merit tidak cukup tinggi untuk program kompetitif, hanya memilih UA popular, tidak memohon melalui BPKP/JPT, tidak memenuhi syarat am atau khas, permohonan tidak lengkap, memalsukan maklumat/dokumen, atau memohon program luar bidang aliran.",https://ppa.uthm.edu.my/index.php/pautan/faq/pengambilan-dan-kemasukan
Kenapa saya gagal dapat tawaran UA?,faq_no_offer_reason,"Admission depends on merit ranking and programme choices. Applicants may not receive an offer if their merit is not high enough for competitive programmes, they only choose popular public universities, they do not apply through BPKP/JPT, they do not meet general or programme-specific requirements, the application is incomplete, information/documents are falsified, or the chosen programme is outside their academic stream.","Kejayaan mendapat tempat bergantung kepada susunan merit dan pemilihan program. Pemohon mungkin tidak mendapat tawaran jika merit tidak cukup tinggi untuk program kompetitif, hanya memilih UA popular, tidak memohon melalui BPKP/JPT, tidak memenuhi syarat am atau khas, permohonan tidak lengkap, memalsukan maklumat/dokumen, atau memohon program luar bidang aliran.",https://ppa.uthm.edu.my/index.php/pautan/faq/pengambilan-dan-kemasukan
Why did I not get an offer even with good academic results?,faq_no_offer_reason,"Admission depends on merit ranking and programme choices. Applicants may not receive an offer if their merit is not high enough for competitive programmes, they only choose popular public universities, they do not apply through BPKP/JPT, they do not meet general or programme-specific requirements, the application is incomplete, information/documents are falsified, or the chosen programme is outside their academic stream.","Kejayaan mendapat tempat bergantung kepada susunan merit dan pemilihan program. Pemohon mungkin tidak mendapat tawaran jika merit tidak cukup tinggi untuk program kompetitif, hanya memilih UA popular, tidak memohon melalui BPKP/JPT, tidak memenuhi syarat am atau khas, permohonan tidak lengkap, memalsukan maklumat/dokumen, atau memohon program luar bidang aliran.",https://ppa.uthm.edu.my/index.php/pautan/faq/pengambilan-dan-kemasukan
Why was my UTHM application unsuccessful?,faq_no_offer_reason,"Admission depends on merit ranking and programme choices. Applicants may not receive an offer if their merit is not high enough for competitive programmes, they only choose popular public universities, they do not apply through BPKP/JPT, they do not meet general or programme-specific requirements, the application is incomplete, information/documents are falsified, or the chosen programme is outside their academic stream.","Kejayaan mendapat tempat bergantung kepada susunan merit dan pemilihan program. Pemohon mungkin tidak mendapat tawaran jika merit tidak cukup tinggi untuk program kompetitif, hanya memilih UA popular, tidak memohon melalui BPKP/JPT, tidak memenuhi syarat am atau khas, permohonan tidak lengkap, memalsukan maklumat/dokumen, atau memohon program luar bidang aliran.",https://ppa.uthm.edu.my/index.php/pautan/faq/pengambilan-dan-kemasukan
Why no university offer even with excellent results?,faq_no_offer_reason,"Admission depends on merit ranking and programme choices. Applicants may not receive an offer if their merit is not high enough for competitive programmes, they only choose popular public universities, they do not apply through BPKP/JPT, they do not meet general or programme-specific requirements, the application is incomplete, information/documents are falsified, or the chosen programme is outside their academic stream.","Kejayaan mendapat tempat bergantung kepada susunan merit dan pemilihan program. Pemohon mungkin tidak mendapat tawaran jika merit tidak cukup tinggi untuk program kompetitif, hanya memilih UA popular, tidak memohon melalui BPKP/JPT, tidak memenuhi syarat am atau khas, permohonan tidak lengkap, memalsukan maklumat/dokumen, atau memohon program luar bidang aliran.",https://ppa.uthm.edu.my/index.php/pautan/faq/pengambilan-dan-kemasukan
Untuk pertanyaan kemasukan UTHM hubungi siapa?,faq_admission_contact,"For admission and enrollment enquiries, please contact PPA at 07-4537375 or email ppa@uthm.edu.my.","Untuk pertanyaan pengambilan dan kemasukan, sila hubungi PPA melalui talian 07-4537375 atau e-mel ppa@uthm.edu.my.",https://ppa.uthm.edu.my/index.php/pautan/faq/pengambilan-dan-kemasukan
Nombor telefon admission UTHM?,faq_admission_contact,"For admission and enrollment enquiries, please contact PPA at 07-4537375 or email ppa@uthm.edu.my.","Untuk pertanyaan pengambilan dan kemasukan, sila hubungi PPA melalui talian 07-4537375 atau e-mel ppa@uthm.edu.my.",https://ppa.uthm.edu.my/index.php/pautan/faq/pengambilan-dan-kemasukan
Contact pengambilan dan kemasukan UTHM?,faq_admission_contact,"For admission and enrollment enquiries, please contact PPA at 07-4537375 or email ppa@uthm.edu.my.","Untuk pertanyaan pengambilan dan kemasukan, sila hubungi PPA melalui talian 07-4537375 atau e-mel ppa@uthm.edu.my.",https://ppa.uthm.edu.my/index.php/pautan/faq/pengambilan-dan-kemasukan
Who should I contact for UTHM admission enquiries?,faq_admission_contact,"For admission and enrollment enquiries, please contact PPA at 07-4537375 or email ppa@uthm.edu.my.","Untuk pertanyaan pengambilan dan kemasukan, sila hubungi PPA melalui talian 07-4537375 atau e-mel ppa@uthm.edu.my.",https://ppa.uthm.edu.my/index.php/pautan/faq/pengambilan-dan-kemasukan
UTHM admission contact number?,faq_admission_contact,"For admission and enrollment enquiries, please contact PPA at 07-4537375 or email ppa@uthm.edu.my.","Untuk pertanyaan pengambilan dan kemasukan, sila hubungi PPA melalui talian 07-4537375 atau e-mel ppa@uthm.edu.my.",https://ppa.uthm.edu.my/index.php/pautan/faq/pengambilan-dan-kemasukan
How to contact UTHM admission office?,faq_admission_contact,"For admission and enrollment enquiries, please contact PPA at 07-4537375 or email ppa@uthm.edu.my.","Untuk pertanyaan pengambilan dan kemasukan, sila hubungi PPA melalui talian 07-4537375 atau e-mel ppa@uthm.edu.my.",https://ppa.uthm.edu.my/index.php/pautan/faq/pengambilan-dan-kemasukan
Bilakah waktu perkhidmatan kaunter?,faq_counter_hours,PPA counter hours: Monday to Thursday 8:15 AM-12:45 PM and 2:15 PM-4:30 PM; closed 12:45 PM-2:15 PM. Friday 8:15 AM-12:15 PM and 2:45 PM-4:30 PM; closed 12:15 PM-2:45 PM.,Waktu kaunter PPA: Isnin hingga Khamis 8.15 pagi-12.45 tengah hari dan 2.15 petang-4.30 petang; tutup 12.45 tengah hari-2.15 petang. Jumaat 8.15 pagi-12.15 tengah hari dan 2.45 petang-4.30 petang; tutup 12.15 tengah hari-2.45 petang.,https://ppa.uthm.edu.my/index.php/pautan/faq/faq-lain-lain
Waktu operasi kaunter PPA bila?,faq_counter_hours,PPA counter hours: Monday to Thursday 8:15 AM-12:45 PM and 2:15 PM-4:30 PM; closed 12:45 PM-2:15 PM. Friday 8:15 AM-12:15 PM and 2:45 PM-4:30 PM; closed 12:15 PM-2:45 PM.,Waktu kaunter PPA: Isnin hingga Khamis 8.15 pagi-12.45 tengah hari dan 2.15 petang-4.30 petang; tutup 12.45 tengah hari-2.15 petang. Jumaat 8.15 pagi-12.15 tengah hari dan 2.45 petang-4.30 petang; tutup 12.15 tengah hari-2.45 petang.,https://ppa.uthm.edu.my/index.php/pautan/faq/faq-lain-lain
Kaunter PPA buka pukul berapa?,faq_counter_hours,PPA counter hours: Monday to Thursday 8:15 AM-12:45 PM and 2:15 PM-4:30 PM; closed 12:45 PM-2:15 PM. Friday 8:15 AM-12:15 PM and 2:45 PM-4:30 PM; closed 12:15 PM-2:45 PM.,Waktu kaunter PPA: Isnin hingga Khamis 8.15 pagi-12.45 tengah hari dan 2.15 petang-4.30 petang; tutup 12.45 tengah hari-2.15 petang. Jumaat 8.15 pagi-12.15 tengah hari dan 2.45 petang-4.30 petang; tutup 12.15 tengah hari-2.45 petang.,https://ppa.uthm.edu.my/index.php/pautan/faq/faq-lain-lain
Kaunter PPA tutup pukul berapa?,faq_counter_hours,PPA counter hours: Monday to Thursday 8:15 AM-12:45 PM and 2:15 PM-4:30 PM; closed 12:45 PM-2:15 PM. Friday 8:15 AM-12:15 PM and 2:45 PM-4:30 PM; closed 12:15 PM-2:45 PM.,Waktu kaunter PPA: Isnin hingga Khamis 8.15 pagi-12.45 tengah hari dan 2.15 petang-4.30 petang; tutup 12.45 tengah hari-2.15 petang. Jumaat 8.15 pagi-12.15 tengah hari dan 2.45 petang-4.30 petang; tutup 12.15 tengah hari-2.45 petang.,https://ppa.uthm.edu.my/index.php/pautan/faq/faq-lain-lain
What are the PPA counter service hours?,faq_counter_hours,PPA counter hours: Monday to Thursday 8:15 AM-12:45 PM and 2:15 PM-4:30 PM; closed 12:45 PM-2:15 PM. Friday 8:15 AM-12:15 PM and 2:45 PM-4:30 PM; closed 12:15 PM-2:45 PM.,Waktu kaunter PPA: Isnin hingga Khamis 8.15 pagi-12.45 tengah hari dan 2.15 petang-4.30 petang; tutup 12.45 tengah hari-2.15 petang. Jumaat 8.15 pagi-12.15 tengah hari dan 2.45 petang-4.30 petang; tutup 12.15 tengah hari-2.45 petang.,https://ppa.uthm.edu.my/index.php/pautan/faq/faq-lain-lain
When is the PPA counter open?,faq_counter_hours,PPA counter hours: Monday to Thursday 8:15 AM-12:45 PM and 2:15 PM-4:30 PM; closed 12:45 PM-2:15 PM. Friday 8:15 AM-12:15 PM and 2:45 PM-4:30 PM; closed 12:15 PM-2:45 PM.,Waktu kaunter PPA: Isnin hingga Khamis 8.15 pagi-12.45 tengah hari dan 2.15 petang-4.30 petang; tutup 12.45 tengah hari-2.15 petang. Jumaat 8.15 pagi-12.15 tengah hari dan 2.45 petang-4.30 petang; tutup 12.15 tengah hari-2.45 petang.,https://ppa.uthm.edu.my/index.php/pautan/faq/faq-lain-lain
PPA counter operation hours?,faq_counter_hours,PPA counter hours: Monday to Thursday 8:15 AM-12:45 PM and 2:15 PM-4:30 PM; closed 12:45 PM-2:15 PM. Friday 8:15 AM-12:15 PM and 2:45 PM-4:30 PM; closed 12:15 PM-2:45 PM.,Waktu kaunter PPA: Isnin hingga Khamis 8.15 pagi-12.45 tengah hari dan 2.15 petang-4.30 petang; tutup 12.45 tengah hari-2.15 petang. Jumaat 8.15 pagi-12.15 tengah hari dan 2.45 petang-4.30 petang; tutup 12.15 tengah hari-2.45 petang.,https://ppa.uthm.edu.my/index.php/pautan/faq/faq-lain-lain
counter ppa open when?,faq_counter_hours,PPA counter hours: Monday to Thursday 8:15 AM-12:45 PM and 2:15 PM-4:30 PM; closed 12:45 PM-2:15 PM. Friday 8:15 AM-12:15 PM and 2:45 PM-4:30 PM; closed 12:15 PM-2:45 PM.,Waktu kaunter PPA: Isnin hingga Khamis 8.15 pagi-12.45 tengah hari dan 2.15 petang-4.30 petang; tutup 12.45 tengah hari-2.15 petang. Jumaat 8.15 pagi-12.15 tengah hari dan 2.45 petang-4.30 petang; tutup 12.15 tengah hari-2.45 petang.,https://ppa.uthm.edu.my/index.php/pautan/faq/faq-lain-lain
Apakah perkhidmatan yang ditawarkan di kaunter?,faq_counter_services,"PPA counter services include collection of the Hall F2 access card, verification of examination results through SMAP Online, and verification of certificates and transcripts for First Class Graduates for PTPTN repayment exemption purposes.","Perkhidmatan kaunter PPA termasuk pengambilan Kad Akses Dewan F2, pengesahan keputusan peperiksaan melalui SMAP Online, serta pengesahan sijil dan transkrip Graduan Kelas Pertama untuk tujuan pengecualian bayaran balik PTPTN.",https://ppa.uthm.edu.my/index.php/pautan/faq/faq-lain-lain
Perkhidmatan apa ada di kaunter PPA?,faq_counter_services,"PPA counter services include collection of the Hall F2 access card, verification of examination results through SMAP Online, and verification of certificates and transcripts for First Class Graduates for PTPTN repayment exemption purposes.","Perkhidmatan kaunter PPA termasuk pengambilan Kad Akses Dewan F2, pengesahan keputusan peperiksaan melalui SMAP Online, serta pengesahan sijil dan transkrip Graduan Kelas Pertama untuk tujuan pengecualian bayaran balik PTPTN.",https://ppa.uthm.edu.my/index.php/pautan/faq/faq-lain-lain
Kaunter PPA boleh buat urusan apa?,faq_counter_services,"PPA counter services include collection of the Hall F2 access card, verification of examination results through SMAP Online, and verification of certificates and transcripts for First Class Graduates for PTPTN repayment exemption purposes.","Perkhidmatan kaunter PPA termasuk pengambilan Kad Akses Dewan F2, pengesahan keputusan peperiksaan melalui SMAP Online, serta pengesahan sijil dan transkrip Graduan Kelas Pertama untuk tujuan pengecualian bayaran balik PTPTN.",https://ppa.uthm.edu.my/index.php/pautan/faq/faq-lain-lain
What services are offered at the PPA counter?,faq_counter_services,"PPA counter services include collection of the Hall F2 access card, verification of examination results through SMAP Online, and verification of certificates and transcripts for First Class Graduates for PTPTN repayment exemption purposes.","Perkhidmatan kaunter PPA termasuk pengambilan Kad Akses Dewan F2, pengesahan keputusan peperiksaan melalui SMAP Online, serta pengesahan sijil dan transkrip Graduan Kelas Pertama untuk tujuan pengecualian bayaran balik PTPTN.",https://ppa.uthm.edu.my/index.php/pautan/faq/faq-lain-lain
What can I do at PPA counter?,faq_counter_services,"PPA counter services include collection of the Hall F2 access card, verification of examination results through SMAP Online, and verification of certificates and transcripts for First Class Graduates for PTPTN repayment exemption purposes.","Perkhidmatan kaunter PPA termasuk pengambilan Kad Akses Dewan F2, pengesahan keputusan peperiksaan melalui SMAP Online, serta pengesahan sijil dan transkrip Graduan Kelas Pertama untuk tujuan pengecualian bayaran balik PTPTN.",https://ppa.uthm.edu.my/index.php/pautan/faq/faq-lain-lain
PPA counter services?,faq_counter_services,"PPA counter services include collection of the Hall F2 access card, verification of examination results through SMAP Online, and verification of certificates and transcripts for First Class Graduates for PTPTN repayment exemption purposes.","Perkhidmatan kaunter PPA termasuk pengambilan Kad Akses Dewan F2, pengesahan keputusan peperiksaan melalui SMAP Online, serta pengesahan sijil dan transkrip Graduan Kelas Pertama untuk tujuan pengecualian bayaran balik PTPTN.",https://ppa.uthm.edu.my/index.php/pautan/faq/faq-lain-lain
Bagaimana saya hendak mengakses SMAP Online?,faq_smap_access,"To access SMAP Online, please visit http://smap.uthm.edu.my.","Untuk mengakses SMAP Online, sila layari URL http://smap.uthm.edu.my.",https://ppa.uthm.edu.my/index.php/pautan/faq/faq-lain-lain
Macam mana nak akses SMAP Online?,faq_smap_access,"To access SMAP Online, please visit http://smap.uthm.edu.my.","Untuk mengakses SMAP Online, sila layari URL http://smap.uthm.edu.my.",https://ppa.uthm.edu.my/index.php/pautan/faq/faq-lain-lain
SMAP Online link apa?,faq_smap_access,"To access SMAP Online, please visit http://smap.uthm.edu.my.","Untuk mengakses SMAP Online, sila layari URL http://smap.uthm.edu.my.",https://ppa.uthm.edu.my/index.php/pautan/faq/faq-lain-lain
How can I access SMAP Online?,faq_smap_access,"To access SMAP Online, please visit http://smap.uthm.edu.my.","Untuk mengakses SMAP Online, sila layari URL http://smap.uthm.edu.my.",https://ppa.uthm.edu.my/index.php/pautan/faq/faq-lain-lain
What is the SMAP Online URL?,faq_smap_access,"To access SMAP Online, please visit http://smap.uthm.edu.my.","Untuk mengakses SMAP Online, sila layari URL http://smap.uthm.edu.my.",https://ppa.uthm.edu.my/index.php/pautan/faq/faq-lain-lain
Where do I login SMAP?,faq_smap_access,"To access SMAP Online, please visit http://smap.uthm.edu.my.","Untuk mengakses SMAP Online, sila layari URL http://smap.uthm.edu.my.",https://ppa.uthm.edu.my/index.php/pautan/faq/faq-lain-lain
smap online url?,faq_smap_access,"To access SMAP Online, please visit http://smap.uthm.edu.my.","Untuk mengakses SMAP Online, sila layari URL http://smap.uthm.edu.my.",https://ppa.uthm.edu.my/index.php/pautan/faq/faq-lain-lain
Bagaimana jika saya terlupa kata laluan SMAP Online?,faq_smap_forgot_password,"If you forget your SMAP Online password, please contact PTM Careline at 07-4537295.","Jika terlupa kata laluan SMAP Online, sila hubungi PTM Careline di talian 07-4537295.",https://ppa.uthm.edu.my/index.php/pautan/faq/faq-lain-lain
Lupa password SMAP macam mana?,faq_smap_forgot_password,"If you forget your SMAP Online password, please contact PTM Careline at 07-4537295.","Jika terlupa kata laluan SMAP Online, sila hubungi PTM Careline di talian 07-4537295.",https://ppa.uthm.edu.my/index.php/pautan/faq/faq-lain-lain
Saya lupa kata laluan SMAP Online,faq_smap_forgot_password,"If you forget your SMAP Online password, please contact PTM Careline at 07-4537295.","Jika terlupa kata laluan SMAP Online, sila hubungi PTM Careline di talian 07-4537295.",https://ppa.uthm.edu.my/index.php/pautan/faq/faq-lain-lain
What if I forget my SMAP Online password?,faq_smap_forgot_password,"If you forget your SMAP Online password, please contact PTM Careline at 07-4537295.","Jika terlupa kata laluan SMAP Online, sila hubungi PTM Careline di talian 07-4537295.",https://ppa.uthm.edu.my/index.php/pautan/faq/faq-lain-lain
I forgot my SMAP password what should I do?,faq_smap_forgot_password,"If you forget your SMAP Online password, please contact PTM Careline at 07-4537295.","Jika terlupa kata laluan SMAP Online, sila hubungi PTM Careline di talian 07-4537295.",https://ppa.uthm.edu.my/index.php/pautan/faq/faq-lain-lain
SMAP forgot password contact?,faq_smap_forgot_password,"If you forget your SMAP Online password, please contact PTM Careline at 07-4537295.","Jika terlupa kata laluan SMAP Online, sila hubungi PTM Careline di talian 07-4537295.",https://ppa.uthm.edu.my/index.php/pautan/faq/faq-lain-lain
Sebarang pertanyaan sila hubungi siapa?,faq_ppa_contact_details,"Office of Academic Management, Universiti Tun Hussein Onn Malaysia, 86400 Parit Raja, Batu Pahat, Johor. Tel: +607-4537696. Fax: +607-4536085. Email: ppa@uthm.edu.my.","Pejabat Pengurusan Akademik, Universiti Tun Hussein Onn Malaysia, 86400 Parit Raja, Batu Pahat, Johor. Tel: +607-4537696. Faks: +607-4536085. E-mel: ppa@uthm.edu.my.",https://ppa.uthm.edu.my/index.php/pautan/faq/faq-lain-lain
Alamat PPA UTHM?,faq_ppa_contact_details,"Office of Academic Management, Universiti Tun Hussein Onn Malaysia, 86400 Parit Raja, Batu Pahat, Johor. Tel: +607-4537696. Fax: +607-4536085. Email: ppa@uthm.edu.my.","Pejabat Pengurusan Akademik, Universiti Tun Hussein Onn Malaysia, 86400 Parit Raja, Batu Pahat, Johor. Tel: +607-4537696. Faks: +607-4536085. E-mel: ppa@uthm.edu.my.",https://ppa.uthm.edu.my/index.php/pautan/faq/faq-lain-lain
Nombor telefon PPA UTHM?,faq_ppa_contact_details,"Office of Academic Management, Universiti Tun Hussein Onn Malaysia, 86400 Parit Raja, Batu Pahat, Johor. Tel: +607-4537696. Fax: +607-4536085. Email: ppa@uthm.edu.my.","Pejabat Pengurusan Akademik, Universiti Tun Hussein Onn Malaysia, 86400 Parit Raja, Batu Pahat, Johor. Tel: +607-4537696. Faks: +607-4536085. E-mel: ppa@uthm.edu.my.",https://ppa.uthm.edu.my/index.php/pautan/faq/faq-lain-lain
Email PPA UTHM?,faq_ppa_contact_details,"Office of Academic Management, Universiti Tun Hussein Onn Malaysia, 86400 Parit Raja, Batu Pahat, Johor. Tel: +607-4537696. Fax: +607-4536085. Email: ppa@uthm.edu.my.","Pejabat Pengurusan Akademik, Universiti Tun Hussein Onn Malaysia, 86400 Parit Raja, Batu Pahat, Johor. Tel: +607-4537696. Faks: +607-4536085. E-mel: ppa@uthm.edu.my.",https://ppa.uthm.edu.my/index.php/pautan/faq/faq-lain-lain
How can I contact PPA UTHM?,faq_ppa_contact_details,"Office of Academic Management, Universiti Tun Hussein Onn Malaysia, 86400 Parit Raja, Batu Pahat, Johor. Tel: +607-4537696. Fax: +607-4536085. Email: ppa@uthm.edu.my.","Pejabat Pengurusan Akademik, Universiti Tun Hussein Onn Malaysia, 86400 Parit Raja, Batu Pahat, Johor. Tel: +607-4537696. Faks: +607-4536085. E-mel: ppa@uthm.edu.my.",https://ppa.uthm.edu.my/index.php/pautan/faq/faq-lain-lain
What is PPA address?,faq_ppa_contact_details,"Office of Academic Management, Universiti Tun Hussein Onn Malaysia, 86400 Parit Raja, Batu Pahat, Johor. Tel: +607-4537696. Fax: +607-4536085. Email: ppa@uthm.edu.my.","Pejabat Pengurusan Akademik, Universiti Tun Hussein Onn Malaysia, 86400 Parit Raja, Batu Pahat, Johor. Tel: +607-4537696. Faks: +607-4536085. E-mel: ppa@uthm.edu.my.",https://ppa.uthm.edu.my/index.php/pautan/faq/faq-lain-lain
PPA phone fax email?,faq_ppa_contact_details,"Office of Academic Management, Universiti Tun Hussein Onn Malaysia, 86400 Parit Raja, Batu Pahat, Johor. Tel: +607-4537696. Fax: +607-4536085. Email: ppa@uthm.edu.my.","Pejabat Pengurusan Akademik, Universiti Tun Hussein Onn Malaysia, 86400 Parit Raja, Batu Pahat, Johor. Tel: +607-4537696. Faks: +607-4536085. E-mel: ppa@uthm.edu.my.",https://ppa.uthm.edu.my/index.php/pautan/faq/faq-lain-lain
Di mana boleh semak jadual waktu kuliah akademik?,ppa_class_schedule,Academic class schedules are provided through the PPA Academic Class Schedule page.,Jadual waktu kuliah akademik boleh dirujuk melalui halaman Jadual Waktu Kuliah Akademik PPA.,https://ppa.uthm.edu.my/index.php/informasi/jadual-kuliah/jadual-waktu-kuliah-akademik
Jadual kuliah akademik dekat mana?,ppa_class_schedule,Academic class schedules are provided through the PPA Academic Class Schedule page.,Jadual waktu kuliah akademik boleh dirujuk melalui halaman Jadual Waktu Kuliah Akademik PPA.,https://ppa.uthm.edu.my/index.php/informasi/jadual-kuliah/jadual-waktu-kuliah-akademik
Where can I check academic class schedule?,ppa_class_schedule,Academic class schedules are provided through the PPA Academic Class Schedule page.,Jadual waktu kuliah akademik boleh dirujuk melalui halaman Jadual Waktu Kuliah Akademik PPA.,https://ppa.uthm.edu.my/index.php/informasi/jadual-kuliah/jadual-waktu-kuliah-akademik
Academic class schedule link?,ppa_class_schedule,Academic class schedules are provided through the PPA Academic Class Schedule page.,Jadual waktu kuliah akademik boleh dirujuk melalui halaman Jadual Waktu Kuliah Akademik PPA.,https://ppa.uthm.edu.my/index.php/informasi/jadual-kuliah/jadual-waktu-kuliah-akademik
nak semak jadual kuliah,ppa_class_schedule,Academic class schedules are provided through the PPA Academic Class Schedule page.,Jadual waktu kuliah akademik boleh dirujuk melalui halaman Jadual Waktu Kuliah Akademik PPA.,https://ppa.uthm.edu.my/index.php/informasi/jadual-kuliah/jadual-waktu-kuliah-akademik
class schedule UTHM where?,ppa_class_schedule,Academic class schedules are provided through the PPA Academic Class Schedule page.,Jadual waktu kuliah akademik boleh dirujuk melalui halaman Jadual Waktu Kuliah Akademik PPA.,https://ppa.uthm.edu.my/index.php/informasi/jadual-kuliah/jadual-waktu-kuliah-akademik
Di mana boleh semak jadual kerja pelajar?,ppa_student_work_schedule,Student work schedule information can be referred to on the PPA Student Work Schedule page.,Maklumat jadual kerja pelajar boleh dirujuk melalui halaman Jadual Kerja Pelajar PPA.,https://ppa.uthm.edu.my/index.php/informasi/jadual-kuliah/jadual-kerja-pelajar
Apa itu jadual kerja pelajar?,ppa_student_work_schedule,Student work schedule information can be referred to on the PPA Student Work Schedule page.,Maklumat jadual kerja pelajar boleh dirujuk melalui halaman Jadual Kerja Pelajar PPA.,https://ppa.uthm.edu.my/index.php/informasi/jadual-kuliah/jadual-kerja-pelajar
Where can I check student work schedule?,ppa_student_work_schedule,Student work schedule information can be referred to on the PPA Student Work Schedule page.,Maklumat jadual kerja pelajar boleh dirujuk melalui halaman Jadual Kerja Pelajar PPA.,https://ppa.uthm.edu.my/index.php/informasi/jadual-kuliah/jadual-kerja-pelajar
Student work schedule link?,ppa_student_work_schedule,Student work schedule information can be referred to on the PPA Student Work Schedule page.,Maklumat jadual kerja pelajar boleh dirujuk melalui halaman Jadual Kerja Pelajar PPA.,https://ppa.uthm.edu.my/index.php/informasi/jadual-kuliah/jadual-kerja-pelajar
jadual kerja pelajar uthm,ppa_student_work_schedule,Student work schedule information can be referred to on the PPA Student Work Schedule page.,Maklumat jadual kerja pelajar boleh dirujuk melalui halaman Jadual Kerja Pelajar PPA.,https://ppa.uthm.edu.my/index.php/informasi/jadual-kuliah/jadual-kerja-pelajar
student work schedule UTHM where?,ppa_student_work_schedule,Student work schedule information can be referred to on the PPA Student Work Schedule page.,Maklumat jadual kerja pelajar boleh dirujuk melalui halaman Jadual Kerja Pelajar PPA.,https://ppa.uthm.edu.my/index.php/informasi/jadual-kuliah/jadual-kerja-pelajar
Jadual rasmi peperiksaan akhir di mana?,ppa_final_exam_schedule,"PPA publishes final examination information including final exam notices, drafts, official timetables by course code and date, amendments, invigilator schedules, and exam hall seating information.","PPA memaparkan maklumat peperiksaan akhir termasuk notis peperiksaan, draf jadual, jadual rasmi mengikut kod kursus dan tarikh, pindaan jadual, jadual pengawas serta kedudukan nombor meja dewan peperiksaan.",https://ppa.uthm.edu.my/index.php/informasi/peperiksaan/peperiksaan-akhir
Di mana jadual rasmi final exam?,ppa_final_exam_schedule,"PPA publishes final examination information including final exam notices, drafts, official timetables by course code and date, amendments, invigilator schedules, and exam hall seating information.","PPA memaparkan maklumat peperiksaan akhir termasuk notis peperiksaan, draf jadual, jadual rasmi mengikut kod kursus dan tarikh, pindaan jadual, jadual pengawas serta kedudukan nombor meja dewan peperiksaan.",https://ppa.uthm.edu.my/index.php/informasi/peperiksaan/peperiksaan-akhir
Jadual peperiksaan mengikut kod kursus?,ppa_final_exam_schedule,"PPA publishes final examination information including final exam notices, drafts, official timetables by course code and date, amendments, invigilator schedules, and exam hall seating information.","PPA memaparkan maklumat peperiksaan akhir termasuk notis peperiksaan, draf jadual, jadual rasmi mengikut kod kursus dan tarikh, pindaan jadual, jadual pengawas serta kedudukan nombor meja dewan peperiksaan.",https://ppa.uthm.edu.my/index.php/informasi/peperiksaan/peperiksaan-akhir
Where is the official final exam timetable?,ppa_final_exam_schedule,"PPA publishes final examination information including final exam notices, drafts, official timetables by course code and date, amendments, invigilator schedules, and exam hall seating information.","PPA memaparkan maklumat peperiksaan akhir termasuk notis peperiksaan, draf jadual, jadual rasmi mengikut kod kursus dan tarikh, pindaan jadual, jadual pengawas serta kedudukan nombor meja dewan peperiksaan.",https://ppa.uthm.edu.my/index.php/informasi/peperiksaan/peperiksaan-akhir
Final exam timetable by course code?,ppa_final_exam_schedule,"PPA publishes final examination information including final exam notices, drafts, official timetables by course code and date, amendments, invigilator schedules, and exam hall seating information.","PPA memaparkan maklumat peperiksaan akhir termasuk notis peperiksaan, draf jadual, jadual rasmi mengikut kod kursus dan tarikh, pindaan jadual, jadual pengawas serta kedudukan nombor meja dewan peperiksaan.",https://ppa.uthm.edu.my/index.php/informasi/peperiksaan/peperiksaan-akhir
Final exam timetable by date?,ppa_final_exam_schedule,"PPA publishes final examination information including final exam notices, drafts, official timetables by course code and date, amendments, invigilator schedules, and exam hall seating information.","PPA memaparkan maklumat peperiksaan akhir termasuk notis peperiksaan, draf jadual, jadual rasmi mengikut kod kursus dan tarikh, pindaan jadual, jadual pengawas serta kedudukan nombor meja dewan peperiksaan.",https://ppa.uthm.edu.my/index.php/informasi/peperiksaan/peperiksaan-akhir
Di mana kedudukan nombor meja dewan peperiksaan?,ppa_exam_hall_seating,"Exam hall seating or table number information is listed on the PPA Final Examination page for venues such as DSI, F2, G3, MPH, A9 and the Convention Centre when available.","Maklumat kedudukan nombor meja dewan peperiksaan disenaraikan di halaman Peperiksaan Akhir PPA untuk lokasi seperti DSI, F2, G3, MPH, A9 dan Pusat Konvensyen jika tersedia.",https://ppa.uthm.edu.my/index.php/informasi/peperiksaan/peperiksaan-akhir
Kedudukan meja exam DSI mana?,ppa_exam_hall_seating,"Exam hall seating or table number information is listed on the PPA Final Examination page for venues such as DSI, F2, G3, MPH, A9 and the Convention Centre when available.","Maklumat kedudukan nombor meja dewan peperiksaan disenaraikan di halaman Peperiksaan Akhir PPA untuk lokasi seperti DSI, F2, G3, MPH, A9 dan Pusat Konvensyen jika tersedia.",https://ppa.uthm.edu.my/index.php/informasi/peperiksaan/peperiksaan-akhir
Exam hall seating number where?,ppa_exam_hall_seating,"Exam hall seating or table number information is listed on the PPA Final Examination page for venues such as DSI, F2, G3, MPH, A9 and the Convention Centre when available.","Maklumat kedudukan nombor meja dewan peperiksaan disenaraikan di halaman Peperiksaan Akhir PPA untuk lokasi seperti DSI, F2, G3, MPH, A9 dan Pusat Konvensyen jika tersedia.",https://ppa.uthm.edu.my/index.php/informasi/peperiksaan/peperiksaan-akhir
Where can I check exam hall table number?,ppa_exam_hall_seating,"Exam hall seating or table number information is listed on the PPA Final Examination page for venues such as DSI, F2, G3, MPH, A9 and the Convention Centre when available.","Maklumat kedudukan nombor meja dewan peperiksaan disenaraikan di halaman Peperiksaan Akhir PPA untuk lokasi seperti DSI, F2, G3, MPH, A9 dan Pusat Konvensyen jika tersedia.",https://ppa.uthm.edu.my/index.php/informasi/peperiksaan/peperiksaan-akhir
nombor meja peperiksaan F2,ppa_exam_hall_seating,"Exam hall seating or table number information is listed on the PPA Final Examination page for venues such as DSI, F2, G3, MPH, A9 and the Convention Centre when available.","Maklumat kedudukan nombor meja dewan peperiksaan disenaraikan di halaman Peperiksaan Akhir PPA untuk lokasi seperti DSI, F2, G3, MPH, A9 dan Pusat Konvensyen jika tersedia.",https://ppa.uthm.edu.my/index.php/informasi/peperiksaan/peperiksaan-akhir
exam seating arrangement UTHM,ppa_exam_hall_seating,"Exam hall seating or table number information is listed on the PPA Final Examination page for venues such as DSI, F2, G3, MPH, A9 and the Convention Centre when available.","Maklumat kedudukan nombor meja dewan peperiksaan disenaraikan di halaman Peperiksaan Akhir PPA untuk lokasi seperti DSI, F2, G3, MPH, A9 dan Pusat Konvensyen jika tersedia.",https://ppa.uthm.edu.my/index.php/informasi/peperiksaan/peperiksaan-akhir
Di mana boleh semak kalendar MUET?,ppa_muet_info,"PPA provides MUET information such as the latest MUET calendar, results announcements, registration slip notices, examination venue notices, and UTHM centre code/payment information.","PPA menyediakan maklumat MUET seperti kalendar MUET terkini, hebahan keputusan, slip pendaftaran, lokasi peperiksaan serta semakan kod pusat dan bayaran yuran MUET bagi pusat UTHM.",https://ppa.uthm.edu.my/index.php/informasi/peperiksaan/muet
Kalendar MUET 2026 mana?,ppa_muet_info,"PPA provides MUET information such as the latest MUET calendar, results announcements, registration slip notices, examination venue notices, and UTHM centre code/payment information.","PPA menyediakan maklumat MUET seperti kalendar MUET terkini, hebahan keputusan, slip pendaftaran, lokasi peperiksaan serta semakan kod pusat dan bayaran yuran MUET bagi pusat UTHM.",https://ppa.uthm.edu.my/index.php/informasi/peperiksaan/muet
Semakan kod pusat MUET UTHM?,ppa_muet_info,"PPA provides MUET information such as the latest MUET calendar, results announcements, registration slip notices, examination venue notices, and UTHM centre code/payment information.","PPA menyediakan maklumat MUET seperti kalendar MUET terkini, hebahan keputusan, slip pendaftaran, lokasi peperiksaan serta semakan kod pusat dan bayaran yuran MUET bagi pusat UTHM.",https://ppa.uthm.edu.my/index.php/informasi/peperiksaan/muet
Where can I check MUET calendar?,ppa_muet_info,"PPA provides MUET information such as the latest MUET calendar, results announcements, registration slip notices, examination venue notices, and UTHM centre code/payment information.","PPA menyediakan maklumat MUET seperti kalendar MUET terkini, hebahan keputusan, slip pendaftaran, lokasi peperiksaan serta semakan kod pusat dan bayaran yuran MUET bagi pusat UTHM.",https://ppa.uthm.edu.my/index.php/informasi/peperiksaan/muet
MUET registration slip where?,ppa_muet_info,"PPA provides MUET information such as the latest MUET calendar, results announcements, registration slip notices, examination venue notices, and UTHM centre code/payment information.","PPA menyediakan maklumat MUET seperti kalendar MUET terkini, hebahan keputusan, slip pendaftaran, lokasi peperiksaan serta semakan kod pusat dan bayaran yuran MUET bagi pusat UTHM.",https://ppa.uthm.edu.my/index.php/informasi/peperiksaan/muet
MUET centre code and fee UTHM?,ppa_muet_info,"PPA provides MUET information such as the latest MUET calendar, results announcements, registration slip notices, examination venue notices, and UTHM centre code/payment information.","PPA menyediakan maklumat MUET seperti kalendar MUET terkini, hebahan keputusan, slip pendaftaran, lokasi peperiksaan serta semakan kod pusat dan bayaran yuran MUET bagi pusat UTHM.",https://ppa.uthm.edu.my/index.php/informasi/peperiksaan/muet
Di mana senarai graduan UTHM?,ppa_graduate_list,The PPA graduate list page provides lists of Bachelor and Diploma graduates according to Senate session dates.,Halaman Senarai Graduan UTHM PPA menyediakan senarai graduan program Sarjana Muda dan Diploma mengikut tarikh Senat bersidang.,https://ppa.uthm.edu.my/index.php/informasi/pengijazahan/senarai-graduan-uthm
Senarai graduan ikut tarikh senat mana?,ppa_graduate_list,The PPA graduate list page provides lists of Bachelor and Diploma graduates according to Senate session dates.,Halaman Senarai Graduan UTHM PPA menyediakan senarai graduan program Sarjana Muda dan Diploma mengikut tarikh Senat bersidang.,https://ppa.uthm.edu.my/index.php/informasi/pengijazahan/senarai-graduan-uthm
Where can I check UTHM graduate list?,ppa_graduate_list,The PPA graduate list page provides lists of Bachelor and Diploma graduates according to Senate session dates.,Halaman Senarai Graduan UTHM PPA menyediakan senarai graduan program Sarjana Muda dan Diploma mengikut tarikh Senat bersidang.,https://ppa.uthm.edu.my/index.php/informasi/pengijazahan/senarai-graduan-uthm
List of UTHM graduates by senate date?,ppa_graduate_list,The PPA graduate list page provides lists of Bachelor and Diploma graduates according to Senate session dates.,Halaman Senarai Graduan UTHM PPA menyediakan senarai graduan program Sarjana Muda dan Diploma mengikut tarikh Senat bersidang.,https://ppa.uthm.edu.my/index.php/informasi/pengijazahan/senarai-graduan-uthm
semak nama graduan UTHM,ppa_graduate_list,The PPA graduate list page provides lists of Bachelor and Diploma graduates according to Senate session dates.,Halaman Senarai Graduan UTHM PPA menyediakan senarai graduan program Sarjana Muda dan Diploma mengikut tarikh Senat bersidang.,https://ppa.uthm.edu.my/index.php/informasi/pengijazahan/senarai-graduan-uthm
graduate list UTHM where?,ppa_graduate_list,The PPA graduate list page provides lists of Bachelor and Diploma graduates according to Senate session dates.,Halaman Senarai Graduan UTHM PPA menyediakan senarai graduan program Sarjana Muda dan Diploma mengikut tarikh Senat bersidang.,https://ppa.uthm.edu.my/index.php/informasi/pengijazahan/senarai-graduan-uthm
Bagaimana pengesahan dokumen untuk pengecualian PTPTN?,ppa_ptptn_exemption,"For PTPTN repayment exemption, PPA verifies hardcopy documents only: one copy of the academic scroll, one copy of the academic transcript, and one copy of the conferment confirmation letter. Graduates must include a self-addressed A4 Poslaju envelope for return postage.","Untuk pengecualian bayaran balik PTPTN, PPA hanya membuat pengesahan dokumen hardcopy: satu salinan Sijil Akademik (Skrol), satu salinan Transkrip Akademik dan satu salinan Surat Pengesahan Penganugerahan. Graduan perlu sertakan sampul Poslaju A4 beralamat sendiri untuk pengeposan semula.",https://ppa.uthm.edu.my/index.php/informasi/pengijazahan/notis-pengecualian-ptptn
Pengecualian PTPTN perlu dokumen apa?,ppa_ptptn_exemption,"For PTPTN repayment exemption, PPA verifies hardcopy documents only: one copy of the academic scroll, one copy of the academic transcript, and one copy of the conferment confirmation letter. Graduates must include a self-addressed A4 Poslaju envelope for return postage.","Untuk pengecualian bayaran balik PTPTN, PPA hanya membuat pengesahan dokumen hardcopy: satu salinan Sijil Akademik (Skrol), satu salinan Transkrip Akademik dan satu salinan Surat Pengesahan Penganugerahan. Graduan perlu sertakan sampul Poslaju A4 beralamat sendiri untuk pengeposan semula.",https://ppa.uthm.edu.my/index.php/informasi/pengijazahan/notis-pengecualian-ptptn
PPA sahkan sijil untuk PTPTN?,ppa_ptptn_exemption,"For PTPTN repayment exemption, PPA verifies hardcopy documents only: one copy of the academic scroll, one copy of the academic transcript, and one copy of the conferment confirmation letter. Graduates must include a self-addressed A4 Poslaju envelope for return postage.","Untuk pengecualian bayaran balik PTPTN, PPA hanya membuat pengesahan dokumen hardcopy: satu salinan Sijil Akademik (Skrol), satu salinan Transkrip Akademik dan satu salinan Surat Pengesahan Penganugerahan. Graduan perlu sertakan sampul Poslaju A4 beralamat sendiri untuk pengeposan semula.",https://ppa.uthm.edu.my/index.php/informasi/pengijazahan/notis-pengecualian-ptptn
How to verify documents for PTPTN exemption?,ppa_ptptn_exemption,"For PTPTN repayment exemption, PPA verifies hardcopy documents only: one copy of the academic scroll, one copy of the academic transcript, and one copy of the conferment confirmation letter. Graduates must include a self-addressed A4 Poslaju envelope for return postage.","Untuk pengecualian bayaran balik PTPTN, PPA hanya membuat pengesahan dokumen hardcopy: satu salinan Sijil Akademik (Skrol), satu salinan Transkrip Akademik dan satu salinan Surat Pengesahan Penganugerahan. Graduan perlu sertakan sampul Poslaju A4 beralamat sendiri untuk pengeposan semula.",https://ppa.uthm.edu.my/index.php/informasi/pengijazahan/notis-pengecualian-ptptn
What documents are needed for PTPTN repayment exemption?,ppa_ptptn_exemption,"For PTPTN repayment exemption, PPA verifies hardcopy documents only: one copy of the academic scroll, one copy of the academic transcript, and one copy of the conferment confirmation letter. Graduates must include a self-addressed A4 Poslaju envelope for return postage.","Untuk pengecualian bayaran balik PTPTN, PPA hanya membuat pengesahan dokumen hardcopy: satu salinan Sijil Akademik (Skrol), satu salinan Transkrip Akademik dan satu salinan Surat Pengesahan Penganugerahan. Graduan perlu sertakan sampul Poslaju A4 beralamat sendiri untuk pengeposan semula.",https://ppa.uthm.edu.my/index.php/informasi/pengijazahan/notis-pengecualian-ptptn
PTPTN exemption certificate transcript verification?,ppa_ptptn_exemption,"For PTPTN repayment exemption, PPA verifies hardcopy documents only: one copy of the academic scroll, one copy of the academic transcript, and one copy of the conferment confirmation letter. Graduates must include a self-addressed A4 Poslaju envelope for return postage.","Untuk pengecualian bayaran balik PTPTN, PPA hanya membuat pengesahan dokumen hardcopy: satu salinan Sijil Akademik (Skrol), satu salinan Transkrip Akademik dan satu salinan Surat Pengesahan Penganugerahan. Graduan perlu sertakan sampul Poslaju A4 beralamat sendiri untuk pengeposan semula.",https://ppa.uthm.edu.my/index.php/informasi/pengijazahan/notis-pengecualian-ptptn
Kalendar akademik sesi 2026 2027 ada?,ppa_academic_calendar_current,"The PPA Academic Calendar page provides the 2026/2027 Academic Calendar for Diploma and Bachelor programmes in Malay and English, archived academic calendars, and Senate/JPA/academic meeting calendars.","Halaman Kalendar Akademik PPA menyediakan Kalendar Akademik Sesi 2026/2027 untuk program Diploma dan Sarjana Muda dalam Bahasa Melayu dan English, arkib kalendar akademik serta takwim mesyuarat Senat, JPA dan akademik.",https://amo.uthm.edu.my/index.php/component/content/article/kalendar-akademik-dan-jadual-kerja-pelajar?catid=2
Academic calendar 2026/2027 where?,ppa_academic_calendar_current,"The PPA Academic Calendar page provides the 2026/2027 Academic Calendar for Diploma and Bachelor programmes in Malay and English, archived academic calendars, and Senate/JPA/academic meeting calendars.","Halaman Kalendar Akademik PPA menyediakan Kalendar Akademik Sesi 2026/2027 untuk program Diploma dan Sarjana Muda dalam Bahasa Melayu dan English, arkib kalendar akademik serta takwim mesyuarat Senat, JPA dan akademik.",https://amo.uthm.edu.my/index.php/component/content/article/kalendar-akademik-dan-jadual-kerja-pelajar?catid=2
Kalendar akademik BM dan English?,ppa_academic_calendar_current,"The PPA Academic Calendar page provides the 2026/2027 Academic Calendar for Diploma and Bachelor programmes in Malay and English, archived academic calendars, and Senate/JPA/academic meeting calendars.","Halaman Kalendar Akademik PPA menyediakan Kalendar Akademik Sesi 2026/2027 untuk program Diploma dan Sarjana Muda dalam Bahasa Melayu dan English, arkib kalendar akademik serta takwim mesyuarat Senat, JPA dan akademik.",https://amo.uthm.edu.my/index.php/component/content/article/kalendar-akademik-dan-jadual-kerja-pelajar?catid=2
Where is UTHM academic calendar 2026/2027?,ppa_academic_calendar_current,"The PPA Academic Calendar page provides the 2026/2027 Academic Calendar for Diploma and Bachelor programmes in Malay and English, archived academic calendars, and Senate/JPA/academic meeting calendars.","Halaman Kalendar Akademik PPA menyediakan Kalendar Akademik Sesi 2026/2027 untuk program Diploma dan Sarjana Muda dalam Bahasa Melayu dan English, arkib kalendar akademik serta takwim mesyuarat Senat, JPA dan akademik.",https://amo.uthm.edu.my/index.php/component/content/article/kalendar-akademik-dan-jadual-kerja-pelajar?catid=2
takwim mesyuarat senat 2026 mana?,ppa_academic_calendar_current,"The PPA Academic Calendar page provides the 2026/2027 Academic Calendar for Diploma and Bachelor programmes in Malay and English, archived academic calendars, and Senate/JPA/academic meeting calendars.","Halaman Kalendar Akademik PPA menyediakan Kalendar Akademik Sesi 2026/2027 untuk program Diploma dan Sarjana Muda dalam Bahasa Melayu dan English, arkib kalendar akademik serta takwim mesyuarat Senat, JPA dan akademik.",https://amo.uthm.edu.my/index.php/component/content/article/kalendar-akademik-dan-jadual-kerja-pelajar?catid=2
takwim akademik PPA mana?,ppa_academic_calendar_current,"The PPA Academic Calendar page provides the 2026/2027 Academic Calendar for Diploma and Bachelor programmes in Malay and English, archived academic calendars, and Senate/JPA/academic meeting calendars.","Halaman Kalendar Akademik PPA menyediakan Kalendar Akademik Sesi 2026/2027 untuk program Diploma dan Sarjana Muda dalam Bahasa Melayu dan English, arkib kalendar akademik serta takwim mesyuarat Senat, JPA dan akademik.",https://amo.uthm.edu.my/index.php/component/content/article/kalendar-akademik-dan-jadual-kerja-pelajar?catid=2
Peraturan akademik edisi ke 8 mana?,ppa_academic_regulations_8th,"PPA states that UTHM uses Academic Regulations for Bachelor Degree and Diploma Programmes, 8th Edition, and the UTHM Credit Transfer Guidelines from Semester I Session 2021/2022. The page provides PDF and flipbook links.",PPA memaklumkan bahawa UTHM menggunakan Peraturan Akademik Program Sarjana Muda dan Diploma Edisi Ke-8 serta Garis Panduan Pindah Kredit UTHM mulai Semester I Sesi 2021/2022. Halaman tersebut menyediakan pautan PDF dan flipbook.,https://ppa.uthm.edu.my/index.php/informasi/peraturan-akademik
Academic Regulations 8th Edition PDF?,ppa_academic_regulations_8th,"PPA states that UTHM uses Academic Regulations for Bachelor Degree and Diploma Programmes, 8th Edition, and the UTHM Credit Transfer Guidelines from Semester I Session 2021/2022. The page provides PDF and flipbook links.",PPA memaklumkan bahawa UTHM menggunakan Peraturan Akademik Program Sarjana Muda dan Diploma Edisi Ke-8 serta Garis Panduan Pindah Kredit UTHM mulai Semester I Sesi 2021/2022. Halaman tersebut menyediakan pautan PDF dan flipbook.,https://ppa.uthm.edu.my/index.php/informasi/peraturan-akademik
Garis panduan pindah kredit mana?,ppa_academic_regulations_8th,"PPA states that UTHM uses Academic Regulations for Bachelor Degree and Diploma Programmes, 8th Edition, and the UTHM Credit Transfer Guidelines from Semester I Session 2021/2022. The page provides PDF and flipbook links.",PPA memaklumkan bahawa UTHM menggunakan Peraturan Akademik Program Sarjana Muda dan Diploma Edisi Ke-8 serta Garis Panduan Pindah Kredit UTHM mulai Semester I Sesi 2021/2022. Halaman tersebut menyediakan pautan PDF dan flipbook.,https://ppa.uthm.edu.my/index.php/informasi/peraturan-akademik
Where is Academic Regulations 8th Edition?,ppa_academic_regulations_8th,"PPA states that UTHM uses Academic Regulations for Bachelor Degree and Diploma Programmes, 8th Edition, and the UTHM Credit Transfer Guidelines from Semester I Session 2021/2022. The page provides PDF and flipbook links.",PPA memaklumkan bahawa UTHM menggunakan Peraturan Akademik Program Sarjana Muda dan Diploma Edisi Ke-8 serta Garis Panduan Pindah Kredit UTHM mulai Semester I Sesi 2021/2022. Halaman tersebut menyediakan pautan PDF dan flipbook.,https://ppa.uthm.edu.my/index.php/informasi/peraturan-akademik
Credit transfer guideline UTHM?,ppa_academic_regulations_8th,"PPA states that UTHM uses Academic Regulations for Bachelor Degree and Diploma Programmes, 8th Edition, and the UTHM Credit Transfer Guidelines from Semester I Session 2021/2022. The page provides PDF and flipbook links.",PPA memaklumkan bahawa UTHM menggunakan Peraturan Akademik Program Sarjana Muda dan Diploma Edisi Ke-8 serta Garis Panduan Pindah Kredit UTHM mulai Semester I Sesi 2021/2022. Halaman tersebut menyediakan pautan PDF dan flipbook.,https://ppa.uthm.edu.my/index.php/informasi/peraturan-akademik
peraturan akademik bachelor diploma UTHM,ppa_academic_regulations_8th,"PPA states that UTHM uses Academic Regulations for Bachelor Degree and Diploma Programmes, 8th Edition, and the UTHM Credit Transfer Guidelines from Semester I Session 2021/2022. The page provides PDF and flipbook links.",PPA memaklumkan bahawa UTHM menggunakan Peraturan Akademik Program Sarjana Muda dan Diploma Edisi Ke-8 serta Garis Panduan Pindah Kredit UTHM mulai Semester I Sesi 2021/2022. Halaman tersebut menyediakan pautan PDF dan flipbook.,https://ppa.uthm.edu.my/index.php/informasi/peraturan-akademik
Senarai ruang kuliah gunasama mana?,ppa_shared_lecture_room,"The PPA Shared Lecture Room page provides lists of shared rooms for the main campus and Pagoh campus, teaching and learning laboratory rooms at Pagoh, and lecture room location plans.","Halaman Ruang Kuliah Gunasama PPA menyediakan senarai ruang guna sama Kampus Induk dan Kampus Pagoh, senarai ruang makmal pengajaran dan pembelajaran Kampus Pagoh serta pelan lokasi ruang kuliah.",https://ppa.uthm.edu.my/index.php/informasi/ruang-kuliah-gunasama
Ruang guna sama kampus induk?,ppa_shared_lecture_room,"The PPA Shared Lecture Room page provides lists of shared rooms for the main campus and Pagoh campus, teaching and learning laboratory rooms at Pagoh, and lecture room location plans.","Halaman Ruang Kuliah Gunasama PPA menyediakan senarai ruang guna sama Kampus Induk dan Kampus Pagoh, senarai ruang makmal pengajaran dan pembelajaran Kampus Pagoh serta pelan lokasi ruang kuliah.",https://ppa.uthm.edu.my/index.php/informasi/ruang-kuliah-gunasama
Ruang guna sama kampus Pagoh?,ppa_shared_lecture_room,"The PPA Shared Lecture Room page provides lists of shared rooms for the main campus and Pagoh campus, teaching and learning laboratory rooms at Pagoh, and lecture room location plans.","Halaman Ruang Kuliah Gunasama PPA menyediakan senarai ruang guna sama Kampus Induk dan Kampus Pagoh, senarai ruang makmal pengajaran dan pembelajaran Kampus Pagoh serta pelan lokasi ruang kuliah.",https://ppa.uthm.edu.my/index.php/informasi/ruang-kuliah-gunasama
Where can I check shared lecture rooms?,ppa_shared_lecture_room,"The PPA Shared Lecture Room page provides lists of shared rooms for the main campus and Pagoh campus, teaching and learning laboratory rooms at Pagoh, and lecture room location plans.","Halaman Ruang Kuliah Gunasama PPA menyediakan senarai ruang guna sama Kampus Induk dan Kampus Pagoh, senarai ruang makmal pengajaran dan pembelajaran Kampus Pagoh serta pelan lokasi ruang kuliah.",https://ppa.uthm.edu.my/index.php/informasi/ruang-kuliah-gunasama
Shared lecture room list UTHM?,ppa_shared_lecture_room,"The PPA Shared Lecture Room page provides lists of shared rooms for the main campus and Pagoh campus, teaching and learning laboratory rooms at Pagoh, and lecture room location plans.","Halaman Ruang Kuliah Gunasama PPA menyediakan senarai ruang guna sama Kampus Induk dan Kampus Pagoh, senarai ruang makmal pengajaran dan pembelajaran Kampus Pagoh serta pelan lokasi ruang kuliah.",https://ppa.uthm.edu.my/index.php/informasi/ruang-kuliah-gunasama
pelan lokasi ruang kuliah mana?,ppa_shared_lecture_room,"The PPA Shared Lecture Room page provides lists of shared rooms for the main campus and Pagoh campus, teaching and learning laboratory rooms at Pagoh, and lecture room location plans.","Halaman Ruang Kuliah Gunasama PPA menyediakan senarai ruang guna sama Kampus Induk dan Kampus Pagoh, senarai ruang makmal pengajaran dan pembelajaran Kampus Pagoh serta pelan lokasi ruang kuliah.",https://ppa.uthm.edu.my/index.php/informasi/ruang-kuliah-gunasama
Senarai keahlian Senat UTHM mana?,ppa_senate_membership,The UTHM Senate membership list can be referred to through the PPA Senate Membership List page.,Senarai Keahlian Senat UTHM boleh dirujuk melalui halaman Senarai Keahlian Senat PPA.,https://ppa.uthm.edu.my/index.php/informasi/senarai-keahlian-senat
Siapa ahli Senat UTHM?,ppa_senate_membership,The UTHM Senate membership list can be referred to through the PPA Senate Membership List page.,Senarai Keahlian Senat UTHM boleh dirujuk melalui halaman Senarai Keahlian Senat PPA.,https://ppa.uthm.edu.my/index.php/informasi/senarai-keahlian-senat
Where is UTHM Senate membership list?,ppa_senate_membership,The UTHM Senate membership list can be referred to through the PPA Senate Membership List page.,Senarai Keahlian Senat UTHM boleh dirujuk melalui halaman Senarai Keahlian Senat PPA.,https://ppa.uthm.edu.my/index.php/informasi/senarai-keahlian-senat
UTHM Senate members list?,ppa_senate_membership,The UTHM Senate membership list can be referred to through the PPA Senate Membership List page.,Senarai Keahlian Senat UTHM boleh dirujuk melalui halaman Senarai Keahlian Senat PPA.,https://ppa.uthm.edu.my/index.php/informasi/senarai-keahlian-senat
senate membership UTHM,ppa_senate_membership,The UTHM Senate membership list can be referred to through the PPA Senate Membership List page.,Senarai Keahlian Senat UTHM boleh dirujuk melalui halaman Senarai Keahlian Senat PPA.,https://ppa.uthm.edu.my/index.php/informasi/senarai-keahlian-senat
senarai ahli senat ppa,ppa_senate_membership,The UTHM Senate membership list can be referred to through the PPA Senate Membership List page.,Senarai Keahlian Senat UTHM boleh dirujuk melalui halaman Senarai Keahlian Senat PPA.,https://ppa.uthm.edu.my/index.php/informasi/senarai-keahlian-senat
Senarai program dan syarat kemasukan UTHM mana?,ppa_program_list_requirements,The PPA Programme List and Admission Requirements page provides information on Diploma and Bachelor programmes and entry requirements for Malaysian applicants.,Halaman Senarai Program dan Syarat Kemasukan PPA menyediakan maklumat program Diploma dan Sarjana Muda serta syarat kemasukan untuk pemohon warganegara.,https://ppa.uthm.edu.my/index.php/kemasukan/senarai-program
Program diploma dan sarjana muda UTHM?,ppa_program_list_requirements,The PPA Programme List and Admission Requirements page provides information on Diploma and Bachelor programmes and entry requirements for Malaysian applicants.,Halaman Senarai Program dan Syarat Kemasukan PPA menyediakan maklumat program Diploma dan Sarjana Muda serta syarat kemasukan untuk pemohon warganegara.,https://ppa.uthm.edu.my/index.php/kemasukan/senarai-program
Where is UTHM programme list and admission requirements?,ppa_program_list_requirements,The PPA Programme List and Admission Requirements page provides information on Diploma and Bachelor programmes and entry requirements for Malaysian applicants.,Halaman Senarai Program dan Syarat Kemasukan PPA menyediakan maklumat program Diploma dan Sarjana Muda serta syarat kemasukan untuk pemohon warganegara.,https://ppa.uthm.edu.my/index.php/kemasukan/senarai-program
Diploma and bachelor programme list UTHM?,ppa_program_list_requirements,The PPA Programme List and Admission Requirements page provides information on Diploma and Bachelor programmes and entry requirements for Malaysian applicants.,Halaman Senarai Program dan Syarat Kemasukan PPA menyediakan maklumat program Diploma dan Sarjana Muda serta syarat kemasukan untuk pemohon warganegara.,https://ppa.uthm.edu.my/index.php/kemasukan/senarai-program
syarat kemasukan warganegara UTHM,ppa_program_list_requirements,The PPA Programme List and Admission Requirements page provides information on Diploma and Bachelor programmes and entry requirements for Malaysian applicants.,Halaman Senarai Program dan Syarat Kemasukan PPA menyediakan maklumat program Diploma dan Sarjana Muda serta syarat kemasukan untuk pemohon warganegara.,https://ppa.uthm.edu.my/index.php/kemasukan/senarai-program
program list UTHM admission requirements,ppa_program_list_requirements,The PPA Programme List and Admission Requirements page provides information on Diploma and Bachelor programmes and entry requirements for Malaysian applicants.,Halaman Senarai Program dan Syarat Kemasukan PPA menyediakan maklumat program Diploma dan Sarjana Muda serta syarat kemasukan untuk pemohon warganegara.,https://ppa.uthm.edu.my/index.php/kemasukan/senarai-program
Syarat kemasukan international UTHM apa?,ppa_international_admission_requirements,"For international undergraduate admission, PPA lists recognised qualifications such as GCE A Level, International Baccalaureate, Diploma or equivalent qualifications recognised by Malaysia and approved by the University Senate. English requirements include MUET Band 3 and above, IELTS 4.5 and above, TOEFL iBT score requirements, and other accepted English tests.","Untuk kemasukan sarjana muda antarabangsa, PPA menyenaraikan kelayakan seperti GCE A Level, International Baccalaureate, Diploma atau kelayakan setara yang diiktiraf oleh Malaysia dan diluluskan Senat Universiti. Syarat English termasuk MUET Band 3 ke atas, IELTS 4.5 ke atas, syarat skor TOEFL iBT dan ujian English lain yang diterima.",https://ppa.uthm.edu.my/index.php/kemasukan/international/admission-requirements
International admission requirements UTHM?,ppa_international_admission_requirements,"For international undergraduate admission, PPA lists recognised qualifications such as GCE A Level, International Baccalaureate, Diploma or equivalent qualifications recognised by Malaysia and approved by the University Senate. English requirements include MUET Band 3 and above, IELTS 4.5 and above, TOEFL iBT score requirements, and other accepted English tests.","Untuk kemasukan sarjana muda antarabangsa, PPA menyenaraikan kelayakan seperti GCE A Level, International Baccalaureate, Diploma atau kelayakan setara yang diiktiraf oleh Malaysia dan diluluskan Senat Universiti. Syarat English termasuk MUET Band 3 ke atas, IELTS 4.5 ke atas, syarat skor TOEFL iBT dan ujian English lain yang diterima.",https://ppa.uthm.edu.my/index.php/kemasukan/international/admission-requirements
English requirement international UTHM?,ppa_international_admission_requirements,"For international undergraduate admission, PPA lists recognised qualifications such as GCE A Level, International Baccalaureate, Diploma or equivalent qualifications recognised by Malaysia and approved by the University Senate. English requirements include MUET Band 3 and above, IELTS 4.5 and above, TOEFL iBT score requirements, and other accepted English tests.","Untuk kemasukan sarjana muda antarabangsa, PPA menyenaraikan kelayakan seperti GCE A Level, International Baccalaureate, Diploma atau kelayakan setara yang diiktiraf oleh Malaysia dan diluluskan Senat Universiti. Syarat English termasuk MUET Band 3 ke atas, IELTS 4.5 ke atas, syarat skor TOEFL iBT dan ujian English lain yang diterima.",https://ppa.uthm.edu.my/index.php/kemasukan/international/admission-requirements
MUET IELTS TOEFL requirement UTHM international?,ppa_international_admission_requirements,"For international undergraduate admission, PPA lists recognised qualifications such as GCE A Level, International Baccalaureate, Diploma or equivalent qualifications recognised by Malaysia and approved by the University Senate. English requirements include MUET Band 3 and above, IELTS 4.5 and above, TOEFL iBT score requirements, and other accepted English tests.","Untuk kemasukan sarjana muda antarabangsa, PPA menyenaraikan kelayakan seperti GCE A Level, International Baccalaureate, Diploma atau kelayakan setara yang diiktiraf oleh Malaysia dan diluluskan Senat Universiti. Syarat English termasuk MUET Band 3 ke atas, IELTS 4.5 ke atas, syarat skor TOEFL iBT dan ujian English lain yang diterima.",https://ppa.uthm.edu.my/index.php/kemasukan/international/admission-requirements
syarat English pelajar antarabangsa UTHM,ppa_international_admission_requirements,"For international undergraduate admission, PPA lists recognised qualifications such as GCE A Level, International Baccalaureate, Diploma or equivalent qualifications recognised by Malaysia and approved by the University Senate. English requirements include MUET Band 3 and above, IELTS 4.5 and above, TOEFL iBT score requirements, and other accepted English tests.","Untuk kemasukan sarjana muda antarabangsa, PPA menyenaraikan kelayakan seperti GCE A Level, International Baccalaureate, Diploma atau kelayakan setara yang diiktiraf oleh Malaysia dan diluluskan Senat Universiti. Syarat English termasuk MUET Band 3 ke atas, IELTS 4.5 ke atas, syarat skor TOEFL iBT dan ujian English lain yang diterima.",https://ppa.uthm.edu.my/index.php/kemasukan/international/admission-requirements
undergraduate admission requirements international UTHM,ppa_international_admission_requirements,"For international undergraduate admission, PPA lists recognised qualifications such as GCE A Level, International Baccalaureate, Diploma or equivalent qualifications recognised by Malaysia and approved by the University Senate. English requirements include MUET Band 3 and above, IELTS 4.5 and above, TOEFL iBT score requirements, and other accepted English tests.","Untuk kemasukan sarjana muda antarabangsa, PPA menyenaraikan kelayakan seperti GCE A Level, International Baccalaureate, Diploma atau kelayakan setara yang diiktiraf oleh Malaysia dan diluluskan Senat Universiti. Syarat English termasuk MUET Band 3 ke atas, IELTS 4.5 ke atas, syarat skor TOEFL iBT dan ujian English lain yang diterima.",https://ppa.uthm.edu.my/index.php/kemasukan/international/admission-requirements
Apakah peraturan tarik diri kursus?,ppa_course_withdrawal_rules,"Course withdrawal requires the consent of the Academic and Career Advisor or faculty Academic Administrator, is subject to the minimum credit requirement, and paid fees are not refundable. TD status is recorded in the course registration slip and academic transcript.","Tarik diri kursus memerlukan persetujuan Penasihat Akademik dan Kerjaya atau Pentadbir Akademik Fakulti, tertakluk kepada syarat jumlah kredit minimum, dan yuran yang telah dibayar tidak dikembalikan. Status TD akan dicatatkan pada Slip Pendaftaran Kursus dan Transkrip Akademik.",https://ppa.uthm.edu.my/index.php/pelajar/tarik-diri-kursus
Bila boleh tarik diri kursus?,ppa_course_withdrawal_rules,"Course withdrawal requires the consent of the Academic and Career Advisor or faculty Academic Administrator, is subject to the minimum credit requirement, and paid fees are not refundable. TD status is recorded in the course registration slip and academic transcript.","Tarik diri kursus memerlukan persetujuan Penasihat Akademik dan Kerjaya atau Pentadbir Akademik Fakulti, tertakluk kepada syarat jumlah kredit minimum, dan yuran yang telah dibayar tidak dikembalikan. Status TD akan dicatatkan pada Slip Pendaftaran Kursus dan Transkrip Akademik.",https://ppa.uthm.edu.my/index.php/pelajar/tarik-diri-kursus
Adakah yuran dikembalikan jika tarik diri kursus?,ppa_course_withdrawal_rules,"Course withdrawal requires the consent of the Academic and Career Advisor or faculty Academic Administrator, is subject to the minimum credit requirement, and paid fees are not refundable. TD status is recorded in the course registration slip and academic transcript.","Tarik diri kursus memerlukan persetujuan Penasihat Akademik dan Kerjaya atau Pentadbir Akademik Fakulti, tertakluk kepada syarat jumlah kredit minimum, dan yuran yang telah dibayar tidak dikembalikan. Status TD akan dicatatkan pada Slip Pendaftaran Kursus dan Transkrip Akademik.",https://ppa.uthm.edu.my/index.php/pelajar/tarik-diri-kursus
What are course withdrawal rules?,ppa_course_withdrawal_rules,"Course withdrawal requires the consent of the Academic and Career Advisor or faculty Academic Administrator, is subject to the minimum credit requirement, and paid fees are not refundable. TD status is recorded in the course registration slip and academic transcript.","Tarik diri kursus memerlukan persetujuan Penasihat Akademik dan Kerjaya atau Pentadbir Akademik Fakulti, tertakluk kepada syarat jumlah kredit minimum, dan yuran yang telah dibayar tidak dikembalikan. Status TD akan dicatatkan pada Slip Pendaftaran Kursus dan Transkrip Akademik.",https://ppa.uthm.edu.my/index.php/pelajar/tarik-diri-kursus
When can I withdraw from a course?,ppa_course_withdrawal_rules,"Course withdrawal requires the consent of the Academic and Career Advisor or faculty Academic Administrator, is subject to the minimum credit requirement, and paid fees are not refundable. TD status is recorded in the course registration slip and academic transcript.","Tarik diri kursus memerlukan persetujuan Penasihat Akademik dan Kerjaya atau Pentadbir Akademik Fakulti, tertakluk kepada syarat jumlah kredit minimum, dan yuran yang telah dibayar tidak dikembalikan. Status TD akan dicatatkan pada Slip Pendaftaran Kursus dan Transkrip Akademik.",https://ppa.uthm.edu.my/index.php/pelajar/tarik-diri-kursus
Will fees be refunded after course withdrawal?,ppa_course_withdrawal_rules,"Course withdrawal requires the consent of the Academic and Career Advisor or faculty Academic Administrator, is subject to the minimum credit requirement, and paid fees are not refundable. TD status is recorded in the course registration slip and academic transcript.","Tarik diri kursus memerlukan persetujuan Penasihat Akademik dan Kerjaya atau Pentadbir Akademik Fakulti, tertakluk kepada syarat jumlah kredit minimum, dan yuran yang telah dibayar tidak dikembalikan. Status TD akan dicatatkan pada Slip Pendaftaran Kursus dan Transkrip Akademik.",https://ppa.uthm.edu.my/index.php/pelajar/tarik-diri-kursus
Bagaimana peraturan tangguh pengajian?,ppa_defer_study_rules,"Applications for deferment of study must use the Deferment of Study Form, except for deferment under Regulation 17(4), and must be submitted to the Office of Academic Management for approval. Health-related deferment requires confirmation and support from a Medical Officer of a Government Hospital or the University Health Centre.","Permohonan tangguh pengajian hendaklah menggunakan Borang Tangguh Pengajian kecuali penangguhan di bawah Peraturan 17(4), dan perlu dikemukakan kepada Pejabat Pengurusan Akademik untuk kelulusan. Penangguhan atas alasan kesihatan memerlukan pengesahan dan sokongan Pegawai Perubatan Hospital Kerajaan atau Pusat Kesihatan Universiti.",https://ppa.uthm.edu.my/index.php/pelajar/tangguh-pengajian
Tangguh pengajian sebab kesihatan perlu apa?,ppa_defer_study_rules,"Applications for deferment of study must use the Deferment of Study Form, except for deferment under Regulation 17(4), and must be submitted to the Office of Academic Management for approval. Health-related deferment requires confirmation and support from a Medical Officer of a Government Hospital or the University Health Centre.","Permohonan tangguh pengajian hendaklah menggunakan Borang Tangguh Pengajian kecuali penangguhan di bawah Peraturan 17(4), dan perlu dikemukakan kepada Pejabat Pengurusan Akademik untuk kelulusan. Penangguhan atas alasan kesihatan memerlukan pengesahan dan sokongan Pegawai Perubatan Hospital Kerajaan atau Pusat Kesihatan Universiti.",https://ppa.uthm.edu.my/index.php/pelajar/tangguh-pengajian
Borang tangguh pengajian hantar mana?,ppa_defer_study_rules,"Applications for deferment of study must use the Deferment of Study Form, except for deferment under Regulation 17(4), and must be submitted to the Office of Academic Management for approval. Health-related deferment requires confirmation and support from a Medical Officer of a Government Hospital or the University Health Centre.","Permohonan tangguh pengajian hendaklah menggunakan Borang Tangguh Pengajian kecuali penangguhan di bawah Peraturan 17(4), dan perlu dikemukakan kepada Pejabat Pengurusan Akademik untuk kelulusan. Penangguhan atas alasan kesihatan memerlukan pengesahan dan sokongan Pegawai Perubatan Hospital Kerajaan atau Pusat Kesihatan Universiti.",https://ppa.uthm.edu.my/index.php/pelajar/tangguh-pengajian
What are deferment of study rules?,ppa_defer_study_rules,"Applications for deferment of study must use the Deferment of Study Form, except for deferment under Regulation 17(4), and must be submitted to the Office of Academic Management for approval. Health-related deferment requires confirmation and support from a Medical Officer of a Government Hospital or the University Health Centre.","Permohonan tangguh pengajian hendaklah menggunakan Borang Tangguh Pengajian kecuali penangguhan di bawah Peraturan 17(4), dan perlu dikemukakan kepada Pejabat Pengurusan Akademik untuk kelulusan. Penangguhan atas alasan kesihatan memerlukan pengesahan dan sokongan Pegawai Perubatan Hospital Kerajaan atau Pusat Kesihatan Universiti.",https://ppa.uthm.edu.my/index.php/pelajar/tangguh-pengajian
How to apply deferment on health grounds?,ppa_defer_study_rules,"Applications for deferment of study must use the Deferment of Study Form, except for deferment under Regulation 17(4), and must be submitted to the Office of Academic Management for approval. Health-related deferment requires confirmation and support from a Medical Officer of a Government Hospital or the University Health Centre.","Permohonan tangguh pengajian hendaklah menggunakan Borang Tangguh Pengajian kecuali penangguhan di bawah Peraturan 17(4), dan perlu dikemukakan kepada Pejabat Pengurusan Akademik untuk kelulusan. Penangguhan atas alasan kesihatan memerlukan pengesahan dan sokongan Pegawai Perubatan Hospital Kerajaan atau Pusat Kesihatan Universiti.",https://ppa.uthm.edu.my/index.php/pelajar/tangguh-pengajian
Where to submit deferment of study form?,ppa_defer_study_rules,"Applications for deferment of study must use the Deferment of Study Form, except for deferment under Regulation 17(4), and must be submitted to the Office of Academic Management for approval. Health-related deferment requires confirmation and support from a Medical Officer of a Government Hospital or the University Health Centre.","Permohonan tangguh pengajian hendaklah menggunakan Borang Tangguh Pengajian kecuali penangguhan di bawah Peraturan 17(4), dan perlu dikemukakan kepada Pejabat Pengurusan Akademik untuk kelulusan. Penangguhan atas alasan kesihatan memerlukan pengesahan dan sokongan Pegawai Perubatan Hospital Kerajaan atau Pusat Kesihatan Universiti.",https://ppa.uthm.edu.my/index.php/pelajar/tangguh-pengajian
Bagaimana peraturan berhenti pengajian?,ppa_quit_study_rules,"A student may apply to withdraw from studies at any time, but is not allowed to leave until the application is approved by the University. Payments related to the studies are not refunded and the University may claim any outstanding debt.","Pelajar boleh memohon berhenti pengajian pada bila-bila masa, tetapi tidak dibenarkan meninggalkan pengajian sehingga permohonan diluluskan oleh Universiti. Bayaran berkaitan pengajian tidak akan dikembalikan dan Universiti berhak menuntut hutang yang belum dijelaskan.",https://ppa.uthm.edu.my/index.php/pelajar/berhenti-pengajian
Boleh berhenti pengajian bila bila masa?,ppa_quit_study_rules,"A student may apply to withdraw from studies at any time, but is not allowed to leave until the application is approved by the University. Payments related to the studies are not refunded and the University may claim any outstanding debt.","Pelajar boleh memohon berhenti pengajian pada bila-bila masa, tetapi tidak dibenarkan meninggalkan pengajian sehingga permohonan diluluskan oleh Universiti. Bayaran berkaitan pengajian tidak akan dikembalikan dan Universiti berhak menuntut hutang yang belum dijelaskan.",https://ppa.uthm.edu.my/index.php/pelajar/berhenti-pengajian
Adakah boleh tinggalkan pengajian sebelum diluluskan?,ppa_quit_study_rules,"A student may apply to withdraw from studies at any time, but is not allowed to leave until the application is approved by the University. Payments related to the studies are not refunded and the University may claim any outstanding debt.","Pelajar boleh memohon berhenti pengajian pada bila-bila masa, tetapi tidak dibenarkan meninggalkan pengajian sehingga permohonan diluluskan oleh Universiti. Bayaran berkaitan pengajian tidak akan dikembalikan dan Universiti berhak menuntut hutang yang belum dijelaskan.",https://ppa.uthm.edu.my/index.php/pelajar/berhenti-pengajian
What are withdrawal from studies rules?,ppa_quit_study_rules,"A student may apply to withdraw from studies at any time, but is not allowed to leave until the application is approved by the University. Payments related to the studies are not refunded and the University may claim any outstanding debt.","Pelajar boleh memohon berhenti pengajian pada bila-bila masa, tetapi tidak dibenarkan meninggalkan pengajian sehingga permohonan diluluskan oleh Universiti. Bayaran berkaitan pengajian tidak akan dikembalikan dan Universiti berhak menuntut hutang yang belum dijelaskan.",https://ppa.uthm.edu.my/index.php/pelajar/berhenti-pengajian
Can I quit my studies anytime?,ppa_quit_study_rules,"A student may apply to withdraw from studies at any time, but is not allowed to leave until the application is approved by the University. Payments related to the studies are not refunded and the University may claim any outstanding debt.","Pelajar boleh memohon berhenti pengajian pada bila-bila masa, tetapi tidak dibenarkan meninggalkan pengajian sehingga permohonan diluluskan oleh Universiti. Bayaran berkaitan pengajian tidak akan dikembalikan dan Universiti berhak menuntut hutang yang belum dijelaskan.",https://ppa.uthm.edu.my/index.php/pelajar/berhenti-pengajian
Can I leave before withdrawal is approved?,ppa_quit_study_rules,"A student may apply to withdraw from studies at any time, but is not allowed to leave until the application is approved by the University. Payments related to the studies are not refunded and the University may claim any outstanding debt.","Pelajar boleh memohon berhenti pengajian pada bila-bila masa, tetapi tidak dibenarkan meninggalkan pengajian sehingga permohonan diluluskan oleh Universiti. Bayaran berkaitan pengajian tidak akan dikembalikan dan Universiti berhak menuntut hutang yang belum dijelaskan.",https://ppa.uthm.edu.my/index.php/pelajar/berhenti-pengajian
Kenapa pelajar boleh diberhentikan daripada pengajian?,ppa_termination_rules,"A student may be terminated if the University awards Failed status due to GPA less than 1.00 with CGPA between 1.70 and less than 2.00, if the student receives Conditional Status three times consecutively, or if the student owes debt to the University.","Pelajar boleh diberhentikan jika Universiti memberikan Kedudukan Gagal kerana GPA kurang daripada 1.00 dan CGPA antara 1.70 hingga kurang daripada 2.00, mendapat Kedudukan Bersyarat tiga kali berturut-turut, atau berhutang dengan Universiti.",https://ppa.uthm.edu.my/index.php/pelajar/berhenti-pengajian
Apa maksud kedudukan gagal diberhentikan?,ppa_termination_rules,"A student may be terminated if the University awards Failed status due to GPA less than 1.00 with CGPA between 1.70 and less than 2.00, if the student receives Conditional Status three times consecutively, or if the student owes debt to the University.","Pelajar boleh diberhentikan jika Universiti memberikan Kedudukan Gagal kerana GPA kurang daripada 1.00 dan CGPA antara 1.70 hingga kurang daripada 2.00, mendapat Kedudukan Bersyarat tiga kali berturut-turut, atau berhutang dengan Universiti.",https://ppa.uthm.edu.my/index.php/pelajar/berhenti-pengajian
What causes termination from studies?,ppa_termination_rules,"A student may be terminated if the University awards Failed status due to GPA less than 1.00 with CGPA between 1.70 and less than 2.00, if the student receives Conditional Status three times consecutively, or if the student owes debt to the University.","Pelajar boleh diberhentikan jika Universiti memberikan Kedudukan Gagal kerana GPA kurang daripada 1.00 dan CGPA antara 1.70 hingga kurang daripada 2.00, mendapat Kedudukan Bersyarat tiga kali berturut-turut, atau berhutang dengan Universiti.",https://ppa.uthm.edu.my/index.php/pelajar/berhenti-pengajian
Can debt cause termination from studies?,ppa_termination_rules,"A student may be terminated if the University awards Failed status due to GPA less than 1.00 with CGPA between 1.70 and less than 2.00, if the student receives Conditional Status three times consecutively, or if the student owes debt to the University.","Pelajar boleh diberhentikan jika Universiti memberikan Kedudukan Gagal kerana GPA kurang daripada 1.00 dan CGPA antara 1.70 hingga kurang daripada 2.00, mendapat Kedudukan Bersyarat tiga kali berturut-turut, atau berhutang dengan Universiti.",https://ppa.uthm.edu.my/index.php/pelajar/berhenti-pengajian
KS tiga kali berturut turut jadi apa?,ppa_termination_rules,"A student may be terminated if the University awards Failed status due to GPA less than 1.00 with CGPA between 1.70 and less than 2.00, if the student receives Conditional Status three times consecutively, or if the student owes debt to the University.","Pelajar boleh diberhentikan jika Universiti memberikan Kedudukan Gagal kerana GPA kurang daripada 1.00 dan CGPA antara 1.70 hingga kurang daripada 2.00, mendapat Kedudukan Bersyarat tiga kali berturut-turut, atau berhutang dengan Universiti.",https://ppa.uthm.edu.my/index.php/pelajar/berhenti-pengajian
GPA CGPA berapa boleh diberhentikan?,ppa_termination_rules,"A student may be terminated if the University awards Failed status due to GPA less than 1.00 with CGPA between 1.70 and less than 2.00, if the student receives Conditional Status three times consecutively, or if the student owes debt to the University.","Pelajar boleh diberhentikan jika Universiti memberikan Kedudukan Gagal kerana GPA kurang daripada 1.00 dan CGPA antara 1.70 hingga kurang daripada 2.00, mendapat Kedudukan Bersyarat tiga kali berturut-turut, atau berhutang dengan Universiti.",https://ppa.uthm.edu.my/index.php/pelajar/berhenti-pengajian
Bagaimana mohon transkrip akademik awal?,ppa_transcript_certificate,"PPA provides information for early academic transcript applications and replacement academic certificates. For replacement certificates, required documents include a police report, statutory declaration, official application letter, application form and payment receipt. The replacement certificate fee is RM200, with postage fee RM12 for Peninsular Malaysia and RM18 for Sabah/Sarawak.","PPA menyediakan maklumat permohonan transkrip akademik awal dan sijil akademik gantian. Untuk sijil gantian, dokumen diperlukan termasuk laporan polis, surat akuan bersumpah, surat rasmi permohonan, borang permohonan dan resit bayaran. Bayaran sijil gantian ialah RM200, dengan bayaran pos RM12 untuk Semenanjung Malaysia dan RM18 untuk Sabah/Sarawak.",https://ppa.uthm.edu.my/index.php/pelajar/transkrip-dan-sijil-akademik
Bagaimana mohon sijil akademik gantian?,ppa_transcript_certificate,"PPA provides information for early academic transcript applications and replacement academic certificates. For replacement certificates, required documents include a police report, statutory declaration, official application letter, application form and payment receipt. The replacement certificate fee is RM200, with postage fee RM12 for Peninsular Malaysia and RM18 for Sabah/Sarawak.","PPA menyediakan maklumat permohonan transkrip akademik awal dan sijil akademik gantian. Untuk sijil gantian, dokumen diperlukan termasuk laporan polis, surat akuan bersumpah, surat rasmi permohonan, borang permohonan dan resit bayaran. Bayaran sijil gantian ialah RM200, dengan bayaran pos RM12 untuk Semenanjung Malaysia dan RM18 untuk Sabah/Sarawak.",https://ppa.uthm.edu.my/index.php/pelajar/transkrip-dan-sijil-akademik
Berapa bayaran sijil akademik gantian?,ppa_transcript_certificate,"PPA provides information for early academic transcript applications and replacement academic certificates. For replacement certificates, required documents include a police report, statutory declaration, official application letter, application form and payment receipt. The replacement certificate fee is RM200, with postage fee RM12 for Peninsular Malaysia and RM18 for Sabah/Sarawak.","PPA menyediakan maklumat permohonan transkrip akademik awal dan sijil akademik gantian. Untuk sijil gantian, dokumen diperlukan termasuk laporan polis, surat akuan bersumpah, surat rasmi permohonan, borang permohonan dan resit bayaran. Bayaran sijil gantian ialah RM200, dengan bayaran pos RM12 untuk Semenanjung Malaysia dan RM18 untuk Sabah/Sarawak.",https://ppa.uthm.edu.my/index.php/pelajar/transkrip-dan-sijil-akademik
How to apply early academic transcript?,ppa_transcript_certificate,"PPA provides information for early academic transcript applications and replacement academic certificates. For replacement certificates, required documents include a police report, statutory declaration, official application letter, application form and payment receipt. The replacement certificate fee is RM200, with postage fee RM12 for Peninsular Malaysia and RM18 for Sabah/Sarawak.","PPA menyediakan maklumat permohonan transkrip akademik awal dan sijil akademik gantian. Untuk sijil gantian, dokumen diperlukan termasuk laporan polis, surat akuan bersumpah, surat rasmi permohonan, borang permohonan dan resit bayaran. Bayaran sijil gantian ialah RM200, dengan bayaran pos RM12 untuk Semenanjung Malaysia dan RM18 untuk Sabah/Sarawak.",https://ppa.uthm.edu.my/index.php/pelajar/transkrip-dan-sijil-akademik
How to apply replacement academic certificate?,ppa_transcript_certificate,"PPA provides information for early academic transcript applications and replacement academic certificates. For replacement certificates, required documents include a police report, statutory declaration, official application letter, application form and payment receipt. The replacement certificate fee is RM200, with postage fee RM12 for Peninsular Malaysia and RM18 for Sabah/Sarawak.","PPA menyediakan maklumat permohonan transkrip akademik awal dan sijil akademik gantian. Untuk sijil gantian, dokumen diperlukan termasuk laporan polis, surat akuan bersumpah, surat rasmi permohonan, borang permohonan dan resit bayaran. Bayaran sijil gantian ialah RM200, dengan bayaran pos RM12 untuk Semenanjung Malaysia dan RM18 untuk Sabah/Sarawak.",https://ppa.uthm.edu.my/index.php/pelajar/transkrip-dan-sijil-akademik
Replacement certificate fee UTHM?,ppa_transcript_certificate,"PPA provides information for early academic transcript applications and replacement academic certificates. For replacement certificates, required documents include a police report, statutory declaration, official application letter, application form and payment receipt. The replacement certificate fee is RM200, with postage fee RM12 for Peninsular Malaysia and RM18 for Sabah/Sarawak.","PPA menyediakan maklumat permohonan transkrip akademik awal dan sijil akademik gantian. Untuk sijil gantian, dokumen diperlukan termasuk laporan polis, surat akuan bersumpah, surat rasmi permohonan, borang permohonan dan resit bayaran. Bayaran sijil gantian ialah RM200, dengan bayaran pos RM12 untuk Semenanjung Malaysia dan RM18 untuk Sabah/Sarawak.",https://ppa.uthm.edu.my/index.php/pelajar/transkrip-dan-sijil-akademik
Bagaimana mohon surat pengesahan pelajar?,ppa_student_verification_letter,Student verification letter applications for Diploma and Bachelor students can be made through SMAP Online at https://smap.uthm.edu.my/ via the Online Application menu. The letter can be downloaded through SMAP Online within five working days.,Permohonan surat pengesahan pelajar bagi pelajar Diploma dan Sarjana Muda boleh dibuat melalui SMAP Online di https://smap.uthm.edu.my/ melalui menu Online Application. Surat boleh dimuat turun melalui SMAP Online dalam tempoh lima hari bekerja.,https://ppa.uthm.edu.my/index.php/pelajar/surat-pengesahan-pelajar
Surat pengesahan pelajar boleh mohon online?,ppa_student_verification_letter,Student verification letter applications for Diploma and Bachelor students can be made through SMAP Online at https://smap.uthm.edu.my/ via the Online Application menu. The letter can be downloaded through SMAP Online within five working days.,Permohonan surat pengesahan pelajar bagi pelajar Diploma dan Sarjana Muda boleh dibuat melalui SMAP Online di https://smap.uthm.edu.my/ melalui menu Online Application. Surat boleh dimuat turun melalui SMAP Online dalam tempoh lima hari bekerja.,https://ppa.uthm.edu.my/index.php/pelajar/surat-pengesahan-pelajar
Berapa lama surat pengesahan pelajar siap?,ppa_student_verification_letter,Student verification letter applications for Diploma and Bachelor students can be made through SMAP Online at https://smap.uthm.edu.my/ via the Online Application menu. The letter can be downloaded through SMAP Online within five working days.,Permohonan surat pengesahan pelajar bagi pelajar Diploma dan Sarjana Muda boleh dibuat melalui SMAP Online di https://smap.uthm.edu.my/ melalui menu Online Application. Surat boleh dimuat turun melalui SMAP Online dalam tempoh lima hari bekerja.,https://ppa.uthm.edu.my/index.php/pelajar/surat-pengesahan-pelajar
How to apply student verification letter?,ppa_student_verification_letter,Student verification letter applications for Diploma and Bachelor students can be made through SMAP Online at https://smap.uthm.edu.my/ via the Online Application menu. The letter can be downloaded through SMAP Online within five working days.,Permohonan surat pengesahan pelajar bagi pelajar Diploma dan Sarjana Muda boleh dibuat melalui SMAP Online di https://smap.uthm.edu.my/ melalui menu Online Application. Surat boleh dimuat turun melalui SMAP Online dalam tempoh lima hari bekerja.,https://ppa.uthm.edu.my/index.php/pelajar/surat-pengesahan-pelajar
Can I apply student verification letter online?,ppa_student_verification_letter,Student verification letter applications for Diploma and Bachelor students can be made through SMAP Online at https://smap.uthm.edu.my/ via the Online Application menu. The letter can be downloaded through SMAP Online within five working days.,Permohonan surat pengesahan pelajar bagi pelajar Diploma dan Sarjana Muda boleh dibuat melalui SMAP Online di https://smap.uthm.edu.my/ melalui menu Online Application. Surat boleh dimuat turun melalui SMAP Online dalam tempoh lima hari bekerja.,https://ppa.uthm.edu.my/index.php/pelajar/surat-pengesahan-pelajar
How long to download student verification letter?,ppa_student_verification_letter,Student verification letter applications for Diploma and Bachelor students can be made through SMAP Online at https://smap.uthm.edu.my/ via the Online Application menu. The letter can be downloaded through SMAP Online within five working days.,Permohonan surat pengesahan pelajar bagi pelajar Diploma dan Sarjana Muda boleh dibuat melalui SMAP Online di https://smap.uthm.edu.my/ melalui menu Online Application. Surat boleh dimuat turun melalui SMAP Online dalam tempoh lima hari bekerja.,https://ppa.uthm.edu.my/index.php/pelajar/surat-pengesahan-pelajar
Di mana surat pengesahan penganugerahan?,ppa_conferment_letter,The conferment of degree letter can be downloaded through SMAP Online under Files Repository.,Surat Pengesahan Penganugerahan boleh dimuat turun melalui SMAP Online di bawah Files Repository.,https://ppa.uthm.edu.my/index.php/pelajar/surat-pengesahan-penganugerahan
Surat pengesahan penganugerahan download mana?,ppa_conferment_letter,The conferment of degree letter can be downloaded through SMAP Online under Files Repository.,Surat Pengesahan Penganugerahan boleh dimuat turun melalui SMAP Online di bawah Files Repository.,https://ppa.uthm.edu.my/index.php/pelajar/surat-pengesahan-penganugerahan
Where can I download conferment letter?,ppa_conferment_letter,The conferment of degree letter can be downloaded through SMAP Online under Files Repository.,Surat Pengesahan Penganugerahan boleh dimuat turun melalui SMAP Online di bawah Files Repository.,https://ppa.uthm.edu.my/index.php/pelajar/surat-pengesahan-penganugerahan
Conferment of degree letter where?,ppa_conferment_letter,The conferment of degree letter can be downloaded through SMAP Online under Files Repository.,Surat Pengesahan Penganugerahan boleh dimuat turun melalui SMAP Online di bawah Files Repository.,https://ppa.uthm.edu.my/index.php/pelajar/surat-pengesahan-penganugerahan
surat award confirmation mana?,ppa_conferment_letter,The conferment of degree letter can be downloaded through SMAP Online under Files Repository.,Surat Pengesahan Penganugerahan boleh dimuat turun melalui SMAP Online di bawah Files Repository.,https://ppa.uthm.edu.my/index.php/pelajar/surat-pengesahan-penganugerahan
letter of award confirmation SMAP?,ppa_conferment_letter,The conferment of degree letter can be downloaded through SMAP Online under Files Repository.,Surat Pengesahan Penganugerahan boleh dimuat turun melalui SMAP Online di bawah Files Repository.,https://ppa.uthm.edu.my/index.php/pelajar/surat-pengesahan-penganugerahan
Apakah aplikasi online PPA?,ppa_online_applications,"The PPA Online Applications page lists links such as Student Email, SMAP Online, SPAK Online, TCIS, Library, E-JPA and E-Senat.","Halaman Aplikasi Online PPA menyenaraikan pautan seperti Email Pelajar, SMAP Online, SPAK Online, TCIS, Library, E-JPA dan E-Senat.",https://ppa.uthm.edu.my/index.php/pautan/aplikasi-atas-talian
Pautan aplikasi online UTHM apa?,ppa_online_applications,"The PPA Online Applications page lists links such as Student Email, SMAP Online, SPAK Online, TCIS, Library, E-JPA and E-Senat.","Halaman Aplikasi Online PPA menyenaraikan pautan seperti Email Pelajar, SMAP Online, SPAK Online, TCIS, Library, E-JPA dan E-Senat.",https://ppa.uthm.edu.my/index.php/pautan/aplikasi-atas-talian
Where are PPA online applications?,ppa_online_applications,"The PPA Online Applications page lists links such as Student Email, SMAP Online, SPAK Online, TCIS, Library, E-JPA and E-Senat.","Halaman Aplikasi Online PPA menyenaraikan pautan seperti Email Pelajar, SMAP Online, SPAK Online, TCIS, Library, E-JPA dan E-Senat.",https://ppa.uthm.edu.my/index.php/pautan/aplikasi-atas-talian
What online applications are listed by PPA?,ppa_online_applications,"The PPA Online Applications page lists links such as Student Email, SMAP Online, SPAK Online, TCIS, Library, E-JPA and E-Senat.","Halaman Aplikasi Online PPA menyenaraikan pautan seperti Email Pelajar, SMAP Online, SPAK Online, TCIS, Library, E-JPA dan E-Senat.",https://ppa.uthm.edu.my/index.php/pautan/aplikasi-atas-talian
SMAP SPAK TCIS E JPA E Senat link?,ppa_online_applications,"The PPA Online Applications page lists links such as Student Email, SMAP Online, SPAK Online, TCIS, Library, E-JPA and E-Senat.","Halaman Aplikasi Online PPA menyenaraikan pautan seperti Email Pelajar, SMAP Online, SPAK Online, TCIS, Library, E-JPA dan E-Senat.",https://ppa.uthm.edu.my/index.php/pautan/aplikasi-atas-talian
email pelajar smap spak online mana?,ppa_online_applications,"The PPA Online Applications page lists links such as Student Email, SMAP Online, SPAK Online, TCIS, Library, E-JPA and E-Senat.","Halaman Aplikasi Online PPA menyenaraikan pautan seperti Email Pelajar, SMAP Online, SPAK Online, TCIS, Library, E-JPA dan E-Senat.",https://ppa.uthm.edu.my/index.php/pautan/aplikasi-atas-talian
jadual waktu kuliah akademik,ppa_class_schedule,Academic class schedules are provided through the PPA Academic Class Schedule page.,Jadual waktu kuliah akademik boleh dirujuk melalui halaman Jadual Waktu Kuliah Akademik PPA.,https://ppa.uthm.edu.my/index.php/informasi/jadual-kuliah/jadual-waktu-kuliah-akademik
jadual kuliah akademik,ppa_class_schedule,Academic class schedules are provided through the PPA Academic Class Schedule page.,Jadual waktu kuliah akademik boleh dirujuk melalui halaman Jadual Waktu Kuliah Akademik PPA.,https://ppa.uthm.edu.my/index.php/informasi/jadual-kuliah/jadual-waktu-kuliah-akademik
academic class schedule,ppa_class_schedule,Academic class schedules are provided through the PPA Academic Class Schedule page.,Jadual waktu kuliah akademik boleh dirujuk melalui halaman Jadual Waktu Kuliah Akademik PPA.,https://ppa.uthm.edu.my/index.php/informasi/jadual-kuliah/jadual-waktu-kuliah-akademik
jadual kerja pelajar,ppa_student_work_schedule,Student work schedule information can be referred to on the PPA Student Work Schedule page.,Maklumat jadual kerja pelajar boleh dirujuk melalui halaman Jadual Kerja Pelajar PPA.,https://ppa.uthm.edu.my/index.php/informasi/jadual-kuliah/jadual-kerja-pelajar
student work schedule,ppa_student_work_schedule,Student work schedule information can be referred to on the PPA Student Work Schedule page.,Maklumat jadual kerja pelajar boleh dirujuk melalui halaman Jadual Kerja Pelajar PPA.,https://ppa.uthm.edu.my/index.php/informasi/jadual-kuliah/jadual-kerja-pelajar
kalendar muet,ppa_muet_info,"PPA provides MUET information such as the latest MUET calendar, results announcements, registration slip notices, examination venue notices, and UTHM centre code/payment information.","PPA menyediakan maklumat MUET seperti kalendar MUET terkini, hebahan keputusan, slip pendaftaran, lokasi peperiksaan serta semakan kod pusat dan bayaran yuran MUET bagi pusat UTHM.",https://ppa.uthm.edu.my/index.php/informasi/peperiksaan/muet
senarai graduan uthm,ppa_graduate_list,The PPA graduate list page provides lists of Bachelor and Diploma graduates according to Senate session dates.,Halaman Senarai Graduan UTHM PPA menyediakan senarai graduan program Sarjana Muda dan Diploma mengikut tarikh Senat bersidang.,https://ppa.uthm.edu.my/index.php/informasi/pengijazahan/senarai-graduan-uthm
How do I apply for credit transfer?,credit_transfer,Credit Transfer at UTHM allows you to transfer credits from prior studies. Minimum grade requirement is C+ with at least 80% syllabus similarity. Applications must be submitted in the first semester via the Course Credit Exemption Form.,Permohonan Pindah Kredit di UTHM membolehkan anda memindahkan kredit dari pengajian terdahulu. Syarat minimum gred ialah C+ dengan sekurang-kurangnya 80% kesetaraan silibus. Permohonan hendaklah dibuat pada semester pertama pengajian melalui Borang Pengecualian Kredit Kursus.,https://ppa.uthm.edu.my/index.php/informasi/peraturan-akademik
Bagaimana cara mohon pindah kredit?,credit_transfer,Credit Transfer at UTHM allows you to transfer credits from prior studies. Minimum grade requirement is C+ with at least 80% syllabus similarity. Applications must be submitted in the first semester via the Course Credit Exemption Form.,Permohonan Pindah Kredit di UTHM membolehkan anda memindahkan kredit dari pengajian terdahulu. Syarat minimum gred ialah C+ dengan sekurang-kurangnya 80% kesetaraan silibus. Permohonan hendaklah dibuat pada semester pertama pengajian melalui Borang Pengecualian Kredit Kursus.,https://ppa.uthm.edu.my/index.php/informasi/peraturan-akademik
Apakah syarat pindah kredit UTHM?,credit_transfer,"UTHM Credit Transfer requirements: 1) Minimum grade C+ in equivalent course from recognised institution, 2) At least 80% syllabus similarity, 3) Same or higher credit value, 4) Submitted in the 1st semester. Maximum credit transfer is 30% to 50% depending on MQA accreditation.","Syarat Pindah Kredit UTHM: 1) Lulus gred minimum C+ bagi kursus setara dari IPT diiktiraf, 2) Kesetaraan silibus sekurang-kurangnya 80%, 3) Nilai kredit setara sama atau lebih tinggi, 4) Dibuat pada semester 1 pengajian. Jumlah maksimum pindah kredit ialah 30% hingga 50% tertakluk akreditasi MQA.",https://ppa.uthm.edu.my/index.php/informasi/peraturan-akademik
What are the credit transfer requirements?,credit_transfer,"UTHM Credit Transfer requirements: 1) Minimum grade C+ in equivalent course from recognised institution, 2) At least 80% syllabus similarity, 3) Same or higher credit value, 4) Submitted in the 1st semester. Maximum credit transfer is 30% to 50% depending on MQA accreditation.","Syarat Pindah Kredit UTHM: 1) Lulus gred minimum C+ bagi kursus setara dari IPT diiktiraf, 2) Kesetaraan silibus sekurang-kurangnya 80%, 3) Nilai kredit setara sama atau lebih tinggi, 4) Dibuat pada semester 1 pengajian. Jumlah maksimum pindah kredit ialah 30% hingga 50% tertakluk akreditasi MQA.",https://ppa.uthm.edu.my/index.php/informasi/peraturan-akademik
Apakah kategori pindah kredit di UTHM?,credit_transfer,"UTHM has 4 Credit Transfer categories: 1) Vertical (Diploma/Advanced Diploma to Bachelor Degree), 2) Horizontal (Diploma to Diploma or Bachelor to Bachelor), 3) Independent Courses (MOOC and Micro-credentials), and 4) APEL (C) for prior work experience.","UTHM menggariskan 4 kategori Pindah Kredit: 1) Menegak (Diploma ke Sarjana Muda), 2) Mendatar (Diploma ke Diploma / Sarjana Muda ke Sarjana Muda), 3) Kursus Kendiri (MOOC dan Micro-credentials), serta 4) APEL (C) berdasarkan pengalaman kerja/pembelajaran terdahulu.",https://ppa.uthm.edu.my/index.php/informasi/peraturan-akademik
Bolehkah pindah kredit dengan gred?,credit_transfer,"Yes. Credit Transfer With Grade carries grade points that count into your GPA/CGPA. Credit Transfer Without Grade (Credit Exemption) exempts you from taking the course and awards graduation credits, but does not affect GPA/CGPA.",Boleh. Pindah Kredit Dengan Gred mengambil kira gred yang diperoleh bagi pengiraan GPA/CGPA. Manakala Pindah Kredit Tanpa Gred (Pengecualian Kredit) mengecualikan anda daripada mengambil kursus tanpa menjejaskan kiraan GPA/CGPA.,https://ppa.uthm.edu.my/index.php/informasi/peraturan-akademik
How is GPA and CGPA calculated?,cgpa_gpa,GPA is calculated per semester: GPA = Total Grade Points (JMN) / Total Credits Counted (JKK). CGPA is the cumulative average across all completed semesters: CGPA = Sum of JMN for all semesters / Sum of JKK for all semesters. Passing grade is Grade D (1.00) or higher.,GPA dikira setiap semester: GPA = Jumlah Nilai Mata (JMN) / Jumlah Kredit Kira (JKK). CGPA pulak ialah purata himpunan keseluruhan semester: CGPA = Jumlah JMN semua semester / Jumlah JKK semua semester. Gred lulus minimum ialah Gred D (1.00).,https://ppa.uthm.edu.my/index.php/informasi/peraturan-akademik
Bagaimana cara pengiraan GPA dan CGPA?,cgpa_gpa,GPA is calculated per semester: GPA = Total Grade Points (JMN) / Total Credits Counted (JKK). CGPA is the cumulative average across all completed semesters: CGPA = Sum of JMN for all semesters / Sum of JKK for all semesters. Passing grade is Grade D (1.00) or higher.,GPA dikira setiap semester: GPA = Jumlah Nilai Mata (JMN) / Jumlah Kredit Kira (JKK). CGPA pulak ialah purata himpunan keseluruhan semester: CGPA = Jumlah JMN semua semester / Jumlah JKK semua semester. Gred lulus minimum ialah Gred D (1.00).,https://ppa.uthm.edu.my/index.php/informasi/peraturan-akademik
Apakah syarat Kedudukan Baik KB dan Kedudukan Bersyarat KS?,academic_standing,"UTHM Academic Standing status: 1) Good Standing (KB): CGPA >= 2.00, 2) Conditional Pass (KS): 1.70 <= CGPA < 2.00 (allowed max 13 credits), 3) Fail Standing (KG/Terminated): CGPA < 1.70 or obtaining KS status 3 consecutive times.","Kedudukan Akademik UTHM: 1) Kedudukan Baik (KB): CGPA >= 2.00, 2) Kedudukan Bersyarat (KS): 1.70 <= CGPA < 2.00 (had kredit dibenarkan max 13 kredit), 3) Kedudukan Gagal/Diberhentikan (KG): CGPA < 1.70 atau mendapat KS sebanyak 3 kali berturut-turut.",https://ppa.uthm.edu.my/index.php/informasi/peraturan-akademik
What are UTHM academic standing statuses KB KS KG?,academic_standing,"UTHM Academic Standing status: 1) Good Standing (KB): CGPA >= 2.00, 2) Conditional Pass (KS): 1.70 <= CGPA < 2.00 (allowed max 13 credits), 3) Fail Standing (KG/Terminated): CGPA < 1.70 or obtaining KS status 3 consecutive times.","Kedudukan Akademik UTHM: 1) Kedudukan Baik (KB): CGPA >= 2.00, 2) Kedudukan Bersyarat (KS): 1.70 <= CGPA < 2.00 (had kredit dibenarkan max 13 kredit), 3) Kedudukan Gagal/Diberhentikan (KG): CGPA < 1.70 atau mendapat KS sebanyak 3 kali berturut-turut.",https://ppa.uthm.edu.my/index.php/informasi/peraturan-akademik
Berapa kredit maksimum pelajar KS boleh ambil?,academic_standing,"Students in Conditional Position (KS) are only allowed to register between 9 and 13 credits per semester, and are NOT allowed to register for Audit (HS) courses.","Pelajar dalam Kedudukan Bersyarat (KS) HANYA dibenarkan mendaftar antara 9 hingga 13 kredit sahaja bagi sesuatu semester, serta TIDAK DIBENARKAN mendaftar kursus berstatus Hadir Sahaja (HS).",https://ppa.uthm.edu.my/index.php/informasi/peraturan-akademik
Apakah sistem gred peratus markah dan nilai mata UTHM?,grading_system,"UTHM Grading Scale: A+ (85-100, 4.00), A (80-84, 4.00), A- (75-79, 3.70-3.94), B+ (70-74, 3.30-3.62), B (65-69, 3.00-3.24), B- (60-64, 2.70-2.94), C+ (55-59, 2.30-2.62), C (50-54, 2.00-2.24), C- (45-49, 1.50-1.90), D (40-44, 1.00-1.40), E (0-39, 0.00 Fail). Minimum passing grade is D (1.00).","Sistem Gred UTHM: A+ (85-100, 4.00), A (80-84, 4.00), A- (75-79, 3.70-3.94), B+ (70-74, 3.30-3.62), B (65-69, 3.00-3.24), B- (60-64, 2.70-2.94), C+ (55-59, 2.30-2.62), C (50-54, 2.00-2.24), C- (45-49, 1.50-1.90), D (40-44, 1.00-1.40), E (0-39, 0.00 Gagal). Gred lulus minimum ialah D (1.00).",https://ppa.uthm.edu.my/index.php/informasi/peraturan-akademik
What is the grading system mark scale for UTHM?,grading_system,"UTHM Grading Scale: A+ (85-100, 4.00), A (80-84, 4.00), A- (75-79, 3.70-3.94), B+ (70-74, 3.30-3.62), B (65-69, 3.00-3.24), B- (60-64, 2.70-2.94), C+ (55-59, 2.30-2.62), C (50-54, 2.00-2.24), C- (45-49, 1.50-1.90), D (40-44, 1.00-1.40), E (0-39, 0.00 Fail). Minimum passing grade is D (1.00).","Sistem Gred UTHM: A+ (85-100, 4.00), A (80-84, 4.00), A- (75-79, 3.70-3.94), B+ (70-74, 3.30-3.62), B (65-69, 3.00-3.24), B- (60-64, 2.70-2.94), C+ (55-59, 2.30-2.62), C (50-54, 2.00-2.24), C- (45-49, 1.50-1.90), D (40-44, 1.00-1.40), E (0-39, 0.00 Gagal). Gred lulus minimum ialah D (1.00).",https://ppa.uthm.edu.my/index.php/informasi/peraturan-akademik
Apakah syarat kehadiran kuliah dan etika pemakaian di UTHM?,attendance_rules,"Students must maintain at least 80% attendance of Total Contact Hours in lectures, tutorials, and labs. Absences > 20% without approved medical certificate or official permission result in being barred from final exams and receiving grade HG (Hadir Gagal) or 0.","Pelajar perlu memastikan kehadiran kuliah, tutorial, dan amali tidak kurang daripada 80% daripada Jumlah Jam Pertemuan. Ketidakhadiran melebihi 20% tanpa cuti sakit/pelepasan rasmi menyebabkan pelajar DIHALANG menduduki peperiksaan akhir dan diberikan gred HG (Hadir Gagal) atau markah sifar (0).",https://ppa.uthm.edu.my/index.php/informasi/peraturan-akademik
What is the lecture attendance requirement percentage?,attendance_rules,"Students must maintain at least 80% attendance of Total Contact Hours in lectures, tutorials, and labs. Absences > 20% without approved medical certificate or official permission result in being barred from final exams and receiving grade HG (Hadir Gagal) or 0.","Pelajar perlu memastikan kehadiran kuliah, tutorial, dan amali tidak kurang daripada 80% daripada Jumlah Jam Pertemuan. Ketidakhadiran melebihi 20% tanpa cuti sakit/pelepasan rasmi menyebabkan pelajar DIHALANG menduduki peperiksaan akhir dan diberikan gred HG (Hadir Gagal) atau markah sifar (0).",https://ppa.uthm.edu.my/index.php/informasi/peraturan-akademik
Apakah syarat mendapat Anugerah Dekan?,deans_award,"Dean's List Award requirements: Full-time students who register for at least 12 credits in a semester (excluding Upgrade courses) and achieve a GPA of 3.50 or higher earn the Dean's List Award, recorded in their official academic transcript.",Syarat Anugerah Dekan: Pelajar sepenuh masa yang mendaftar sekurang-kurangnya 12 kredit pada sesuatu semester (tidak termasuk kredit Tambah Baik) dan mencapai GPA 3.50 atau ke atas layak mendapat Anugerah Dekan yang akan dicatatkan dalam transkrip akademik.,https://ppa.uthm.edu.my/index.php/informasi/peraturan-akademik
How to get Dean's List Award in UTHM?,deans_award,"Dean's List Award requirements: Full-time students who register for at least 12 credits in a semester (excluding Upgrade courses) and achieve a GPA of 3.50 or higher earn the Dean's List Award, recorded in their official academic transcript.",Syarat Anugerah Dekan: Pelajar sepenuh masa yang mendaftar sekurang-kurangnya 12 kredit pada sesuatu semester (tidak termasuk kredit Tambah Baik) dan mencapai GPA 3.50 atau ke atas layak mendapat Anugerah Dekan yang akan dicatatkan dalam transkrip akademik.,https://ppa.uthm.edu.my/index.php/informasi/peraturan-akademik
Bagaimana cara memohon penangguhan pengajian?,deferment_studies,Applications for Deferment of Study must be made via the Office of Academic Management (PPA) using the Deferment Form. Deferments on health grounds require hospital medical endorsement and do not count toward maximum study duration. Maximum personal deferment allowed is 4 semesters.,Permohonan Penangguhan Pengajian hendaklah dibuat melalui Pejabat Pengurusan Akademik (PPA) menggunakan Borang Tangguh Pengajian. Penangguhan kesihatan memerlukan pengesahan pegawai perubatan dan tidak dikira dalam tempoh maksimum pengajian. Penangguhan peribadi dibenarkan maksimum 4 semester.,https://ppa.uthm.edu.my/index.php/informasi/peraturan-akademik
Bolehkah membaiki gred kursus atau ulang subjek?,repeat_upgrade_course,Yes. Upgrade Courses (TB status) allow students to repeat a course with Grade C- or below to improve GPA/CGPA (allowed once per course). Failed courses (UK status) must be repeated until passed.,Boleh. Kursus Tambah Baik (TB) membenarkan pelajar mengulangi kursus gred C- dan ke bawah untuk membaiki GPA/CGPA (dibenarkan sekali sahaja setiap kursus). Manakala kursus yang gagal (UK) wajib diulang semula sehingga lulus.,https://ppa.uthm.edu.my/index.php/informasi/peraturan-akademik
Syarat kehadiran kuliah 80 peratus,attendance_rules,"Students must maintain at least 80% attendance of Total Contact Hours in lectures, tutorials, and labs. Absences > 20% without approved medical certificate or official permission result in being barred from final exams and receiving grade HG (Hadir Gagal) or 0.","Pelajar perlu memastikan kehadiran kuliah, tutorial, dan amali tidak kurang daripada 80% daripada Jumlah Jam Pertemuan. Ketidakhadiran melebihi 20% tanpa cuti sakit/pelepasan rasmi menyebabkan pelajar DIHALANG menduduki peperiksaan akhir dan diberikan gred HG (Hadir Gagal) atau markah sifar (0).",https://ppa.uthm.edu.my/index.php/informasi/peraturan-akademik
Berapa peratus kena hadir kuliah?,attendance_rules,"Students must maintain at least 80% attendance of Total Contact Hours in lectures, tutorials, and labs. Absences > 20% without approved medical certificate or official permission result in being barred from final exams and receiving grade HG (Hadir Gagal) or 0.","Pelajar perlu memastikan kehadiran kuliah, tutorial, dan amali tidak kurang daripada 80% daripada Jumlah Jam Pertemuan. Ketidakhadiran melebihi 20% tanpa cuti sakit/pelepasan rasmi menyebabkan pelajar DIHALANG menduduki peperiksaan akhir dan diberikan gred HG (Hadir Gagal) atau markah sifar (0).",https://ppa.uthm.edu.my/index.php/informasi/peraturan-akademik
Apakah akibat jika bar kuliah sebab tak hadir?,attendance_rules,"Students must maintain at least 80% attendance of Total Contact Hours in lectures, tutorials, and labs. Absences > 20% without approved medical certificate or official permission result in being barred from final exams and receiving grade HG (Hadir Gagal) or 0.","Pelajar perlu memastikan kehadiran kuliah, tutorial, dan amali tidak kurang daripada 80% daripada Jumlah Jam Pertemuan. Ketidakhadiran melebihi 20% tanpa cuti sakit/pelepasan rasmi menyebabkan pelajar DIHALANG menduduki peperiksaan akhir dan diberikan gred HG (Hadir Gagal) atau markah sifar (0).",https://ppa.uthm.edu.my/index.php/informasi/peraturan-akademik
Apakah syarat penuh pemindahan kredit UTHM?,credit_transfer,"UTHM Credit Transfer requirements: 1) Minimum grade C+ in equivalent course from recognised institution, 2) At least 80% syllabus similarity, 3) Same or higher credit value, 4) Submitted in the 1st semester. Maximum credit transfer is 30% to 50% depending on MQA accreditation.","Syarat Pindah Kredit UTHM: 1) Lulus gred minimum C+ bagi kursus setara dari IPT diiktiraf, 2) Kesetaraan silibus sekurang-kurangnya 80%, 3) Nilai kredit setara sama atau lebih tinggi, 4) Dibuat pada semester 1 pengajian. Jumlah maksimum pindah kredit ialah 30% hingga 50% tertakluk akreditasi MQA.",https://ppa.uthm.edu.my/index.php/informasi/peraturan-akademik
Berapa gred minimum untuk pindah kredit?,credit_transfer,Minimum grade required for Credit Transfer is Grade C+ (following University grading system) from a recognized institution with at least 80% syllabus similarity.,Gred minimum yang diperlukan untuk Pindah Kredit ialah Gred C+ (mengikut sistem penggredan Universiti) daripada institusi yang diiktiraf dengan sekurang-kurangnya 80% kesetaraan silibus.,https://ppa.uthm.edu.my/index.php/informasi/peraturan-akademik
Berapa peratus silibus kena sama untuk pindah kredit?,credit_transfer,Syllabus content of equivalent course must be equal to or at least 80% similar to the course applied for.,Isi kandungan kursus yang setara hendaklah setaraf dan sekurang-kurangnya 80% sama dengan sukatan pelajaran (silibus) kursus yang dipohon.,https://ppa.uthm.edu.my/index.php/informasi/peraturan-akademik
Apakah gred minimum untuk pindah kredit UTHM?,credit_transfer,Minimum grade requirement for Credit Transfer is Grade C+ from a Senate-recognised institution.,Syarat gred minimum bagi Pindah Kredit di UTHM ialah Gred C+ daripada institusi yang diiktiraf oleh Senat.,https://ppa.uthm.edu.my/index.php/informasi/peraturan-akademik
Bila waktu sesuai mohon pindah kredit?,credit_transfer,Application for Credit Transfer for prior study must be made in the first semester of study only.,Permohonan Pindah Kredit bagi pengajian terdahulu hendaklah dibuat dalam semester pertama pengajian pelajar sahaja.,https://ppa.uthm.edu.my/index.php/informasi/peraturan-akademik
Berapa had maksimum peratus pindah kredit dari Diploma ke Sarjana Muda?,credit_transfer,Total Credit Transfer from Diploma to Bachelor Degree programmes must not exceed 30% of total graduation credits (up to 50% for MQA-accredited programmes based on Table 1).,Jumlah Pindah Kredit daripada program Diploma ke Sarjana Muda hendaklah tidak melebihi 30% daripada jumlah keseluruhan kredit bergraduat (sehingga 50% maksimum bagi program diiktiraf MQA mengikut Jadual 1).,https://ppa.uthm.edu.my/index.php/informasi/peraturan-akademik
Apakah pindah kredit APEL C MOOC Micro-credentials?,credit_transfer,"Credit Transfer for MOOC, Micro-credentials, and APEL (C) is allowed up to a maximum of 30% of total graduation credits. Combination with regular credit exemption cannot exceed 60%.","Gabungan Pindah Kredit melalui MOOC, Micro-credentials, dan APEL (C) tidak boleh melebihi 30% daripada jumlah Kredit Bergraduat. Gabungan keseluruhan pengecualian kredit tidak boleh melebihi 60%.",https://ppa.uthm.edu.my/index.php/informasi/peraturan-akademik
Apakah definisi Kedudukan Baik KB Kedudukan Bersyarat KS dan Kedudukan Gagal KG?,academic_standing,"UTHM Academic Standing: 1) Good Standing (KB): CGPA >= 2.00, 2) Conditional Pass (KS): 1.70 <= CGPA < 2.00, 3) Fail Standing (KG / Terminated): CGPA < 1.70 or obtaining KS 3 consecutive times.","Kedudukan Akademik UTHM: 1) Kedudukan Baik (KB): CGPA >= 2.00, 2) Kedudukan Bersyarat (KS): 1.70 <= CGPA < 2.00, 3) Kedudukan Gagal / Diberhentikan (KG): CGPA < 1.70 atau mendapat KS 3 kali berturut-turut.",https://ppa.uthm.edu.my/index.php/informasi/peraturan-akademik
Berapa CGPA untuk lulus Kedudukan Baik KB?,academic_standing,Students achieve Good Standing (KB) status when obtaining a CGPA of 2.00 or higher.,Pelajar mendapat Kedudukan Baik (KB) sekiranya memperoleh CGPA 2.00 dan ke atas.,https://ppa.uthm.edu.my/index.php/informasi/peraturan-akademik
Apakah akibat jika dapat KS tiga kali berturut-turut?,academic_standing,Students who obtain Conditional Position (KS) three (3) consecutive times will be awarded Fail Standing (KG) and terminated from study.,Pelajar yang mendapat Kedudukan Bersyarat (KS) sebanyak tiga (3) kali berturut-turut akan diberikan Kedudukan Gagal (KG) dan diberhentikan daripada pengajian.,https://ppa.uthm.edu.my/index.php/informasi/peraturan-akademik
Apakah syarat kehadiran kuliah 80 peratus?,attendance_rules,Lecture/tutorial/lab attendance must not be less than 80% of Total Contact Hours. Absence > 20% without approved leave results in being barred from exams and receiving grade HG (Hadir Gagal) or 0 mark.,Kehadiran kuliah/tutorial/makmal mestilah tidak kurang daripada 80% daripada Jumlah Jam Pertemuan. Ketidakhadiran melebihi 20% tanpa cuti sakit/pelepasan rasmi menyebabkan pelajar DIHALANG menduduki peperiksaan akhir dan diberikan gred HG (Hadir Gagal) atau markah sifar (0).,https://ppa.uthm.edu.my/index.php/informasi/peraturan-akademik
Apakah akibat bar kuliah jika hadir kurang 80%?,attendance_rules,"Students with absence exceeding 20% are barred from taking assessments/exams, given Failed Attendance (HG) for Mandatory Attendance courses or zero (0) mark.","Pelajar yang tidak hadir melebihi 20% tidak dibenarkan menduduki sebarang pentaksiran/peperiksaan akhir, diberikan gred Hadir Gagal (HG) untuk kursus Hadir Wajib atau gred Gagal Hadir (GH) / markah sifar (0).",https://ppa.uthm.edu.my/index.php/informasi/peraturan-akademik
Apakah syarat kelayakan Anugerah Dekan UTHM?,deans_award,Dean's List Award requirements: Full-time students registering for at least 12 credits in a semester (excluding Upgrade courses) obtaining a GPA of 3.50 or higher earn the Dean's List Award.,Syarat Anugerah Dekan UTHM: Pelajar sepenuh masa yang mendaftar sekurang-kurangnya 12 kredit pada sesuatu semester (tidak termasuk kredit Tambah Baik) dan mencapai GPA 3.50 atau ke atas layak mendapat Anugerah Dekan.,https://ppa.uthm.edu.my/index.php/informasi/peraturan-akademik
Apakah syarat tangguh pengajian kesihatan dan peribadi?,deferment_studies,Deferment of study: Health deferment requires hospital medical endorsement (does not count towards maximum study duration). Personal deferment allowed max 4 semesters (must apply no later than Week 7).,Penangguhan pengajian: Penangguhan kesihatan memerlukan pengesahan Pegawai Perubatan Hospital/Pusat Kesihatan Universiti (tidak dikira dalam bilangan semester guna). Penangguhan peribadi dibenarkan maksimum 4 semester (perlu dipohon selewat-lewatnya minggu ke-7).,https://ppa.uthm.edu.my/index.php/informasi/peraturan-akademik
Bagaimana nak buat Tambah Baik gred TB atau Ulang Kursus UK?,repeat_upgrade_course,"Course Upgrade (TB): Permitted for courses with Grade C- or below to improve GPA/CGPA (once per course, highest grade taken). Repeat Course (UK): Compulsory to repeat any failed course until passed.","Tambah Baik (TB): Dibenarkan bagi kursus gred C- dan ke bawah untuk membaiki GPA/CGPA (dibenarkan sekali sahaja setiap kursus, gred tertinggi diambil kira). Ulang Kursus (UK): Wajib mengulangi semula kursus yang gagal sehingga lulus.",https://ppa.uthm.edu.my/index.php/informasi/peraturan-akademik
Apakah pengkelasan gred Ijazah Sarjana Muda dan Diploma UTHM?,degree_classification,"Bachelor Degree Classification: First Class Honours (CGPA >= 3.70), Second Upper (3.00 <= CGPA < 3.70), Second Lower (2.30 <= CGPA < 3.00), Third Class (2.00 <= CGPA < 2.30). Diploma Classification: First Class (CGPA >= 3.50), Second Class (2.00 <= CGPA < 3.50).","Pengkelasan Ijazah Sarjana Muda UTHM: Kepujian Kelas Pertama (CGPA >= 3.70), Kelas Kedua Tinggi (3.00 <= CGPA < 3.70), Kelas Kedua Rendah (2.30 <= CGPA < 3.00), Kelas Ketiga (2.00 <= CGPA < 2.30). Diploma: Kelas Pertama (CGPA >= 3.50), Kelas Kedua (2.00 <= CGPA < 3.50).",https://ppa.uthm.edu.my/index.php/informasi/peraturan-akademik
Berapa CGPA untuk First Class Ijazah Sarjana Muda?,degree_classification,First Class Honours for Bachelor Degree requires a final CGPA of 3.70 or higher.,Kepujian Kelas Pertama bagi Ijazah Sarjana Muda memerlukan pencapaian CGPA akhir 3.70 dan ke atas.,https://ppa.uthm.edu.my/index.php/informasi/peraturan-akademik
Apakah syarat peperiksaan khas dan rayuan semakan gred?,special_exam_appeal,"Special Examination is held for health reasons (MC submitted within 3 working days), death of immediate family, or final semester students failing max 6 credits. Grade Review Appeal fee is RM50 per course submitted within 7 working days.","Peperiksaan Khas diadakan atas sebab kesihatan (sijil sakit disahkan dalam 3 hari bekerja), kematian waris terdekat, atau pelajar semester akhir yang gagal maksimum 6 kredit. Rayuan Semakan Gred dikenakan bayaran RM50 sekursus dalam tempoh 7 hari bekerja selepas keputusan diumumkan.",https://ppa.uthm.edu.my/index.php/informasi/peraturan-akademik
Berapa bayaran rayuan semakan gred kursus?,special_exam_appeal,"The fee for course grade review appeal is RM50.00 per course at the Treasurer's Office, submitted within 7 working days after official results announcement.","Kadar bayaran rayuan semakan gred kursus ialah RM50.00 bagi satu kursus di Pejabat Bendahari, dikemukakan dalam tempoh 7 hari bekerja selepas keputusan rasmi diumumkan.",https://ppa.uthm.edu.my/index.php/informasi/peraturan-akademik
Apakah denda pendaftaran lewat kursus?,course_registration_penalties,Penalised Mandatory Registration (Week 1): RM20.00 per course. Penalised Late Registration (Week 2 onwards upon Dean approval): RM100.00 per course up to a maximum of RM500.00.,Denda Pendaftaran Wajib Berdenda (Minggu 1): RM20.00 per kursus. Pendaftaran Lewat Berdenda (Minggu 2 ke atas dengan kelulusan Dekan): RM100.00 per kursus sehingga maksimum RM500.00.,https://ppa.uthm.edu.my/index.php/informasi/peraturan-akademik
Bila tarikh tarik diri kursus TD?,course_withdrawal_td,Application for Course Withdrawal (TD status) must be submitted using the Course Withdrawal Form from Week 7 to Week 9 of the semester. Withdrawal fees are non-refundable.,Permohonan Tarik Diri (TD) kursus hendaklah dibuat mengguna Borang Tarik Diri Kursus bermula minggu ke-7 hingga minggu ke-9 semester. Sebarang yuran tidak dibayar balik.,https://ppa.uthm.edu.my/index.php/informasi/peraturan-akademik
Apakah syarat Anugerah Pelajaran Diraja Pingat Jaya Cemerlang?,anugerah_diraja,"Royal Education Award (Pingat Jaya Cemerlang) is the highest recognition by the Conference of Rulers of Malaysia awarded to two top graduates (one Bumiputera and one Non-Bumiputera). Criteria include outstanding CGPA, active co-curricular involvement at national/international levels, and proven leadership qualities.","Anugerah Pelajaran Diraja (Pingat Jaya Cemerlang) ialah pengiktirafan tertinggi Majlis Raja-Raja Malaysia kepada dua graduan terbaik (seorang Bumiputera dan seorang Bukan Bumiputera). Penilaian merangkumi CGPA amat cemerlang, penglibatan aktif kokurikulum di peringkat kebangsaan/antarabangsa, dan kualiti kepimpinan yang terbukti.",https://convocation.uthm.edu.my/ms/
apa syarat anugerah pelajaran diraja,anugerah_diraja,"Royal Education Award (Pingat Jaya Cemerlang) is the highest recognition by the Conference of Rulers of Malaysia awarded to two top graduates (one Bumiputera and one Non-Bumiputera). Criteria include outstanding CGPA, active co-curricular involvement at national/international levels, and proven leadership qualities.","Anugerah Pelajaran Diraja (Pingat Jaya Cemerlang) ialah pengiktirafan tertinggi Majlis Raja-Raja Malaysia kepada dua graduan terbaik (seorang Bumiputera dan seorang Bukan Bumiputera). Penilaian merangkumi CGPA amat cemerlang, penglibatan aktif kokurikulum di peringkat kebangsaan/antarabangsa, dan kualiti kepimpinan yang terbukti.",https://convocation.uthm.edu.my/ms/
syarat anugerah diraja,anugerah_diraja,"Royal Education Award (Pingat Jaya Cemerlang) is the highest recognition by the Conference of Rulers of Malaysia awarded to two top graduates (one Bumiputera and one Non-Bumiputera). Criteria include outstanding CGPA, active co-curricular involvement at national/international levels, and proven leadership qualities.","Anugerah Pelajaran Diraja (Pingat Jaya Cemerlang) ialah pengiktirafan tertinggi Majlis Raja-Raja Malaysia kepada dua graduan terbaik (seorang Bumiputera dan seorang Bukan Bumiputera). Penilaian merangkumi CGPA amat cemerlang, penglibatan aktif kokurikulum di peringkat kebangsaan/antarabangsa, dan kualiti kepimpinan yang terbukti.",https://convocation.uthm.edu.my/ms/
siapa layak anugerah diraja,anugerah_diraja,"Royal Education Award (Pingat Jaya Cemerlang) is the highest recognition by the Conference of Rulers of Malaysia awarded to two top graduates (one Bumiputera and one Non-Bumiputera). Criteria include outstanding CGPA, active co-curricular involvement at national/international levels, and proven leadership qualities.","Anugerah Pelajaran Diraja (Pingat Jaya Cemerlang) ialah pengiktirafan tertinggi Majlis Raja-Raja Malaysia kepada dua graduan terbaik (seorang Bumiputera dan seorang Bukan Bumiputera). Penilaian merangkumi CGPA amat cemerlang, penglibatan aktif kokurikulum di peringkat kebangsaan/antarabangsa, dan kualiti kepimpinan yang terbukti.",https://convocation.uthm.edu.my/ms/
What is the Royal Education Award UTHM?,anugerah_diraja,"Royal Education Award (Pingat Jaya Cemerlang) is the highest recognition by the Conference of Rulers of Malaysia awarded to two top graduates (one Bumiputera and one Non-Bumiputera). Criteria include outstanding CGPA, active co-curricular involvement at national/international levels, and proven leadership qualities.","Anugerah Pelajaran Diraja (Pingat Jaya Cemerlang) ialah pengiktirafan tertinggi Majlis Raja-Raja Malaysia kepada dua graduan terbaik (seorang Bumiputera dan seorang Bukan Bumiputera). Penilaian merangkumi CGPA amat cemerlang, penglibatan aktif kokurikulum di peringkat kebangsaan/antarabangsa, dan kualiti kepimpinan yang terbukti.",https://convocation.uthm.edu.my/ms/
Apakah Anugerah Canselor UTHM dan syarat kelayakan?,anugerah_canselor,"Chancellor Award is presented to First Class Honours graduates (CGPA >= 3.70) demonstrating consistent holistic excellence across academics, personal character, and extracurricular contributions throughout their study period at UTHM.","Anugerah Canselor UTHM dianugerahkan kepada graduan berstatus Ijazah Kelas Pertama (CGPA >= 3.70) yang mempamerkan kecemerlangan holistik secara konsisten merangkumi akademik, sahsiah peribadi, dan sumbangan luar dewan kuliah sepanjang tempoh pengajian.",https://convocation.uthm.edu.my/ms/
siapa layak anugerah canselor,anugerah_canselor,"Chancellor Award is presented to First Class Honours graduates (CGPA >= 3.70) demonstrating consistent holistic excellence across academics, personal character, and extracurricular contributions throughout their study period at UTHM.","Anugerah Canselor UTHM dianugerahkan kepada graduan berstatus Ijazah Kelas Pertama (CGPA >= 3.70) yang mempamerkan kecemerlangan holistik secara konsisten merangkumi akademik, sahsiah peribadi, dan sumbangan luar dewan kuliah sepanjang tempoh pengajian.",https://convocation.uthm.edu.my/ms/
syarat anugerah canselor,anugerah_canselor,"Chancellor Award is presented to First Class Honours graduates (CGPA >= 3.70) demonstrating consistent holistic excellence across academics, personal character, and extracurricular contributions throughout their study period at UTHM.","Anugerah Canselor UTHM dianugerahkan kepada graduan berstatus Ijazah Kelas Pertama (CGPA >= 3.70) yang mempamerkan kecemerlangan holistik secara konsisten merangkumi akademik, sahsiah peribadi, dan sumbangan luar dewan kuliah sepanjang tempoh pengajian.",https://convocation.uthm.edu.my/ms/
What is the Chancellor Award UTHM?,anugerah_canselor,"Chancellor Award is presented to First Class Honours graduates (CGPA >= 3.70) demonstrating consistent holistic excellence across academics, personal character, and extracurricular contributions throughout their study period at UTHM.","Anugerah Canselor UTHM dianugerahkan kepada graduan berstatus Ijazah Kelas Pertama (CGPA >= 3.70) yang mempamerkan kecemerlangan holistik secara konsisten merangkumi akademik, sahsiah peribadi, dan sumbangan luar dewan kuliah sepanjang tempoh pengajian.",https://convocation.uthm.edu.my/ms/
Apakah Anugerah Naib Canselor UTHM?,anugerah_naib_canselor,Vice-Chancellor Award is presented to First Class Honours graduates who are crowned as the overall top best graduate within their respective faculty.,Anugerah Naib Canselor UTHM diberikan kepada graduan Ijazah Kelas Pertama yang dinobatkan sebagai graduan terbaik secara keseluruhan di dalam fakulti masing-masing.,https://convocation.uthm.edu.my/ms/
syarat anugerah naib canselor,anugerah_naib_canselor,Vice-Chancellor Award is presented to First Class Honours graduates who are crowned as the overall top best graduate within their respective faculty.,Anugerah Naib Canselor UTHM diberikan kepada graduan Ijazah Kelas Pertama yang dinobatkan sebagai graduan terbaik secara keseluruhan di dalam fakulti masing-masing.,https://convocation.uthm.edu.my/ms/
siapa layak anugerah naib canselor,anugerah_naib_canselor,Vice-Chancellor Award is presented to First Class Honours graduates who are crowned as the overall top best graduate within their respective faculty.,Anugerah Naib Canselor UTHM diberikan kepada graduan Ijazah Kelas Pertama yang dinobatkan sebagai graduan terbaik secara keseluruhan di dalam fakulti masing-masing.,https://convocation.uthm.edu.my/ms/
What is the Vice Chancellor Award?,anugerah_naib_canselor,Vice-Chancellor Award is presented to First Class Honours graduates who are crowned as the overall top best graduate within their respective faculty.,Anugerah Naib Canselor UTHM diberikan kepada graduan Ijazah Kelas Pertama yang dinobatkan sebagai graduan terbaik secara keseluruhan di dalam fakulti masing-masing.,https://convocation.uthm.edu.my/ms/
Apakah syarat Anugerah Alumni UTHM?,anugerah_alumni,"Alumni Award recognizes graduates who were highly active in student associations, demonstrated strong leadership, and contributed significantly to the university's reputation.","Anugerah Alumni UTHM diberikan kepada graduan yang aktif dalam persatuan pelajar, mempunyai sifat kepimpinan yang tinggi, serta banyak memberi sumbangan kepada nama baik universiti.",https://convocation.uthm.edu.my/ms/
anugerah alumni,anugerah_alumni,"Alumni Award recognizes graduates who were highly active in student associations, demonstrated strong leadership, and contributed significantly to the university's reputation.","Anugerah Alumni UTHM diberikan kepada graduan yang aktif dalam persatuan pelajar, mempunyai sifat kepimpinan yang tinggi, serta banyak memberi sumbangan kepada nama baik universiti.",https://convocation.uthm.edu.my/ms/
siapa layak anugerah alumni,anugerah_alumni,"Alumni Award recognizes graduates who were highly active in student associations, demonstrated strong leadership, and contributed significantly to the university's reputation.","Anugerah Alumni UTHM diberikan kepada graduan yang aktif dalam persatuan pelajar, mempunyai sifat kepimpinan yang tinggi, serta banyak memberi sumbangan kepada nama baik universiti.",https://convocation.uthm.edu.my/ms/
Apakah kriteria Anugerah Projek Sarjana Muda PSM Terbaik?,anugerah_psm_terbaik,"Best Final Year Project (PSM) Award is presented by each faculty to students producing the most outstanding, high-impact research or software development. Criteria focus on technical innovation, mobile app fluidity, database design complexity, or successful machine learning integration.","Anugerah Projek Sarjana Muda (PSM) Terbaik diberikan oleh setiap fakulti kepada pelajar yang menghasilkan kajian atau pembangunan projek tahun akhir paling cemerlang dan berimpak tinggi. Kriteria merangkumi inovasi teknikal, pembangunan perisian/mudah alih, kerumitan pangkalan data, atau integrasi model machine learning.",https://fsktm.uthm.edu.my
syarat anugerah psm terbaik,anugerah_psm_terbaik,"Best Final Year Project (PSM) Award is presented by each faculty to students producing the most outstanding, high-impact research or software development. Criteria focus on technical innovation, mobile app fluidity, database design complexity, or successful machine learning integration.","Anugerah Projek Sarjana Muda (PSM) Terbaik diberikan oleh setiap fakulti kepada pelajar yang menghasilkan kajian atau pembangunan projek tahun akhir paling cemerlang dan berimpak tinggi. Kriteria merangkumi inovasi teknikal, pembangunan perisian/mudah alih, kerumitan pangkalan data, atau integrasi model machine learning.",https://fsktm.uthm.edu.my
anugerah psm,anugerah_psm_terbaik,"Best Final Year Project (PSM) Award is presented by each faculty to students producing the most outstanding, high-impact research or software development. Criteria focus on technical innovation, mobile app fluidity, database design complexity, or successful machine learning integration.","Anugerah Projek Sarjana Muda (PSM) Terbaik diberikan oleh setiap fakulti kepada pelajar yang menghasilkan kajian atau pembangunan projek tahun akhir paling cemerlang dan berimpak tinggi. Kriteria merangkumi inovasi teknikal, pembangunan perisian/mudah alih, kerumitan pangkalan data, atau integrasi model machine learning.",https://fsktm.uthm.edu.my
How to get Best PSM Award in UTHM?,anugerah_psm_terbaik,"Best Final Year Project (PSM) Award is presented by each faculty to students producing the most outstanding, high-impact research or software development. Criteria focus on technical innovation, mobile app fluidity, database design complexity, or successful machine learning integration.","Anugerah Projek Sarjana Muda (PSM) Terbaik diberikan oleh setiap fakulti kepada pelajar yang menghasilkan kajian atau pembangunan projek tahun akhir paling cemerlang dan berimpak tinggi. Kriteria merangkumi inovasi teknikal, pembangunan perisian/mudah alih, kerumitan pangkalan data, atau integrasi model machine learning.",https://fsktm.uthm.edu.my
Apakah Anugerah Tokoh Siswa ATS HEPA UTHM?,anugerah_tokoh_siswa,"UTHM Student Icon Awards (Anugerah Tokoh Siswa HEPA) recognize outstanding student leaders across categories: Anugerah Perdana (Tokoh Siswa), MPP Leadership, Residential College (MKP) Leadership, Club/Association Leadership, Best Volunteer, Student Entrepreneurship, Public Speaking/Debate, Sports (Olahragawan/Olahragawati), and Cultural Performance (PKU). Evaluated via merit system at the annual ATS gala.","Anugerah Tokoh Siswa (ATS HEPA UTHM) mengiktiraf pemimpin pelajar terbaik melalui majlis tahunan Malam Anugerah Tokoh Siswa (ATS). Kategori merangkumi Anugerah Perdana (Tokoh Siswa), Kepimpinan MPP, Kolej Kediaman (MKP), Kelab & Persatuan, Sukarelawan Terbaik, Keusahawanan, Pengucapan Awam/Debat, Sukan (PSU), dan Kebudayaan (PKU).",https://hepa.uthm.edu.my
anugerah tokoh siswa hepa,anugerah_tokoh_siswa,"UTHM Student Icon Awards (Anugerah Tokoh Siswa HEPA) recognize outstanding student leaders across categories: Anugerah Perdana (Tokoh Siswa), MPP Leadership, Residential College (MKP) Leadership, Club/Association Leadership, Best Volunteer, Student Entrepreneurship, Public Speaking/Debate, Sports (Olahragawan/Olahragawati), and Cultural Performance (PKU). Evaluated via merit system at the annual ATS gala.","Anugerah Tokoh Siswa (ATS HEPA UTHM) mengiktiraf pemimpin pelajar terbaik melalui majlis tahunan Malam Anugerah Tokoh Siswa (ATS). Kategori merangkumi Anugerah Perdana (Tokoh Siswa), Kepimpinan MPP, Kolej Kediaman (MKP), Kelab & Persatuan, Sukarelawan Terbaik, Keusahawanan, Pengucapan Awam/Debat, Sukan (PSU), dan Kebudayaan (PKU).",https://hepa.uthm.edu.my
syarat anugerah tokoh siswa,anugerah_tokoh_siswa,"UTHM Student Icon Awards (Anugerah Tokoh Siswa HEPA) recognize outstanding student leaders across categories: Anugerah Perdana (Tokoh Siswa), MPP Leadership, Residential College (MKP) Leadership, Club/Association Leadership, Best Volunteer, Student Entrepreneurship, Public Speaking/Debate, Sports (Olahragawan/Olahragawati), and Cultural Performance (PKU). Evaluated via merit system at the annual ATS gala.","Anugerah Tokoh Siswa (ATS HEPA UTHM) mengiktiraf pemimpin pelajar terbaik melalui majlis tahunan Malam Anugerah Tokoh Siswa (ATS). Kategori merangkumi Anugerah Perdana (Tokoh Siswa), Kepimpinan MPP, Kolej Kediaman (MKP), Kelab & Persatuan, Sukarelawan Terbaik, Keusahawanan, Pengucapan Awam/Debat, Sukan (PSU), dan Kebudayaan (PKU).",https://hepa.uthm.edu.my
What is Tokoh Siswa HEPA Award UTHM?,anugerah_tokoh_siswa,"UTHM Student Icon Awards (Anugerah Tokoh Siswa HEPA) recognize outstanding student leaders across categories: Anugerah Perdana (Tokoh Siswa), MPP Leadership, Residential College (MKP) Leadership, Club/Association Leadership, Best Volunteer, Student Entrepreneurship, Public Speaking/Debate, Sports (Olahragawan/Olahragawati), and Cultural Performance (PKU). Evaluated via merit system at the annual ATS gala.","Anugerah Tokoh Siswa (ATS HEPA UTHM) mengiktiraf pemimpin pelajar terbaik melalui majlis tahunan Malam Anugerah Tokoh Siswa (ATS). Kategori merangkumi Anugerah Perdana (Tokoh Siswa), Kepimpinan MPP, Kolej Kediaman (MKP), Kelab & Persatuan, Sukarelawan Terbaik, Keusahawanan, Pengucapan Awam/Debat, Sukan (PSU), dan Kebudayaan (PKU).",https://hepa.uthm.edu.my
Apakah Pingat Inovasi dan Pertandingan RITEC UTHM?,anugerah_inovasi_ritec,"Innovation Medals (Gold, Silver, Bronze) are awarded to students participating in UTHM innovation, technology, and invention exhibitions (such as RITEC) when presenting software prototypes, engineering solutions, or research findings.","Pingat Inovasi (Pingat Emas, Perak, dan Gangsa) dimenangi secara langsung oleh pelajar melalui pameran pertandingan inovasi, teknologi, dan reka cipta peringkat universiti (seperti RITEC) apabila membentangkan prototaip perisian atau hasil penyelidikan.",https://ppa.uthm.edu.my
pingat inovasi ritec uthm,anugerah_inovasi_ritec,"Innovation Medals (Gold, Silver, Bronze) are awarded to students participating in UTHM innovation, technology, and invention exhibitions (such as RITEC) when presenting software prototypes, engineering solutions, or research findings.","Pingat Inovasi (Pingat Emas, Perak, dan Gangsa) dimenangi secara langsung oleh pelajar melalui pameran pertandingan inovasi, teknologi, dan reka cipta peringkat universiti (seperti RITEC) apabila membentangkan prototaip perisian atau hasil penyelidikan.",https://ppa.uthm.edu.my
What is UTHM Innovation Medal RITEC Award?,anugerah_inovasi_ritec,"Innovation Medals (Gold, Silver, Bronze) are awarded to students participating in UTHM innovation, technology, and invention exhibitions (such as RITEC) when presenting software prototypes, engineering solutions, or research findings.","Pingat Inovasi (Pingat Emas, Perak, dan Gangsa) dimenangi secara langsung oleh pelajar melalui pameran pertandingan inovasi, teknologi, dan reka cipta peringkat universiti (seperti RITEC) apabila membentangkan prototaip perisian atau hasil penyelidikan.",https://ppa.uthm.edu.my
berapa cgpa untuk dekan,deans_award,The Dean's List Award at UTHM is presented to students who achieve a semester GPA of at least 3.50 while registered for a minimum of 12 credit hours in that semester.,Anugerah Dekan (Dean's List Award) UTHM dianugerahkan kepada pelajar yang mencapai GPA semester sekurang-kurangnya 3.50 dan mendaftar sekurang-kurangnya 12 jam kredit pada semester berkenaan.,https://ppa.uthm.edu.my
berapa gpa untuk dekan,deans_award,The Dean's List Award at UTHM is presented to students who achieve a semester GPA of at least 3.50 while registered for a minimum of 12 credit hours in that semester.,Anugerah Dekan (Dean's List Award) UTHM dianugerahkan kepada pelajar yang mencapai GPA semester sekurang-kurangnya 3.50 dan mendaftar sekurang-kurangnya 12 jam kredit pada semester berkenaan.,https://ppa.uthm.edu.my
berapa gpa nak dapat dekan,deans_award,The Dean's List Award at UTHM is presented to students who achieve a semester GPA of at least 3.50 while registered for a minimum of 12 credit hours in that semester.,Anugerah Dekan (Dean's List Award) UTHM dianugerahkan kepada pelajar yang mencapai GPA semester sekurang-kurangnya 3.50 dan mendaftar sekurang-kurangnya 12 jam kredit pada semester berkenaan.,https://ppa.uthm.edu.my
berapa cgpa nak dapat dekan,deans_award,The Dean's List Award at UTHM is presented to students who achieve a semester GPA of at least 3.50 while registered for a minimum of 12 credit hours in that semester.,Anugerah Dekan (Dean's List Award) UTHM dianugerahkan kepada pelajar yang mencapai GPA semester sekurang-kurangnya 3.50 dan mendaftar sekurang-kurangnya 12 jam kredit pada semester berkenaan.,https://ppa.uthm.edu.my
syarat dekan,deans_award,The Dean's List Award at UTHM is presented to students who achieve a semester GPA of at least 3.50 while registered for a minimum of 12 credit hours in that semester.,Anugerah Dekan (Dean's List Award) UTHM dianugerahkan kepada pelajar yang mencapai GPA semester sekurang-kurangnya 3.50 dan mendaftar sekurang-kurangnya 12 jam kredit pada semester berkenaan.,https://ppa.uthm.edu.my
cgpa dekan,deans_award,The Dean's List Award at UTHM is presented to students who achieve a semester GPA of at least 3.50 while registered for a minimum of 12 credit hours in that semester.,Anugerah Dekan (Dean's List Award) UTHM dianugerahkan kepada pelajar yang mencapai GPA semester sekurang-kurangnya 3.50 dan mendaftar sekurang-kurangnya 12 jam kredit pada semester berkenaan.,https://ppa.uthm.edu.my
gpa dekan,deans_award,The Dean's List Award at UTHM is presented to students who achieve a semester GPA of at least 3.50 while registered for a minimum of 12 credit hours in that semester.,Anugerah Dekan (Dean's List Award) UTHM dianugerahkan kepada pelajar yang mencapai GPA semester sekurang-kurangnya 3.50 dan mendaftar sekurang-kurangnya 12 jam kredit pada semester berkenaan.,https://ppa.uthm.edu.my
macam mana nak dapat first class di uthm,degree_classification,"To achieve First Class Honours at UTHM, students must attain a cumulative CGPA of 3.70 to 4.00 and meet all graduation eligibility criteria without any disciplinary record.","Untuk mendapat Ijazah Kelas Pertama (First Class Honours) di UTHM, pelajar perlu mencapai HPNM/CGPA terkumpul sekurang-kurangnya 3.70 hingga 4.00 serta memenuhi semua syarat kelayakan graduasi tanpa sebarang kes tatatertib.",https://ppa.uthm.edu.my/index.php/informasi/peraturan-akademik
how to get first class in uthm for student,degree_classification,"To achieve First Class Honours at UTHM, students must attain a cumulative CGPA of 3.70 to 4.00 and meet all graduation eligibility criteria without any disciplinary record.","Untuk mendapat Ijazah Kelas Pertama (First Class Honours) di UTHM, pelajar perlu mencapai HPNM/CGPA terkumpul sekurang-kurangnya 3.70 hingga 4.00 serta memenuhi semua syarat kelayakan graduasi tanpa sebarang kes tatatertib.",https://ppa.uthm.edu.my/index.php/informasi/peraturan-akademik
syarat first class uthm,degree_classification,"To achieve First Class Honours at UTHM, students must attain a cumulative CGPA of 3.70 to 4.00 and meet all graduation eligibility criteria without any disciplinary record.","Untuk mendapat Ijazah Kelas Pertama (First Class Honours) di UTHM, pelajar perlu mencapai HPNM/CGPA terkumpul sekurang-kurangnya 3.70 hingga 4.00 serta memenuhi semua syarat kelayakan graduasi tanpa sebarang kes tatatertib.",https://ppa.uthm.edu.my/index.php/informasi/peraturan-akademik
cgpa first class uthm,degree_classification,"To achieve First Class Honours at UTHM, students must attain a cumulative CGPA of 3.70 to 4.00 and meet all graduation eligibility criteria without any disciplinary record.","Untuk mendapat Ijazah Kelas Pertama (First Class Honours) di UTHM, pelajar perlu mencapai HPNM/CGPA terkumpul sekurang-kurangnya 3.70 hingga 4.00 serta memenuhi semua syarat kelayakan graduasi tanpa sebarang kes tatatertib.",https://ppa.uthm.edu.my/index.php/informasi/peraturan-akademik
ijazah kelas pertama uthm,degree_classification,"To achieve First Class Honours at UTHM, students must attain a cumulative CGPA of 3.70 to 4.00 and meet all graduation eligibility criteria without any disciplinary record.","Untuk mendapat Ijazah Kelas Pertama (First Class Honours) di UTHM, pelajar perlu mencapai HPNM/CGPA terkumpul sekurang-kurangnya 3.70 hingga 4.00 serta memenuhi semua syarat kelayakan graduasi tanpa sebarang kes tatatertib.",https://ppa.uthm.edu.my/index.php/informasi/peraturan-akademik
boleh beritahu etika pemakaian di uthm,etika_pemakaian,"UTHM student dress code mandates neat, modest attire complying with UTHM Student Disciplinary Rules. Students must display their matrix card on campus, wear collared/neat shirts, closed shoes, and avoid overly tight or revealing clothes during lectures.","Etika pemakaian pelajar UTHM mewajibkan pakaian kemas, bersopan, dan mematuhi Peraturan Tatatertib Pelajar UTHM. Pelajar hendaklah memakai kad matrik semasa di dalam kampus, baju berkolar/kemas, kasut bertutup, dan tidak memakai pakaian terlalu ketat atau menjolok mata semasa kuliah.",https://hepa.uthm.edu.my
etika pemakaian pelajar uthm,etika_pemakaian,"UTHM student dress code mandates neat, modest attire complying with UTHM Student Disciplinary Rules. Students must display their matrix card on campus, wear collared/neat shirts, closed shoes, and avoid overly tight or revealing clothes during lectures.","Etika pemakaian pelajar UTHM mewajibkan pakaian kemas, bersopan, dan mematuhi Peraturan Tatatertib Pelajar UTHM. Pelajar hendaklah memakai kad matrik semasa di dalam kampus, baju berkolar/kemas, kasut bertutup, dan tidak memakai pakaian terlalu ketat atau menjolok mata semasa kuliah.",https://hepa.uthm.edu.my
pakaian kuliah uthm,etika_pemakaian,"UTHM student dress code mandates neat, modest attire complying with UTHM Student Disciplinary Rules. Students must display their matrix card on campus, wear collared/neat shirts, closed shoes, and avoid overly tight or revealing clothes during lectures.","Etika pemakaian pelajar UTHM mewajibkan pakaian kemas, bersopan, dan mematuhi Peraturan Tatatertib Pelajar UTHM. Pelajar hendaklah memakai kad matrik semasa di dalam kampus, baju berkolar/kemas, kasut bertutup, dan tidak memakai pakaian terlalu ketat atau menjolok mata semasa kuliah.",https://hepa.uthm.edu.my
uthm dress code,etika_pemakaian,"UTHM student dress code mandates neat, modest attire complying with UTHM Student Disciplinary Rules. Students must display their matrix card on campus, wear collared/neat shirts, closed shoes, and avoid overly tight or revealing clothes during lectures.","Etika pemakaian pelajar UTHM mewajibkan pakaian kemas, bersopan, dan mematuhi Peraturan Tatatertib Pelajar UTHM. Pelajar hendaklah memakai kad matrik semasa di dalam kampus, baju berkolar/kemas, kasut bertutup, dan tidak memakai pakaian terlalu ketat atau menjolok mata semasa kuliah.",https://hepa.uthm.edu.my
macam mana nak dapat dekan di uthm,deans_award,"To qualify for the Dean's List Award at UTHM, students must achieve a semester GPA of at least 3.50 with a minimum registration of 12 credit hours in that semester.","Untuk mendapat Anugerah Dekan di UTHM, pelajar perlu mencapai GPA semester sekurang-kurangnya 3.50 dengan mendaftar sekurang-kurangnya 12 jam kredit pada semester berkenaan.",https://ppa.uthm.edu.my
macam mana nak dapat anugerah dekan,deans_award,"To qualify for the Dean's List Award at UTHM, students must achieve a semester GPA of at least 3.50 with a minimum registration of 12 credit hours in that semester.","Untuk mendapat Anugerah Dekan di UTHM, pelajar perlu mencapai GPA semester sekurang-kurangnya 3.50 dengan mendaftar sekurang-kurangnya 12 jam kredit pada semester berkenaan.",https://ppa.uthm.edu.my
dapat dekan uthm,deans_award,"To qualify for the Dean's List Award at UTHM, students must achieve a semester GPA of at least 3.50 with a minimum registration of 12 credit hours in that semester.","Untuk mendapat Anugerah Dekan di UTHM, pelajar perlu mencapai GPA semester sekurang-kurangnya 3.50 dengan mendaftar sekurang-kurangnya 12 jam kredit pada semester berkenaan.",https://ppa.uthm.edu.my
