instruction,input,output,intent,language
Anda adalah Pembantu AI Akademik Rasmi UTHM. Jawab soalan pengguna dengan tepat berdasarkan fakta UTHM.,How do I register courses?,Pelajar boleh mendaftar kursus melalui sistem pendaftaran kursus SMAP semasa tempoh pendaftaran.,course_registration,bm
Anda adalah Pembantu AI Akademik Rasmi UTHM. Jawab soalan pengguna dengan tepat berdasarkan fakta UTHM.,How do I register courses?,Students can register courses through the SMAP course registration system during the registration period.,course_registration,en
Anda adalah Pembantu AI Akademik Rasmi UTHM. Jawab soalan pengguna dengan tepat berdasarkan fakta UTHM.,Where can I register my subjects?,Pelajar boleh mendaftar kursus melalui sistem pendaftaran kursus SMAP semasa tempoh pendaftaran.,course_registration,bm
Anda adalah Pembantu AI Akademik Rasmi UTHM. Jawab soalan pengguna dengan tepat berdasarkan fakta UTHM.,Where can I register my subjects?,Students can register courses through the SMAP course registration system during the registration period.,course_registration,en
Anda adalah Pembantu AI Akademik Rasmi UTHM. Jawab soalan pengguna dengan tepat berdasarkan fakta UTHM.,Macam mana nak daftar kursus?,Pelajar boleh mendaftar kursus melalui sistem pendaftaran kursus SMAP semasa tempoh pendaftaran.,course_registration,bm
Anda adalah Pembantu AI Akademik Rasmi UTHM. Jawab soalan pengguna dengan tepat berdasarkan fakta UTHM.,Macam mana nak daftar kursus?,Students can register courses through the SMAP course registration system during the registration period.,course_registration,en
Anda adalah Pembantu AI Akademik Rasmi UTHM. Jawab soalan pengguna dengan tepat berdasarkan fakta UTHM.,Bagaimana saya mendaftar kursus?,Pelajar boleh mendaftar kursus melalui sistem pendaftaran kursus SMAP semasa tempoh pendaftaran.,course_registration,bm
Anda adalah Pembantu AI Akademik Rasmi UTHM. Jawab soalan pengguna dengan tepat berdasarkan fakta UTHM.,Bagaimana saya mendaftar kursus?,Students can register courses through the SMAP course registration system during the registration period.,course_registration,en
Anda adalah Pembantu AI Akademik Rasmi UTHM. Jawab soalan pengguna dengan tepat berdasarkan fakta UTHM.,How do I add a course?,Pelajar boleh menambah kursus semasa tempoh tambah dan gugur yang ditetapkan oleh universiti.,add_drop_course,bm
Anda adalah Pembantu AI Akademik Rasmi UTHM. Jawab soalan pengguna dengan tepat berdasarkan fakta UTHM.,How do I add a course?,Students may add courses during the allowed add and drop period stated by the university.,add_drop_course,en
Anda adalah Pembantu AI Akademik Rasmi UTHM. Jawab soalan pengguna dengan tepat berdasarkan fakta UTHM.,How can I drop a subject?,Pelajar boleh menggugurkan kursus semasa tempoh tambah dan gugur mengikut peraturan akademik.,add_drop_course,bm
Anda adalah Pembantu AI Akademik Rasmi UTHM. Jawab soalan pengguna dengan tepat berdasarkan fakta UTHM.,How can I drop a subject?,Students may drop courses during the allowed add and drop period according to academic regulations.,add_drop_course,en
Anda adalah Pembantu AI Akademik Rasmi UTHM. Jawab soalan pengguna dengan tepat berdasarkan fakta UTHM.,Macam mana nak gugur subjek?,Pelajar boleh menggugurkan kursus semasa tempoh tambah dan gugur mengikut peraturan akademik.,add_drop_course,bm
Anda adalah Pembantu AI Akademik Rasmi UTHM. Jawab soalan pengguna dengan tepat berdasarkan fakta UTHM.,Macam mana nak gugur subjek?,Students may drop courses during the allowed add and drop period according to academic regulations.,add_drop_course,en
Anda adalah Pembantu AI Akademik Rasmi UTHM. Jawab soalan pengguna dengan tepat berdasarkan fakta UTHM.,Boleh tambah kursus?,Pelajar boleh menambah kursus semasa tempoh tambah dan gugur yang ditetapkan oleh universiti.,add_drop_course,bm
Anda adalah Pembantu AI Akademik Rasmi UTHM. Jawab soalan pengguna dengan tepat berdasarkan fakta UTHM.,Boleh tambah kursus?,Students may add courses during the allowed add and drop period stated by the university.,add_drop_course,en
Anda adalah Pembantu AI Akademik Rasmi UTHM. Jawab soalan pengguna dengan tepat berdasarkan fakta UTHM.,When is the final examination?,"PPA memaparkan notis peperiksaan akhir, draf dan jadual rasmi mengikut kod kursus serta tarikh, pindaan jadual, jadual pengawas dan maklumat kedudukan meja dewan peperiksaan.",final_exam,bm
Anda adalah Pembantu AI Akademik Rasmi UTHM. Jawab soalan pengguna dengan tepat berdasarkan fakta UTHM.,When is the final examination?,"PPA publishes final examination notices, draft and official timetables by course code and date, amendments, invigilator schedules, and examination hall seating information.",final_exam,en
Anda adalah Pembantu AI Akademik Rasmi UTHM. Jawab soalan pengguna dengan tepat berdasarkan fakta UTHM.,Where can I check my exam timetable?,"PPA memaparkan notis peperiksaan akhir, draf dan jadual rasmi mengikut kod kursus serta tarikh, pindaan jadual, jadual pengawas dan maklumat kedudukan meja dewan peperiksaan.",final_exam,bm
Anda adalah Pembantu AI Akademik Rasmi UTHM. Jawab soalan pengguna dengan tepat berdasarkan fakta UTHM.,Where can I check my exam timetable?,"PPA publishes final examination notices, draft and official timetables by course code and date, amendments, invigilator schedules, and examination hall seating information.",final_exam,en
Anda adalah Pembantu AI Akademik Rasmi UTHM. Jawab soalan pengguna dengan tepat berdasarkan fakta UTHM.,Bila peperiksaan akhir?,"PPA memaparkan notis peperiksaan akhir, draf dan jadual rasmi mengikut kod kursus serta tarikh, pindaan jadual, jadual pengawas dan maklumat kedudukan meja dewan peperiksaan.",final_exam,bm
Anda adalah Pembantu AI Akademik Rasmi UTHM. Jawab soalan pengguna dengan tepat berdasarkan fakta UTHM.,Bila peperiksaan akhir?,"PPA publishes final examination notices, draft and official timetables by course code and date, amendments, invigilator schedules, and examination hall seating information.",final_exam,en
Anda adalah Pembantu AI Akademik Rasmi UTHM. Jawab soalan pengguna dengan tepat berdasarkan fakta UTHM.,Di mana saya boleh semak jadual peperiksaan?,"PPA memaparkan notis peperiksaan akhir, draf dan jadual rasmi mengikut kod kursus serta tarikh, pindaan jadual, jadual pengawas dan maklumat kedudukan meja dewan peperiksaan.",final_exam,bm
Anda adalah Pembantu AI Akademik Rasmi UTHM. Jawab soalan pengguna dengan tepat berdasarkan fakta UTHM.,Di mana saya boleh semak jadual peperiksaan?,"PPA publishes final examination notices, draft and official timetables by course code and date, amendments, invigilator schedules, and examination hall seating information.",final_exam,en
Anda adalah Pembantu AI Akademik Rasmi UTHM. Jawab soalan pengguna dengan tepat berdasarkan fakta UTHM.,What is GPA?,GPA mewakili prestasi akademik pelajar bagi satu semester tertentu.,cgpa_gpa,bm
Anda adalah Pembantu AI Akademik Rasmi UTHM. Jawab soalan pengguna dengan tepat berdasarkan fakta UTHM.,What is GPA?,GPA represents a student's academic performance for a particular semester.,cgpa_gpa,en
Anda adalah Pembantu AI Akademik Rasmi UTHM. Jawab soalan pengguna dengan tepat berdasarkan fakta UTHM.,What is CGPA?,CGPA mewakili prestasi akademik kumulatif sepanjang tempoh pengajian.,cgpa_gpa,bm
Anda adalah Pembantu AI Akademik Rasmi UTHM. Jawab soalan pengguna dengan tepat berdasarkan fakta UTHM.,What is CGPA?,CGPA represents the cumulative academic performance throughout the study period.,cgpa_gpa,en
Anda adalah Pembantu AI Akademik Rasmi UTHM. Jawab soalan pengguna dengan tepat berdasarkan fakta UTHM.,Apa itu GPA?,GPA mewakili prestasi akademik pelajar bagi satu semester tertentu.,cgpa_gpa,bm
Anda adalah Pembantu AI Akademik Rasmi UTHM. Jawab soalan pengguna dengan tepat berdasarkan fakta UTHM.,Apa itu GPA?,GPA represents a student's academic performance for a particular semester.,cgpa_gpa,en
Anda adalah Pembantu AI Akademik Rasmi UTHM. Jawab soalan pengguna dengan tepat berdasarkan fakta UTHM.,Apa itu CGPA?,CGPA mewakili prestasi akademik kumulatif sepanjang tempoh pengajian.,cgpa_gpa,bm
Anda adalah Pembantu AI Akademik Rasmi UTHM. Jawab soalan pengguna dengan tepat berdasarkan fakta UTHM.,Apa itu CGPA?,CGPA represents the cumulative academic performance throughout the study period.,cgpa_gpa,en
Anda adalah Pembantu AI Akademik Rasmi UTHM. Jawab soalan pengguna dengan tepat berdasarkan fakta UTHM.,How do I apply for graduation?,Pelajar boleh merujuk laman web konvokesyen rasmi untuk maklumat graduasi dan konvokesyen.,graduation,bm
Anda adalah Pembantu AI Akademik Rasmi UTHM. Jawab soalan pengguna dengan tepat berdasarkan fakta UTHM.,How do I apply for graduation?,Students can refer to the official convocation website for graduation and convocation information.,graduation,en
Anda adalah Pembantu AI Akademik Rasmi UTHM. Jawab soalan pengguna dengan tepat berdasarkan fakta UTHM.,When can I apply for graduation?,Maklumat graduasi dan konvokesyen diumumkan melalui laman web konvokesyen rasmi.,graduation,bm
Anda adalah Pembantu AI Akademik Rasmi UTHM. Jawab soalan pengguna dengan tepat berdasarkan fakta UTHM.,When can I apply for graduation?,Graduation and convocation information is announced through the official convocation website.,graduation,en
Anda adalah Pembantu AI Akademik Rasmi UTHM. Jawab soalan pengguna dengan tepat berdasarkan fakta UTHM.,Macam mana nak mohon graduasi?,Pelajar boleh merujuk laman web konvokesyen rasmi untuk maklumat graduasi dan konvokesyen.,graduation,bm
Anda adalah Pembantu AI Akademik Rasmi UTHM. Jawab soalan pengguna dengan tepat berdasarkan fakta UTHM.,Macam mana nak mohon graduasi?,Students can refer to the official convocation website for graduation and convocation information.,graduation,en
Anda adalah Pembantu AI Akademik Rasmi UTHM. Jawab soalan pengguna dengan tepat berdasarkan fakta UTHM.,Bila boleh mohon graduasi?,Maklumat graduasi dan konvokesyen diumumkan melalui laman web konvokesyen rasmi.,graduation,bm
Anda adalah Pembantu AI Akademik Rasmi UTHM. Jawab soalan pengguna dengan tepat berdasarkan fakta UTHM.,Bila boleh mohon graduasi?,Graduation and convocation information is announced through the official convocation website.,graduation,en
Anda adalah Pembantu AI Akademik Rasmi UTHM. Jawab soalan pengguna dengan tepat berdasarkan fakta UTHM.,Macam mana nak daftar subjek?,Pelajar boleh mendaftar kursus melalui sistem pendaftaran kursus SMAP semasa tempoh pendaftaran.,course_registration,bm
Anda adalah Pembantu AI Akademik Rasmi UTHM. Jawab soalan pengguna dengan tepat berdasarkan fakta UTHM.,Macam mana nak daftar subjek?,Students can register courses through the SMAP course registration system during the registration period.,course_registration,en
Anda adalah Pembantu AI Akademik Rasmi UTHM. Jawab soalan pengguna dengan tepat berdasarkan fakta UTHM.,Nak daftar kursus dekat mana?,Pelajar boleh mendaftar kursus melalui sistem pendaftaran kursus SMAP semasa tempoh pendaftaran.,course_registration,bm
Anda adalah Pembantu AI Akademik Rasmi UTHM. Jawab soalan pengguna dengan tepat berdasarkan fakta UTHM.,Nak daftar kursus dekat mana?,Students can register courses through the SMAP course registration system during the registration period.,course_registration,en
Anda adalah Pembantu AI Akademik Rasmi UTHM. Jawab soalan pengguna dengan tepat berdasarkan fakta UTHM.,Saya nak daftar kursus,Pelajar boleh mendaftar kursus melalui sistem pendaftaran kursus SMAP semasa tempoh pendaftaran.,course_registration,bm
Anda adalah Pembantu AI Akademik Rasmi UTHM. Jawab soalan pengguna dengan tepat berdasarkan fakta UTHM.,Saya nak daftar kursus,Students can register courses through the SMAP course registration system during the registration period.,course_registration,en
Anda adalah Pembantu AI Akademik Rasmi UTHM. Jawab soalan pengguna dengan tepat berdasarkan fakta UTHM.,Di mana daftar kursus?,Pelajar boleh mendaftar kursus melalui sistem pendaftaran kursus SMAP semasa tempoh pendaftaran.,course_registration,bm
Anda adalah Pembantu AI Akademik Rasmi UTHM. Jawab soalan pengguna dengan tepat berdasarkan fakta UTHM.,Di mana daftar kursus?,Students can register courses through the SMAP course registration system during the registration period.,course_registration,en
Anda adalah Pembantu AI Akademik Rasmi UTHM. Jawab soalan pengguna dengan tepat berdasarkan fakta UTHM.,Boleh daftar kursus online?,Pelajar boleh mendaftar kursus melalui sistem pendaftaran kursus SMAP semasa tempoh pendaftaran.,course_registration,bm
Anda adalah Pembantu AI Akademik Rasmi UTHM. Jawab soalan pengguna dengan tepat berdasarkan fakta UTHM.,Boleh daftar kursus online?,Students can register courses through the SMAP course registration system during the registration period.,course_registration,en
Anda adalah Pembantu AI Akademik Rasmi UTHM. Jawab soalan pengguna dengan tepat berdasarkan fakta UTHM.,How long is BIT programme,Program BIT biasanya mengambil masa 3 tahun atau 6 semester untuk diselesaikan.,study_duration,bm
Anda adalah Pembantu AI Akademik Rasmi UTHM. Jawab soalan pengguna dengan tepat berdasarkan fakta UTHM.,How long is BIT programme,The BIT programme normally takes 3 years and 6 semesters to complete.,study_duration,en
Anda adalah Pembantu AI Akademik Rasmi UTHM. Jawab soalan pengguna dengan tepat berdasarkan fakta UTHM.,How many years for BIT,Program BIT biasanya mengambil masa 3 tahun atau 6 semester untuk diselesaikan.,study_duration,bm
Anda adalah Pembantu AI Akademik Rasmi UTHM. Jawab soalan pengguna dengan tepat berdasarkan fakta UTHM.,How many years for BIT,The BIT programme normally takes 3 years and 6 semesters to complete.,study_duration,en
Anda adalah Pembantu AI Akademik Rasmi UTHM. Jawab soalan pengguna dengan tepat berdasarkan fakta UTHM.,Berapa lama pengajian BIT,Program BIT biasanya mengambil masa 3 tahun atau 6 semester untuk diselesaikan.,study_duration,bm
Anda adalah Pembantu AI Akademik Rasmi UTHM. Jawab soalan pengguna dengan tepat berdasarkan fakta UTHM.,Berapa lama pengajian BIT,The BIT programme normally takes 3 years and 6 semesters to complete.,study_duration,en
Anda adalah Pembantu AI Akademik Rasmi UTHM. Jawab soalan pengguna dengan tepat berdasarkan fakta UTHM.,Berapa tahun belajar BIT,Program BIT biasanya mengambil masa 3 tahun atau 6 semester untuk diselesaikan.,study_duration,bm
Anda adalah Pembantu AI Akademik Rasmi UTHM. Jawab soalan pengguna dengan tepat berdasarkan fakta UTHM.,Berapa tahun belajar BIT,The BIT programme normally takes 3 years and 6 semesters to complete.,study_duration,en
Anda adalah Pembantu AI Akademik Rasmi UTHM. Jawab soalan pengguna dengan tepat berdasarkan fakta UTHM.,Tempoh pengajian BIT,Program BIT biasanya mengambil masa 3 tahun atau 6 semester untuk diselesaikan.,study_duration,bm
Anda adalah Pembantu AI Akademik Rasmi UTHM. Jawab soalan pengguna dengan tepat berdasarkan fakta UTHM.,Tempoh pengajian BIT,The BIT programme normally takes 3 years and 6 semesters to complete.,study_duration,en
Anda adalah Pembantu AI Akademik Rasmi UTHM. Jawab soalan pengguna dengan tepat berdasarkan fakta UTHM.,What is academic calendar?,"Halaman Kalendar Akademik PPA menyediakan Kalendar Akademik Sesi 2026/2027 untuk program Diploma dan Sarjana Muda dalam Bahasa Melayu dan English, arkib kalendar serta takwim mesyuarat Senat, JPA dan akademik.",academic_calendar,bm
Anda adalah Pembantu AI Akademik Rasmi UTHM. Jawab soalan pengguna dengan tepat berdasarkan fakta UTHM.,What is academic calendar?,"The PPA Academic Calendar page provides the 2026/2027 Academic Calendar for Diploma and Bachelor programmes in Malay and English, archived calendars, and Senate/JPA/academic meeting calendars.",academic_calendar,en
Anda adalah Pembantu AI Akademik Rasmi UTHM. Jawab soalan pengguna dengan tepat berdasarkan fakta UTHM.,When does the semester start?,"Halaman Kalendar Akademik PPA menyediakan Kalendar Akademik Sesi 2026/2027 untuk program Diploma dan Sarjana Muda dalam Bahasa Melayu dan English, arkib kalendar serta takwim mesyuarat Senat, JPA dan akademik.",academic_calendar,bm
Anda adalah Pembantu AI Akademik Rasmi UTHM. Jawab soalan pengguna dengan tepat berdasarkan fakta UTHM.,When does the semester start?,"The PPA Academic Calendar page provides the 2026/2027 Academic Calendar for Diploma and Bachelor programmes in Malay and English, archived calendars, and Senate/JPA/academic meeting calendars.",academic_calendar,en
Anda adalah Pembantu AI Akademik Rasmi UTHM. Jawab soalan pengguna dengan tepat berdasarkan fakta UTHM.,When does the semester end?,"Halaman Kalendar Akademik PPA menyediakan Kalendar Akademik Sesi 2026/2027 untuk program Diploma dan Sarjana Muda dalam Bahasa Melayu dan English, arkib kalendar serta takwim mesyuarat Senat, JPA dan akademik.",academic_calendar,bm
Anda adalah Pembantu AI Akademik Rasmi UTHM. Jawab soalan pengguna dengan tepat berdasarkan fakta UTHM.,When does the semester end?,"The PPA Academic Calendar page provides the 2026/2027 Academic Calendar for Diploma and Bachelor programmes in Malay and English, archived calendars, and Senate/JPA/academic meeting calendars.",academic_calendar,en
Anda adalah Pembantu AI Akademik Rasmi UTHM. Jawab soalan pengguna dengan tepat berdasarkan fakta UTHM.,Bilakah semester bermula?,"Halaman Kalendar Akademik PPA menyediakan Kalendar Akademik Sesi 2026/2027 untuk program Diploma dan Sarjana Muda dalam Bahasa Melayu dan English, arkib kalendar serta takwim mesyuarat Senat, JPA dan akademik.",academic_calendar,bm
Anda adalah Pembantu AI Akademik Rasmi UTHM. Jawab soalan pengguna dengan tepat berdasarkan fakta UTHM.,Bilakah semester bermula?,"The PPA Academic Calendar page provides the 2026/2027 Academic Calendar for Diploma and Bachelor programmes in Malay and English, archived calendars, and Senate/JPA/academic meeting calendars.",academic_calendar,en
Anda adalah Pembantu AI Akademik Rasmi UTHM. Jawab soalan pengguna dengan tepat berdasarkan fakta UTHM.,Bilakah semester tamat?,"Halaman Kalendar Akademik PPA menyediakan Kalendar Akademik Sesi 2026/2027 untuk program Diploma dan Sarjana Muda dalam Bahasa Melayu dan English, arkib kalendar serta takwim mesyuarat Senat, JPA dan akademik.",academic_calendar,bm
Anda adalah Pembantu AI Akademik Rasmi UTHM. Jawab soalan pengguna dengan tepat berdasarkan fakta UTHM.,Bilakah semester tamat?,"The PPA Academic Calendar page provides the 2026/2027 Academic Calendar for Diploma and Bachelor programmes in Malay and English, archived calendars, and Senate/JPA/academic meeting calendars.",academic_calendar,en
Anda adalah Pembantu AI Akademik Rasmi UTHM. Jawab soalan pengguna dengan tepat berdasarkan fakta UTHM.,What is academic probation?,Percubaan akademik merujuk kepada status pelajar apabila prestasi akademik berada di bawah syarat universiti.,academic_probation,bm
Anda adalah Pembantu AI Akademik Rasmi UTHM. Jawab soalan pengguna dengan tepat berdasarkan fakta UTHM.,What is academic probation?,Academic probation refers to a student's academic status when academic performance falls below university requirements.,academic_probation,en
Anda adalah Pembantu AI Akademik Rasmi UTHM. Jawab soalan pengguna dengan tepat berdasarkan fakta UTHM.,Apa itu percubaan akademik?,Percubaan akademik merujuk kepada status pelajar apabila prestasi akademik berada di bawah syarat universiti.,academic_probation,bm
Anda adalah Pembantu AI Akademik Rasmi UTHM. Jawab soalan pengguna dengan tepat berdasarkan fakta UTHM.,Apa itu percubaan akademik?,Academic probation refers to a student's academic status when academic performance falls below university requirements.,academic_probation,en
Anda adalah Pembantu AI Akademik Rasmi UTHM. Jawab soalan pengguna dengan tepat berdasarkan fakta UTHM.,What is academic status?,Status akademik ditentukan berdasarkan prestasi akademik pelajar.,academic_status,bm
Anda adalah Pembantu AI Akademik Rasmi UTHM. Jawab soalan pengguna dengan tepat berdasarkan fakta UTHM.,What is academic status?,Academic status is determined based on the student's academic performance.,academic_status,en
Anda adalah Pembantu AI Akademik Rasmi UTHM. Jawab soalan pengguna dengan tepat berdasarkan fakta UTHM.,Apa itu status akademik?,Status akademik ditentukan berdasarkan prestasi akademik pelajar.,academic_status,bm
Anda adalah Pembantu AI Akademik Rasmi UTHM. Jawab soalan pengguna dengan tepat berdasarkan fakta UTHM.,Apa itu status akademik?,Academic status is determined based on the student's academic performance.,academic_status,en
Anda adalah Pembantu AI Akademik Rasmi UTHM. Jawab soalan pengguna dengan tepat berdasarkan fakta UTHM.,How can I defer my semester?,"Permohonan tangguh pengajian hendaklah menggunakan Borang Tangguh Pengajian dan dikemukakan kepada Pejabat Pengurusan Akademik untuk kelulusan, kecuali penangguhan di bawah Peraturan 17(4).",defer_semester,bm
Anda adalah Pembantu AI Akademik Rasmi UTHM. Jawab soalan pengguna dengan tepat berdasarkan fakta UTHM.,How can I defer my semester?,"Applications for deferment of study must use the Deferment of Study Form and be submitted to the Office of Academic Management for approval, except for deferment under Regulation 17(4).",defer_semester,en
Anda adalah Pembantu AI Akademik Rasmi UTHM. Jawab soalan pengguna dengan tepat berdasarkan fakta UTHM.,What is semester deferment?,"Permohonan tangguh pengajian hendaklah menggunakan Borang Tangguh Pengajian dan dikemukakan kepada Pejabat Pengurusan Akademik untuk kelulusan, kecuali penangguhan di bawah Peraturan 17(4).",defer_semester,bm
Anda adalah Pembantu AI Akademik Rasmi UTHM. Jawab soalan pengguna dengan tepat berdasarkan fakta UTHM.,What is semester deferment?,"Applications for deferment of study must use the Deferment of Study Form and be submitted to the Office of Academic Management for approval, except for deferment under Regulation 17(4).",defer_semester,en
Anda adalah Pembantu AI Akademik Rasmi UTHM. Jawab soalan pengguna dengan tepat berdasarkan fakta UTHM.,Macam mana nak tangguh semester?,"Permohonan tangguh pengajian hendaklah menggunakan Borang Tangguh Pengajian dan dikemukakan kepada Pejabat Pengurusan Akademik untuk kelulusan, kecuali penangguhan di bawah Peraturan 17(4).",defer_semester,bm
Anda adalah Pembantu AI Akademik Rasmi UTHM. Jawab soalan pengguna dengan tepat berdasarkan fakta UTHM.,Macam mana nak tangguh semester?,"Applications for deferment of study must use the Deferment of Study Form and be submitted to the Office of Academic Management for approval, except for deferment under Regulation 17(4).",defer_semester,en
Anda adalah Pembantu AI Akademik Rasmi UTHM. Jawab soalan pengguna dengan tepat berdasarkan fakta UTHM.,Boleh tangguh pengajian?,"Permohonan tangguh pengajian hendaklah menggunakan Borang Tangguh Pengajian dan dikemukakan kepada Pejabat Pengurusan Akademik untuk kelulusan, kecuali penangguhan di bawah Peraturan 17(4).",defer_semester,bm
Anda adalah Pembantu AI Akademik Rasmi UTHM. Jawab soalan pengguna dengan tepat berdasarkan fakta UTHM.,Boleh tangguh pengajian?,"Applications for deferment of study must use the Deferment of Study Form and be submitted to the Office of Academic Management for approval, except for deferment under Regulation 17(4).",defer_semester,en
Anda adalah Pembantu AI Akademik Rasmi UTHM. Jawab soalan pengguna dengan tepat berdasarkan fakta UTHM.,What is tuition fee?,Pelajar boleh merujuk maklumat yuran pengajian yang disediakan oleh universiti.,fee_payment,bm
Anda adalah Pembantu AI Akademik Rasmi UTHM. Jawab soalan pengguna dengan tepat berdasarkan fakta UTHM.,What is tuition fee?,Students can refer to the tuition fee information provided by the university.,fee_payment,en
Anda adalah Pembantu AI Akademik Rasmi UTHM. Jawab soalan pengguna dengan tepat berdasarkan fakta UTHM.,How can I pay tuition fees?,Pelajar boleh merujuk maklumat rasmi pembayaran yuran pengajian.,fee_payment,bm
Anda adalah Pembantu AI Akademik Rasmi UTHM. Jawab soalan pengguna dengan tepat berdasarkan fakta UTHM.,How can I pay tuition fees?,Students can refer to the official tuition fee payment information.,fee_payment,en
Anda adalah Pembantu AI Akademik Rasmi UTHM. Jawab soalan pengguna dengan tepat berdasarkan fakta UTHM.,Macam mana bayar yuran?,Pelajar boleh merujuk maklumat rasmi pembayaran yuran pengajian.,fee_payment,bm
Anda adalah Pembantu AI Akademik Rasmi UTHM. Jawab soalan pengguna dengan tepat berdasarkan fakta UTHM.,Macam mana bayar yuran?,Students can refer to the official tuition fee payment information.,fee_payment,en
Anda adalah Pembantu AI Akademik Rasmi UTHM. Jawab soalan pengguna dengan tepat berdasarkan fakta UTHM.,Di mana boleh semak yuran?,Pelajar boleh merujuk maklumat yuran pengajian yang disediakan oleh universiti.,fee_payment,bm
Anda adalah Pembantu AI Akademik Rasmi UTHM. Jawab soalan pengguna dengan tepat berdasarkan fakta UTHM.,Di mana boleh semak yuran?,Students can refer to the tuition fee information provided by the university.,fee_payment,en
Anda adalah Pembantu AI Akademik Rasmi UTHM. Jawab soalan pengguna dengan tepat berdasarkan fakta UTHM.,What is SMAP?,"SMAP Online boleh diakses di http://smap.uthm.edu.my. Jika terlupa kata laluan SMAP, hubungi PTM Careline di 07-4537295.",student_portal,bm
Anda adalah Pembantu AI Akademik Rasmi UTHM. Jawab soalan pengguna dengan tepat berdasarkan fakta UTHM.,What is SMAP?,"SMAP Online can be accessed at http://smap.uthm.edu.my. If you forget your SMAP password, contact PTM Careline at 07-4537295.",student_portal,en
Anda adalah Pembantu AI Akademik Rasmi UTHM. Jawab soalan pengguna dengan tepat berdasarkan fakta UTHM.,How do I access SMAP?,"SMAP Online boleh diakses di http://smap.uthm.edu.my. Jika terlupa kata laluan SMAP, hubungi PTM Careline di 07-4537295.",student_portal,bm
Anda adalah Pembantu AI Akademik Rasmi UTHM. Jawab soalan pengguna dengan tepat berdasarkan fakta UTHM.,How do I access SMAP?,"SMAP Online can be accessed at http://smap.uthm.edu.my. If you forget your SMAP password, contact PTM Careline at 07-4537295.",student_portal,en
Anda adalah Pembantu AI Akademik Rasmi UTHM. Jawab soalan pengguna dengan tepat berdasarkan fakta UTHM.,Apa itu SMAP?,"SMAP Online boleh diakses di http://smap.uthm.edu.my. Jika terlupa kata laluan SMAP, hubungi PTM Careline di 07-4537295.",student_portal,bm
Anda adalah Pembantu AI Akademik Rasmi UTHM. Jawab soalan pengguna dengan tepat berdasarkan fakta UTHM.,Apa itu SMAP?,"SMAP Online can be accessed at http://smap.uthm.edu.my. If you forget your SMAP password, contact PTM Careline at 07-4537295.",student_portal,en
Anda adalah Pembantu AI Akademik Rasmi UTHM. Jawab soalan pengguna dengan tepat berdasarkan fakta UTHM.,Macam mana login SMAP?,"SMAP Online boleh diakses di http://smap.uthm.edu.my. Jika terlupa kata laluan SMAP, hubungi PTM Careline di 07-4537295.",student_portal,bm
Anda adalah Pembantu AI Akademik Rasmi UTHM. Jawab soalan pengguna dengan tepat berdasarkan fakta UTHM.,Macam mana login SMAP?,"SMAP Online can be accessed at http://smap.uthm.edu.my. If you forget your SMAP password, contact PTM Careline at 07-4537295.",student_portal,en
Anda adalah Pembantu AI Akademik Rasmi UTHM. Jawab soalan pengguna dengan tepat berdasarkan fakta UTHM.,How can I contact PPA?,"PPA UTHM boleh dihubungi melalui talian +607-4537696, faks +607-4536085, atau e-mel ppa@uthm.edu.my. Alamat: Pejabat Pengurusan Akademik, Universiti Tun Hussein Onn Malaysia, 86400 Parit Raja, Batu Pahat, Johor.",contact_ppa,bm
Anda adalah Pembantu AI Akademik Rasmi UTHM. Jawab soalan pengguna dengan tepat berdasarkan fakta UTHM.,How can I contact PPA?,"PPA UTHM can be contacted at +607-4537696, fax +607-4536085, or email ppa@uthm.edu.my. Address: Pejabat Pengurusan Akademik, Universiti Tun Hussein Onn Malaysia, 86400 Parit Raja, Batu Pahat, Johor.",contact_ppa,en
Anda adalah Pembantu AI Akademik Rasmi UTHM. Jawab soalan pengguna dengan tepat berdasarkan fakta UTHM.,What is the phone number of PPA?,"PPA UTHM boleh dihubungi melalui talian +607-4537696, faks +607-4536085, atau e-mel ppa@uthm.edu.my. Alamat: Pejabat Pengurusan Akademik, Universiti Tun Hussein Onn Malaysia, 86400 Parit Raja, Batu Pahat, Johor.",contact_ppa,bm
Anda adalah Pembantu AI Akademik Rasmi UTHM. Jawab soalan pengguna dengan tepat berdasarkan fakta UTHM.,What is the phone number of PPA?,"PPA UTHM can be contacted at +607-4537696, fax +607-4536085, or email ppa@uthm.edu.my. Address: Pejabat Pengurusan Akademik, Universiti Tun Hussein Onn Malaysia, 86400 Parit Raja, Batu Pahat, Johor.",contact_ppa,en
Anda adalah Pembantu AI Akademik Rasmi UTHM. Jawab soalan pengguna dengan tepat berdasarkan fakta UTHM.,Bagaimana hubungi PPA?,"PPA UTHM boleh dihubungi melalui talian +607-4537696, faks +607-4536085, atau e-mel ppa@uthm.edu.my. Alamat: Pejabat Pengurusan Akademik, Universiti Tun Hussein Onn Malaysia, 86400 Parit Raja, Batu Pahat, Johor.",contact_ppa,bm
Anda adalah Pembantu AI Akademik Rasmi UTHM. Jawab soalan pengguna dengan tepat berdasarkan fakta UTHM.,Bagaimana hubungi PPA?,"PPA UTHM can be contacted at +607-4537696, fax +607-4536085, or email ppa@uthm.edu.my. Address: Pejabat Pengurusan Akademik, Universiti Tun Hussein Onn Malaysia, 86400 Parit Raja, Batu Pahat, Johor.",contact_ppa,en
Anda adalah Pembantu AI Akademik Rasmi UTHM. Jawab soalan pengguna dengan tepat berdasarkan fakta UTHM.,Nombor telefon PPA?,"PPA UTHM boleh dihubungi melalui talian +607-4537696, faks +607-4536085, atau e-mel ppa@uthm.edu.my. Alamat: Pejabat Pengurusan Akademik, Universiti Tun Hussein Onn Malaysia, 86400 Parit Raja, Batu Pahat, Johor.",contact_ppa,bm
Anda adalah Pembantu AI Akademik Rasmi UTHM. Jawab soalan pengguna dengan tepat berdasarkan fakta UTHM.,Nombor telefon PPA?,"PPA UTHM can be contacted at +607-4537696, fax +607-4536085, or email ppa@uthm.edu.my. Address: Pejabat Pengurusan Akademik, Universiti Tun Hussein Onn Malaysia, 86400 Parit Raja, Batu Pahat, Johor.",contact_ppa,en
Anda adalah Pembantu AI Akademik Rasmi UTHM. Jawab soalan pengguna dengan tepat berdasarkan fakta UTHM.,What is course registration period?,Pelajar perlu mendaftar kursus semasa tempoh pendaftaran rasmi.,course_registration_period,bm
Anda adalah Pembantu AI Akademik Rasmi UTHM. Jawab soalan pengguna dengan tepat berdasarkan fakta UTHM.,What is course registration period?,Students must register courses during the official registration period.,course_registration_period,en
Anda adalah Pembantu AI Akademik Rasmi UTHM. Jawab soalan pengguna dengan tepat berdasarkan fakta UTHM.,When is course registration?,Pelajar perlu mendaftar kursus semasa tempoh pendaftaran rasmi.,course_registration_period,bm
Anda adalah Pembantu AI Akademik Rasmi UTHM. Jawab soalan pengguna dengan tepat berdasarkan fakta UTHM.,When is course registration?,Students must register courses during the official registration period.,course_registration_period,en
Anda adalah Pembantu AI Akademik Rasmi UTHM. Jawab soalan pengguna dengan tepat berdasarkan fakta UTHM.,Bila pendaftaran kursus?,Pelajar perlu mendaftar kursus semasa tempoh pendaftaran rasmi.,course_registration_period,bm
Anda adalah Pembantu AI Akademik Rasmi UTHM. Jawab soalan pengguna dengan tepat berdasarkan fakta UTHM.,Bila pendaftaran kursus?,Students must register courses during the official registration period.,course_registration_period,en
Anda adalah Pembantu AI Akademik Rasmi UTHM. Jawab soalan pengguna dengan tepat berdasarkan fakta UTHM.,Tempoh daftar kursus bila?,Pelajar perlu mendaftar kursus semasa tempoh pendaftaran rasmi.,course_registration_period,bm
Anda adalah Pembantu AI Akademik Rasmi UTHM. Jawab soalan pengguna dengan tepat berdasarkan fakta UTHM.,Tempoh daftar kursus bila?,Students must register courses during the official registration period.,course_registration_period,en
Anda adalah Pembantu AI Akademik Rasmi UTHM. Jawab soalan pengguna dengan tepat berdasarkan fakta UTHM.,What is add drop period?,Pelajar boleh menambah atau menggugurkan kursus semasa tempoh tambah/gugur rasmi.,add_drop_period,bm
Anda adalah Pembantu AI Akademik Rasmi UTHM. Jawab soalan pengguna dengan tepat berdasarkan fakta UTHM.,What is add drop period?,Students may add or drop courses during the official add/drop period.,add_drop_period,en
Anda adalah Pembantu AI Akademik Rasmi UTHM. Jawab soalan pengguna dengan tepat berdasarkan fakta UTHM.,When is add drop period?,Pelajar boleh menambah atau menggugurkan kursus semasa tempoh tambah/gugur rasmi.,add_drop_period,bm
Anda adalah Pembantu AI Akademik Rasmi UTHM. Jawab soalan pengguna dengan tepat berdasarkan fakta UTHM.,When is add drop period?,Students may add or drop courses during the official add/drop period.,add_drop_period,en
Anda adalah Pembantu AI Akademik Rasmi UTHM. Jawab soalan pengguna dengan tepat berdasarkan fakta UTHM.,Bila tempoh tambah gugur?,Pelajar boleh menambah atau menggugurkan kursus semasa tempoh tambah/gugur rasmi.,add_drop_period,bm
Anda adalah Pembantu AI Akademik Rasmi UTHM. Jawab soalan pengguna dengan tepat berdasarkan fakta UTHM.,Bila tempoh tambah gugur?,Students may add or drop courses during the official add/drop period.,add_drop_period,en
Anda adalah Pembantu AI Akademik Rasmi UTHM. Jawab soalan pengguna dengan tepat berdasarkan fakta UTHM.,Tempoh add drop bila?,Pelajar boleh menambah atau menggugurkan kursus semasa tempoh tambah/gugur rasmi.,add_drop_period,bm
Anda adalah Pembantu AI Akademik Rasmi UTHM. Jawab soalan pengguna dengan tepat berdasarkan fakta UTHM.,Tempoh add drop bila?,Students may add or drop courses during the official add/drop period.,add_drop_period,en
Anda adalah Pembantu AI Akademik Rasmi UTHM. Jawab soalan pengguna dengan tepat berdasarkan fakta UTHM.,What is examination week?,Pelajar boleh merujuk kalendar akademik untuk tarikh minggu peperiksaan.,exam_week,bm
Anda adalah Pembantu AI Akademik Rasmi UTHM. Jawab soalan pengguna dengan tepat berdasarkan fakta UTHM.,What is examination week?,Students can refer to the academic calendar for examination week dates.,exam_week,en
Anda adalah Pembantu AI Akademik Rasmi UTHM. Jawab soalan pengguna dengan tepat berdasarkan fakta UTHM.,When is examination week?,Pelajar boleh merujuk kalendar akademik untuk tarikh minggu peperiksaan.,exam_week,bm
Anda adalah Pembantu AI Akademik Rasmi UTHM. Jawab soalan pengguna dengan tepat berdasarkan fakta UTHM.,When is examination week?,Students can refer to the academic calendar for examination week dates.,exam_week,en
Anda adalah Pembantu AI Akademik Rasmi UTHM. Jawab soalan pengguna dengan tepat berdasarkan fakta UTHM.,Bila minggu peperiksaan?,Pelajar boleh merujuk kalendar akademik untuk tarikh minggu peperiksaan.,exam_week,bm
Anda adalah Pembantu AI Akademik Rasmi UTHM. Jawab soalan pengguna dengan tepat berdasarkan fakta UTHM.,Bila minggu peperiksaan?,Students can refer to the academic calendar for examination week dates.,exam_week,en
Anda adalah Pembantu AI Akademik Rasmi UTHM. Jawab soalan pengguna dengan tepat berdasarkan fakta UTHM.,Minggu exam bila?,Pelajar boleh merujuk kalendar akademik untuk tarikh minggu peperiksaan.,exam_week,bm
Anda adalah Pembantu AI Akademik Rasmi UTHM. Jawab soalan pengguna dengan tepat berdasarkan fakta UTHM.,Minggu exam bila?,Students can refer to the academic calendar for examination week dates.,exam_week,en
Anda adalah Pembantu AI Akademik Rasmi UTHM. Jawab soalan pengguna dengan tepat berdasarkan fakta UTHM.,What is convocation?,Maklumat konvokesyen boleh didapati melalui laman web konvokesyen rasmi.,convocation,bm
Anda adalah Pembantu AI Akademik Rasmi UTHM. Jawab soalan pengguna dengan tepat berdasarkan fakta UTHM.,What is convocation?,Convocation information is available through the official convocation website.,convocation,en
Anda adalah Pembantu AI Akademik Rasmi UTHM. Jawab soalan pengguna dengan tepat berdasarkan fakta UTHM.,When is convocation?,Maklumat konvokesyen boleh didapati melalui laman web konvokesyen rasmi.,convocation,bm
Anda adalah Pembantu AI Akademik Rasmi UTHM. Jawab soalan pengguna dengan tepat berdasarkan fakta UTHM.,When is convocation?,Convocation information is available through the official convocation website.,convocation,en
Anda adalah Pembantu AI Akademik Rasmi UTHM. Jawab soalan pengguna dengan tepat berdasarkan fakta UTHM.,Apa itu konvokesyen?,Maklumat konvokesyen boleh didapati melalui laman web konvokesyen rasmi.,convocation,bm
Anda adalah Pembantu AI Akademik Rasmi UTHM. Jawab soalan pengguna dengan tepat berdasarkan fakta UTHM.,Apa itu konvokesyen?,Convocation information is available through the official convocation website.,convocation,en
Anda adalah Pembantu AI Akademik Rasmi UTHM. Jawab soalan pengguna dengan tepat berdasarkan fakta UTHM.,Bila konvokesyen?,Maklumat konvokesyen boleh didapati melalui laman web konvokesyen rasmi.,convocation,bm
Anda adalah Pembantu AI Akademik Rasmi UTHM. Jawab soalan pengguna dengan tepat berdasarkan fakta UTHM.,Bila konvokesyen?,Convocation information is available through the official convocation website.,convocation,en
Anda adalah Pembantu AI Akademik Rasmi UTHM. Jawab soalan pengguna dengan tepat berdasarkan fakta UTHM.,What is academic regulation?,PPA menyediakan Peraturan Akademik Program Sarjana Muda dan Diploma Edisi Ke-8 serta Garis Panduan Pindah Kredit UTHM yang berkuat kuasa mulai Semester I Sesi 2021/2022.,academic_regulation,bm
Anda adalah Pembantu AI Akademik Rasmi UTHM. Jawab soalan pengguna dengan tepat berdasarkan fakta UTHM.,What is academic regulation?,"PPA provides the Academic Regulations for Bachelor Degree and Diploma Programmes, 8th Edition, and UTHM Credit Transfer Guidelines, effective from Semester I Session 2021/2022.",academic_regulation,en
Anda adalah Pembantu AI Akademik Rasmi UTHM. Jawab soalan pengguna dengan tepat berdasarkan fakta UTHM.,How can I enroll in courses?,Pelajar boleh mendaftar kursus melalui sistem pendaftaran kursus SMAP semasa tempoh pendaftaran.,course_registration,bm
Anda adalah Pembantu AI Akademik Rasmi UTHM. Jawab soalan pengguna dengan tepat berdasarkan fakta UTHM.,How can I enroll in courses?,Students can register courses through the SMAP course registration system during the registration period.,course_registration,en
Anda adalah Pembantu AI Akademik Rasmi UTHM. Jawab soalan pengguna dengan tepat berdasarkan fakta UTHM.,When can I register courses?,Pelajar boleh mendaftar kursus melalui sistem pendaftaran kursus SMAP semasa tempoh pendaftaran.,course_registration,bm
Anda adalah Pembantu AI Akademik Rasmi UTHM. Jawab soalan pengguna dengan tepat berdasarkan fakta UTHM.,When can I register courses?,Course registration dates can be referred to through the academic calendar or SMAP system.,course_registration,en
Anda adalah Pembantu AI Akademik Rasmi UTHM. Jawab soalan pengguna dengan tepat berdasarkan fakta UTHM.,Can I register courses online?,Pelajar boleh mendaftar kursus melalui sistem pendaftaran kursus SMAP semasa tempoh pendaftaran.,course_registration,bm
Anda adalah Pembantu AI Akademik Rasmi UTHM. Jawab soalan pengguna dengan tepat berdasarkan fakta UTHM.,Can I register courses online?,"Yes, course registration is done online through the SMAP course registration system.",course_registration,en
Anda adalah Pembantu AI Akademik Rasmi UTHM. Jawab soalan pengguna dengan tepat berdasarkan fakta UTHM.,What is the add and drop period?,Pelajar boleh menambah atau menggugurkan kursus semasa tempoh tambah dan gugur mengikut peraturan akademik.,add_drop_course,bm
Anda adalah Pembantu AI Akademik Rasmi UTHM. Jawab soalan pengguna dengan tepat berdasarkan fakta UTHM.,What is the add and drop period?,The add and drop period is the period where students are allowed to correct course registration.,add_drop_course,en
Anda adalah Pembantu AI Akademik Rasmi UTHM. Jawab soalan pengguna dengan tepat berdasarkan fakta UTHM.,Can I change my registered courses?,Pelajar boleh menambah atau menggugurkan kursus semasa tempoh tambah dan gugur mengikut peraturan akademik.,add_drop_course,bm
Anda adalah Pembantu AI Akademik Rasmi UTHM. Jawab soalan pengguna dengan tepat berdasarkan fakta UTHM.,Can I change my registered courses?,Course changes are allowed during the correction period stated in the academic regulations.,add_drop_course,en
Anda adalah Pembantu AI Akademik Rasmi UTHM. Jawab soalan pengguna dengan tepat berdasarkan fakta UTHM.,Where can I add or drop courses?,Pelajar boleh menambah atau menggugurkan kursus semasa tempoh tambah dan gugur mengikut peraturan akademik.,add_drop_course,bm
Anda adalah Pembantu AI Akademik Rasmi UTHM. Jawab soalan pengguna dengan tepat berdasarkan fakta UTHM.,Where can I add or drop courses?,Students can manage course registration through the official SMAP system.,add_drop_course,en
Anda adalah Pembantu AI Akademik Rasmi UTHM. Jawab soalan pengguna dengan tepat berdasarkan fakta UTHM.,When does the semester begin?,"Halaman Kalendar Akademik PPA menyediakan Kalendar Akademik Sesi 2026/2027 untuk program Diploma dan Sarjana Muda dalam Bahasa Melayu dan English, arkib kalendar serta takwim mesyuarat Senat, JPA dan akademik.",academic_calendar,bm
Anda adalah Pembantu AI Akademik Rasmi UTHM. Jawab soalan pengguna dengan tepat berdasarkan fakta UTHM.,When does the semester begin?,"The PPA Academic Calendar page provides the 2026/2027 Academic Calendar for Diploma and Bachelor programmes in Malay and English, archived calendars, and Senate/JPA/academic meeting calendars.",academic_calendar,en
Anda adalah Pembantu AI Akademik Rasmi UTHM. Jawab soalan pengguna dengan tepat berdasarkan fakta UTHM.,When is semester break?,"Halaman Kalendar Akademik PPA menyediakan Kalendar Akademik Sesi 2026/2027 untuk program Diploma dan Sarjana Muda dalam Bahasa Melayu dan English, arkib kalendar serta takwim mesyuarat Senat, JPA dan akademik.",academic_calendar,bm
Anda adalah Pembantu AI Akademik Rasmi UTHM. Jawab soalan pengguna dengan tepat berdasarkan fakta UTHM.,When is semester break?,"The PPA Academic Calendar page provides the 2026/2027 Academic Calendar for Diploma and Bachelor programmes in Malay and English, archived calendars, and Senate/JPA/academic meeting calendars.",academic_calendar,en
Anda adalah Pembantu AI Akademik Rasmi UTHM. Jawab soalan pengguna dengan tepat berdasarkan fakta UTHM.,Where can I find the academic calendar?,"Halaman Kalendar Akademik PPA menyediakan Kalendar Akademik Sesi 2026/2027 untuk program Diploma dan Sarjana Muda dalam Bahasa Melayu dan English, arkib kalendar serta takwim mesyuarat Senat, JPA dan akademik.",academic_calendar,bm
Anda adalah Pembantu AI Akademik Rasmi UTHM. Jawab soalan pengguna dengan tepat berdasarkan fakta UTHM.,Where can I find the academic calendar?,"The PPA Academic Calendar page provides the 2026/2027 Academic Calendar for Diploma and Bachelor programmes in Malay and English, archived calendars, and Senate/JPA/academic meeting calendars.",academic_calendar,en
Anda adalah Pembantu AI Akademik Rasmi UTHM. Jawab soalan pengguna dengan tepat berdasarkan fakta UTHM.,When are university holidays?,"Halaman Kalendar Akademik PPA menyediakan Kalendar Akademik Sesi 2026/2027 untuk program Diploma dan Sarjana Muda dalam Bahasa Melayu dan English, arkib kalendar serta takwim mesyuarat Senat, JPA dan akademik.",academic_calendar,bm
Anda adalah Pembantu AI Akademik Rasmi UTHM. Jawab soalan pengguna dengan tepat berdasarkan fakta UTHM.,When are university holidays?,"The PPA Academic Calendar page provides the 2026/2027 Academic Calendar for Diploma and Bachelor programmes in Malay and English, archived calendars, and Senate/JPA/academic meeting calendars.",academic_calendar,en
Anda adalah Pembantu AI Akademik Rasmi UTHM. Jawab soalan pengguna dengan tepat berdasarkan fakta UTHM.,When does the new semester start?,"Halaman Kalendar Akademik PPA menyediakan Kalendar Akademik Sesi 2026/2027 untuk program Diploma dan Sarjana Muda dalam Bahasa Melayu dan English, arkib kalendar serta takwim mesyuarat Senat, JPA dan akademik.",academic_calendar,bm
Anda adalah Pembantu AI Akademik Rasmi UTHM. Jawab soalan pengguna dengan tepat berdasarkan fakta UTHM.,When does the new semester start?,"The PPA Academic Calendar page provides the 2026/2027 Academic Calendar for Diploma and Bachelor programmes in Malay and English, archived calendars, and Senate/JPA/academic meeting calendars.",academic_calendar,en
Anda adalah Pembantu AI Akademik Rasmi UTHM. Jawab soalan pengguna dengan tepat berdasarkan fakta UTHM.,How do I know my exam schedule?,"PPA memaparkan notis peperiksaan akhir, draf dan jadual rasmi mengikut kod kursus serta tarikh, pindaan jadual, jadual pengawas dan maklumat kedudukan meja dewan peperiksaan.",final_exam,bm
Anda adalah Pembantu AI Akademik Rasmi UTHM. Jawab soalan pengguna dengan tepat berdasarkan fakta UTHM.,How do I know my exam schedule?,"PPA publishes final examination notices, draft and official timetables by course code and date, amendments, invigilator schedules, and examination hall seating information.",final_exam,en
Anda adalah Pembantu AI Akademik Rasmi UTHM. Jawab soalan pengguna dengan tepat berdasarkan fakta UTHM.,When will the examination timetable be released?,"PPA memaparkan notis peperiksaan akhir, draf dan jadual rasmi mengikut kod kursus serta tarikh, pindaan jadual, jadual pengawas dan maklumat kedudukan meja dewan peperiksaan.",final_exam,bm
Anda adalah Pembantu AI Akademik Rasmi UTHM. Jawab soalan pengguna dengan tepat berdasarkan fakta UTHM.,When will the examination timetable be released?,"PPA publishes final examination notices, draft and official timetables by course code and date, amendments, invigilator schedules, and examination hall seating information.",final_exam,en
Anda adalah Pembantu AI Akademik Rasmi UTHM. Jawab soalan pengguna dengan tepat berdasarkan fakta UTHM.,Where can I find final examination information?,"PPA memaparkan notis peperiksaan akhir, draf dan jadual rasmi mengikut kod kursus serta tarikh, pindaan jadual, jadual pengawas dan maklumat kedudukan meja dewan peperiksaan.",final_exam,bm
Anda adalah Pembantu AI Akademik Rasmi UTHM. Jawab soalan pengguna dengan tepat berdasarkan fakta UTHM.,Where can I find final examination information?,"PPA publishes final examination notices, draft and official timetables by course code and date, amendments, invigilator schedules, and examination hall seating information.",final_exam,en
Anda adalah Pembantu AI Akademik Rasmi UTHM. Jawab soalan pengguna dengan tepat berdasarkan fakta UTHM.,How is GPA calculated?,Pelajar boleh merujuk Peraturan Akademik atau sistem pelajar untuk maklumat GPA dan CGPA.,cgpa_gpa,bm
Anda adalah Pembantu AI Akademik Rasmi UTHM. Jawab soalan pengguna dengan tepat berdasarkan fakta UTHM.,How is GPA calculated?,GPA is calculated based on grade points and credit hours earned in a semester.,cgpa_gpa,en
Anda adalah Pembantu AI Akademik Rasmi UTHM. Jawab soalan pengguna dengan tepat berdasarkan fakta UTHM.,How is CGPA calculated?,Pelajar boleh merujuk Peraturan Akademik atau sistem pelajar untuk maklumat GPA dan CGPA.,cgpa_gpa,bm
Anda adalah Pembantu AI Akademik Rasmi UTHM. Jawab soalan pengguna dengan tepat berdasarkan fakta UTHM.,How is CGPA calculated?,CGPA is calculated using accumulated grade points and credit hours.,cgpa_gpa,en
Anda adalah Pembantu AI Akademik Rasmi UTHM. Jawab soalan pengguna dengan tepat berdasarkan fakta UTHM.,Where can I check my GPA?,Pelajar boleh merujuk Peraturan Akademik atau sistem pelajar untuk maklumat GPA dan CGPA.,cgpa_gpa,bm
Anda adalah Pembantu AI Akademik Rasmi UTHM. Jawab soalan pengguna dengan tepat berdasarkan fakta UTHM.,Where can I check my GPA?,Students can check GPA and CGPA through the academic system.,cgpa_gpa,en
Anda adalah Pembantu AI Akademik Rasmi UTHM. Jawab soalan pengguna dengan tepat berdasarkan fakta UTHM.,What happens if my GPA is low?,PPA menyediakan Peraturan Akademik Program Sarjana Muda dan Diploma Edisi Ke-8 serta Garis Panduan Pindah Kredit UTHM yang berkuat kuasa mulai Semester I Sesi 2021/2022.,academic_regulation,bm
Anda adalah Pembantu AI Akademik Rasmi UTHM. Jawab soalan pengguna dengan tepat berdasarkan fakta UTHM.,What happens if my GPA is low?,"PPA provides the Academic Regulations for Bachelor Degree and Diploma Programmes, 8th Edition, and UTHM Credit Transfer Guidelines, effective from Semester I Session 2021/2022.",academic_regulation,en
Anda adalah Pembantu AI Akademik Rasmi UTHM. Jawab soalan pengguna dengan tepat berdasarkan fakta UTHM.,Where can I read academic regulations?,PPA menyediakan Peraturan Akademik Program Sarjana Muda dan Diploma Edisi Ke-8 serta Garis Panduan Pindah Kredit UTHM yang berkuat kuasa mulai Semester I Sesi 2021/2022.,academic_regulation,bm
Anda adalah Pembantu AI Akademik Rasmi UTHM. Jawab soalan pengguna dengan tepat berdasarkan fakta UTHM.,Where can I read academic regulations?,"PPA provides the Academic Regulations for Bachelor Degree and Diploma Programmes, 8th Edition, and UTHM Credit Transfer Guidelines, effective from Semester I Session 2021/2022.",academic_regulation,en
Anda adalah Pembantu AI Akademik Rasmi UTHM. Jawab soalan pengguna dengan tepat berdasarkan fakta UTHM.,What are the academic rules?,PPA menyediakan Peraturan Akademik Program Sarjana Muda dan Diploma Edisi Ke-8 serta Garis Panduan Pindah Kredit UTHM yang berkuat kuasa mulai Semester I Sesi 2021/2022.,academic_regulation,bm
Anda adalah Pembantu AI Akademik Rasmi UTHM. Jawab soalan pengguna dengan tepat berdasarkan fakta UTHM.,What are the academic rules?,"PPA provides the Academic Regulations for Bachelor Degree and Diploma Programmes, 8th Edition, and UTHM Credit Transfer Guidelines, effective from Semester I Session 2021/2022.",academic_regulation,en
Anda adalah Pembantu AI Akademik Rasmi UTHM. Jawab soalan pengguna dengan tepat berdasarkan fakta UTHM.,Can academic regulations change?,PPA menyediakan Peraturan Akademik Program Sarjana Muda dan Diploma Edisi Ke-8 serta Garis Panduan Pindah Kredit UTHM yang berkuat kuasa mulai Semester I Sesi 2021/2022.,academic_regulation,bm
Anda adalah Pembantu AI Akademik Rasmi UTHM. Jawab soalan pengguna dengan tepat berdasarkan fakta UTHM.,Can academic regulations change?,"PPA provides the Academic Regulations for Bachelor Degree and Diploma Programmes, 8th Edition, and UTHM Credit Transfer Guidelines, effective from Semester I Session 2021/2022.",academic_regulation,en
Anda adalah Pembantu AI Akademik Rasmi UTHM. Jawab soalan pengguna dengan tepat berdasarkan fakta UTHM.,Where can I get graduation information?,Pelajar boleh merujuk laman web konvokesyen rasmi untuk maklumat graduasi dan konvokesyen.,graduation,bm
Anda adalah Pembantu AI Akademik Rasmi UTHM. Jawab soalan pengguna dengan tepat berdasarkan fakta UTHM.,Where can I get graduation information?,Graduation information is available on the UTHM Convocation website.,graduation,en
Anda adalah Pembantu AI Akademik Rasmi UTHM. Jawab soalan pengguna dengan tepat berdasarkan fakta UTHM.,How do I check my graduation status?,Pelajar boleh merujuk laman web konvokesyen rasmi untuk maklumat graduasi dan konvokesyen.,graduation,bm
Anda adalah Pembantu AI Akademik Rasmi UTHM. Jawab soalan pengguna dengan tepat berdasarkan fakta UTHM.,How do I check my graduation status?,Students can refer to the official academic or convocation system for graduation-related information.,graduation,en
Anda adalah Pembantu AI Akademik Rasmi UTHM. Jawab soalan pengguna dengan tepat berdasarkan fakta UTHM.,Who is eligible for graduation?,Pelajar boleh merujuk laman web konvokesyen rasmi untuk maklumat graduasi dan konvokesyen.,graduation,bm
Anda adalah Pembantu AI Akademik Rasmi UTHM. Jawab soalan pengguna dengan tepat berdasarkan fakta UTHM.,Who is eligible for graduation?,Students who fulfil the academic and graduation requirements are eligible to graduate.,graduation,en
Anda adalah Pembantu AI Akademik Rasmi UTHM. Jawab soalan pengguna dengan tepat berdasarkan fakta UTHM.,Where can I check tuition fees?,Pelajar boleh merujuk maklumat rasmi pembayaran yuran pengajian.,fee_payment,bm
Anda adalah Pembantu AI Akademik Rasmi UTHM. Jawab soalan pengguna dengan tepat berdasarkan fakta UTHM.,Where can I check tuition fees?,Tuition fee information is available on the official UTHM tuition fees page.,fee_payment,en
Anda adalah Pembantu AI Akademik Rasmi UTHM. Jawab soalan pengguna dengan tepat berdasarkan fakta UTHM.,Can I pay fees online?,Pelajar boleh merujuk maklumat rasmi pembayaran yuran pengajian.,fee_payment,bm
Anda adalah Pembantu AI Akademik Rasmi UTHM. Jawab soalan pengguna dengan tepat berdasarkan fakta UTHM.,Can I pay fees online?,Students may use the payment methods provided by the university.,fee_payment,en
Anda adalah Pembantu AI Akademik Rasmi UTHM. Jawab soalan pengguna dengan tepat berdasarkan fakta UTHM.,How do I view my fee statement?,Pelajar boleh merujuk maklumat rasmi pembayaran yuran pengajian.,fee_payment,bm
Anda adalah Pembantu AI Akademik Rasmi UTHM. Jawab soalan pengguna dengan tepat berdasarkan fakta UTHM.,How do I view my fee statement?,Students should refer to the official student or finance portal for fee information.,fee_payment,en
Anda adalah Pembantu AI Akademik Rasmi UTHM. Jawab soalan pengguna dengan tepat berdasarkan fakta UTHM.,When should tuition fees be paid?,Pelajar boleh merujuk maklumat rasmi pembayaran yuran pengajian.,fee_payment,bm
Anda adalah Pembantu AI Akademik Rasmi UTHM. Jawab soalan pengguna dengan tepat berdasarkan fakta UTHM.,When should tuition fees be paid?,Students should follow the payment deadlines announced by the university.,fee_payment,en
Anda adalah Pembantu AI Akademik Rasmi UTHM. Jawab soalan pengguna dengan tepat berdasarkan fakta UTHM.,How do I contact PPA?,"PPA UTHM boleh dihubungi melalui talian +607-4537696, faks +607-4536085, atau e-mel ppa@uthm.edu.my. Alamat: Pejabat Pengurusan Akademik, Universiti Tun Hussein Onn Malaysia, 86400 Parit Raja, Batu Pahat, Johor.",contact_ppa,bm
Anda adalah Pembantu AI Akademik Rasmi UTHM. Jawab soalan pengguna dengan tepat berdasarkan fakta UTHM.,How do I contact PPA?,"PPA UTHM can be contacted at +607-4537696, fax +607-4536085, or email ppa@uthm.edu.my. Address: Pejabat Pengurusan Akademik, Universiti Tun Hussein Onn Malaysia, 86400 Parit Raja, Batu Pahat, Johor.",contact_ppa,en
Anda adalah Pembantu AI Akademik Rasmi UTHM. Jawab soalan pengguna dengan tepat berdasarkan fakta UTHM.,Where can I find PPA phone numbers?,"PPA UTHM boleh dihubungi melalui talian +607-4537696, faks +607-4536085, atau e-mel ppa@uthm.edu.my. Alamat: Pejabat Pengurusan Akademik, Universiti Tun Hussein Onn Malaysia, 86400 Parit Raja, Batu Pahat, Johor.",contact_ppa,bm
Anda adalah Pembantu AI Akademik Rasmi UTHM. Jawab soalan pengguna dengan tepat berdasarkan fakta UTHM.,Where can I find PPA phone numbers?,"PPA UTHM can be contacted at +607-4537696, fax +607-4536085, or email ppa@uthm.edu.my. Address: Pejabat Pengurusan Akademik, Universiti Tun Hussein Onn Malaysia, 86400 Parit Raja, Batu Pahat, Johor.",contact_ppa,en
Anda adalah Pembantu AI Akademik Rasmi UTHM. Jawab soalan pengguna dengan tepat berdasarkan fakta UTHM.,How do I email PPA?,"PPA UTHM boleh dihubungi melalui talian +607-4537696, faks +607-4536085, atau e-mel ppa@uthm.edu.my. Alamat: Pejabat Pengurusan Akademik, Universiti Tun Hussein Onn Malaysia, 86400 Parit Raja, Batu Pahat, Johor.",contact_ppa,bm
Anda adalah Pembantu AI Akademik Rasmi UTHM. Jawab soalan pengguna dengan tepat berdasarkan fakta UTHM.,How do I email PPA?,"PPA UTHM can be contacted at +607-4537696, fax +607-4536085, or email ppa@uthm.edu.my. Address: Pejabat Pengurusan Akademik, Universiti Tun Hussein Onn Malaysia, 86400 Parit Raja, Batu Pahat, Johor.",contact_ppa,en
Anda adalah Pembantu AI Akademik Rasmi UTHM. Jawab soalan pengguna dengan tepat berdasarkan fakta UTHM.,Where is PPA located?,"PPA UTHM boleh dihubungi melalui talian +607-4537696, faks +607-4536085, atau e-mel ppa@uthm.edu.my. Alamat: Pejabat Pengurusan Akademik, Universiti Tun Hussein Onn Malaysia, 86400 Parit Raja, Batu Pahat, Johor.",contact_ppa,bm
Anda adalah Pembantu AI Akademik Rasmi UTHM. Jawab soalan pengguna dengan tepat berdasarkan fakta UTHM.,Where is PPA located?,"PPA UTHM can be contacted at +607-4537696, fax +607-4536085, or email ppa@uthm.edu.my. Address: Pejabat Pengurusan Akademik, Universiti Tun Hussein Onn Malaysia, 86400 Parit Raja, Batu Pahat, Johor.",contact_ppa,en
Anda adalah Pembantu AI Akademik Rasmi UTHM. Jawab soalan pengguna dengan tepat berdasarkan fakta UTHM.,How can I get help from PPA?,"PPA UTHM boleh dihubungi melalui talian +607-4537696, faks +607-4536085, atau e-mel ppa@uthm.edu.my. Alamat: Pejabat Pengurusan Akademik, Universiti Tun Hussein Onn Malaysia, 86400 Parit Raja, Batu Pahat, Johor.",contact_ppa,bm
Anda adalah Pembantu AI Akademik Rasmi UTHM. Jawab soalan pengguna dengan tepat berdasarkan fakta UTHM.,How can I get help from PPA?,"PPA UTHM can be contacted at +607-4537696, fax +607-4536085, or email ppa@uthm.edu.my. Address: Pejabat Pengurusan Akademik, Universiti Tun Hussein Onn Malaysia, 86400 Parit Raja, Batu Pahat, Johor.",contact_ppa,en
Anda adalah Pembantu AI Akademik Rasmi UTHM. Jawab soalan pengguna dengan tepat berdasarkan fakta UTHM.,What is the student bulletin?,Pelajar boleh melihat pengumuman melalui halaman buletin pelajar SMAP.,student_bulletin,bm
Anda adalah Pembantu AI Akademik Rasmi UTHM. Jawab soalan pengguna dengan tepat berdasarkan fakta UTHM.,What is the student bulletin?,The student bulletin contains announcements and important academic information.,student_bulletin,en
Anda adalah Pembantu AI Akademik Rasmi UTHM. Jawab soalan pengguna dengan tepat berdasarkan fakta UTHM.,Where can I view announcements?,Pelajar boleh melihat pengumuman melalui halaman buletin pelajar SMAP.,student_bulletin,bm
Anda adalah Pembantu AI Akademik Rasmi UTHM. Jawab soalan pengguna dengan tepat berdasarkan fakta UTHM.,Where can I view announcements?,Students can access announcements through the SMAP student bulletin page.,student_bulletin,en
Anda adalah Pembantu AI Akademik Rasmi UTHM. Jawab soalan pengguna dengan tepat berdasarkan fakta UTHM.,How do I check university notices?,Pelajar boleh melihat pengumuman melalui halaman buletin pelajar SMAP.,student_bulletin,bm
Anda adalah Pembantu AI Akademik Rasmi UTHM. Jawab soalan pengguna dengan tepat berdasarkan fakta UTHM.,How do I check university notices?,Official notices are available through the student portal and university website.,student_bulletin,en
Anda adalah Pembantu AI Akademik Rasmi UTHM. Jawab soalan pengguna dengan tepat berdasarkan fakta UTHM.,Where can I find academic announcements?,Pelajar boleh melihat pengumuman melalui halaman buletin pelajar SMAP.,student_bulletin,bm
Anda adalah Pembantu AI Akademik Rasmi UTHM. Jawab soalan pengguna dengan tepat berdasarkan fakta UTHM.,Where can I find academic announcements?,Academic announcements are published through official university channels such as SMAP bulletin.,student_bulletin,en
Anda adalah Pembantu AI Akademik Rasmi UTHM. Jawab soalan pengguna dengan tepat berdasarkan fakta UTHM.,How do I access the student portal?,Pelajar boleh melihat pengumuman melalui halaman buletin pelajar SMAP.,student_bulletin,bm
Anda adalah Pembantu AI Akademik Rasmi UTHM. Jawab soalan pengguna dengan tepat berdasarkan fakta UTHM.,How do I access the student portal?,Students can access student portal information through the SMAP bulletin page.,student_bulletin,en
Anda adalah Pembantu AI Akademik Rasmi UTHM. Jawab soalan pengguna dengan tepat berdasarkan fakta UTHM.,add/drop period,Pelajar boleh menambah atau menggugurkan kursus semasa tempoh tambah/gugur rasmi.,add_drop_period,bm
Anda adalah Pembantu AI Akademik Rasmi UTHM. Jawab soalan pengguna dengan tepat berdasarkan fakta UTHM.,add/drop period,The add/drop period is stated in the Academic Calendar and academic regulations.,add_drop_period,en
Anda adalah Pembantu AI Akademik Rasmi UTHM. Jawab soalan pengguna dengan tepat berdasarkan fakta UTHM.,course registration rules,Pelajar perlu mengikuti peraturan pendaftaran kursus seperti yang dinyatakan dalam Peraturan Akademik.,course_registration_rules,bm
Anda adalah Pembantu AI Akademik Rasmi UTHM. Jawab soalan pengguna dengan tepat berdasarkan fakta UTHM.,course registration rules,Students must follow course registration rules stated in the academic regulations.,course_registration_rules,en
Anda adalah Pembantu AI Akademik Rasmi UTHM. Jawab soalan pengguna dengan tepat berdasarkan fakta UTHM.,examination week,Pelajar boleh merujuk kalendar akademik untuk tarikh minggu peperiksaan.,exam_week,bm
Anda adalah Pembantu AI Akademik Rasmi UTHM. Jawab soalan pengguna dengan tepat berdasarkan fakta UTHM.,examination week,Examination weeks are listed in the Academic Calendar.,exam_week,en
Anda adalah Pembantu AI Akademik Rasmi UTHM. Jawab soalan pengguna dengan tepat berdasarkan fakta UTHM.,graduation eligibility,Pelajar yang memenuhi syarat graduasi layak untuk bergraduasi.,graduation_eligibility,bm
Anda adalah Pembantu AI Akademik Rasmi UTHM. Jawab soalan pengguna dengan tepat berdasarkan fakta UTHM.,graduation eligibility,Students who fulfil academic requirements are eligible for graduation.,graduation_eligibility,en
Anda adalah Pembantu AI Akademik Rasmi UTHM. Jawab soalan pengguna dengan tepat berdasarkan fakta UTHM.,Tell me about add drop period,Pelajar boleh menambah atau menggugurkan kursus semasa tempoh tambah/gugur rasmi.,add_drop_period,bm
Anda adalah Pembantu AI Akademik Rasmi UTHM. Jawab soalan pengguna dengan tepat berdasarkan fakta UTHM.,Tell me about add drop period,The add/drop period is stated in the Academic Calendar and Academic Regulations.,add_drop_period,en
Anda adalah Pembantu AI Akademik Rasmi UTHM. Jawab soalan pengguna dengan tepat berdasarkan fakta UTHM.,What are the course registration rules?,Pelajar perlu mengikuti peraturan pendaftaran kursus seperti yang dinyatakan dalam Peraturan Akademik.,course_registration_rules,bm
Anda adalah Pembantu AI Akademik Rasmi UTHM. Jawab soalan pengguna dengan tepat berdasarkan fakta UTHM.,What are the course registration rules?,Students must follow the course registration rules stated in the Academic Regulations.,course_registration_rules,en
Anda adalah Pembantu AI Akademik Rasmi UTHM. Jawab soalan pengguna dengan tepat berdasarkan fakta UTHM.,Registration rules,Pelajar perlu mengikuti peraturan pendaftaran kursus seperti yang dinyatakan dalam Peraturan Akademik.,course_registration_rules,bm
Anda adalah Pembantu AI Akademik Rasmi UTHM. Jawab soalan pengguna dengan tepat berdasarkan fakta UTHM.,Registration rules,Students must follow the course registration rules stated in the Academic Regulations.,course_registration_rules,en
Anda adalah Pembantu AI Akademik Rasmi UTHM. Jawab soalan pengguna dengan tepat berdasarkan fakta UTHM.,Course registration requirements,Pelajar perlu mengikuti peraturan pendaftaran kursus seperti yang dinyatakan dalam Peraturan Akademik.,course_registration_rules,bm
Anda adalah Pembantu AI Akademik Rasmi UTHM. Jawab soalan pengguna dengan tepat berdasarkan fakta UTHM.,Course registration requirements,Students must follow the course registration rules stated in the Academic Regulations.,course_registration_rules,en
Anda adalah Pembantu AI Akademik Rasmi UTHM. Jawab soalan pengguna dengan tepat berdasarkan fakta UTHM.,When is exam week?,Pelajar boleh merujuk kalendar akademik untuk tarikh minggu peperiksaan.,exam_week,bm
Anda adalah Pembantu AI Akademik Rasmi UTHM. Jawab soalan pengguna dengan tepat berdasarkan fakta UTHM.,When is exam week?,Examination week dates are available in the Academic Calendar.,exam_week,en
Anda adalah Pembantu AI Akademik Rasmi UTHM. Jawab soalan pengguna dengan tepat berdasarkan fakta UTHM.,Examination week,Pelajar boleh merujuk kalendar akademik untuk tarikh minggu peperiksaan.,exam_week,bm
Anda adalah Pembantu AI Akademik Rasmi UTHM. Jawab soalan pengguna dengan tepat berdasarkan fakta UTHM.,Examination week,Examination week dates are available in the Academic Calendar.,exam_week,en
Anda adalah Pembantu AI Akademik Rasmi UTHM. Jawab soalan pengguna dengan tepat berdasarkan fakta UTHM.,When does exam week start?,Pelajar boleh merujuk kalendar akademik untuk tarikh minggu peperiksaan.,exam_week,bm
Anda adalah Pembantu AI Akademik Rasmi UTHM. Jawab soalan pengguna dengan tepat berdasarkan fakta UTHM.,When does exam week start?,Examination week dates are available in the Academic Calendar.,exam_week,en
Anda adalah Pembantu AI Akademik Rasmi UTHM. Jawab soalan pengguna dengan tepat berdasarkan fakta UTHM.,Who can graduate?,Pelajar yang memenuhi syarat graduasi layak untuk bergraduasi.,graduation_eligibility,bm
Anda adalah Pembantu AI Akademik Rasmi UTHM. Jawab soalan pengguna dengan tepat berdasarkan fakta UTHM.,Who can graduate?,Students who fulfil graduation requirements are eligible to graduate.,graduation_eligibility,en
Anda adalah Pembantu AI Akademik Rasmi UTHM. Jawab soalan pengguna dengan tepat berdasarkan fakta UTHM.,What are graduation requirements?,Pelajar yang memenuhi syarat graduasi layak untuk bergraduasi.,graduation_eligibility,bm
Anda adalah Pembantu AI Akademik Rasmi UTHM. Jawab soalan pengguna dengan tepat berdasarkan fakta UTHM.,What are graduation requirements?,Students who fulfil graduation requirements are eligible to graduate.,graduation_eligibility,en
Anda adalah Pembantu AI Akademik Rasmi UTHM. Jawab soalan pengguna dengan tepat berdasarkan fakta UTHM.,Graduation eligibility,Pelajar yang memenuhi syarat graduasi layak untuk bergraduasi.,graduation_eligibility,bm
Anda adalah Pembantu AI Akademik Rasmi UTHM. Jawab soalan pengguna dengan tepat berdasarkan fakta UTHM.,Graduation eligibility,Students who fulfil graduation requirements are eligible to graduate.,graduation_eligibility,en
Anda adalah Pembantu AI Akademik Rasmi UTHM. Jawab soalan pengguna dengan tepat berdasarkan fakta UTHM.,Di mana kalendar akademik?,"Halaman Kalendar Akademik PPA menyediakan Kalendar Akademik Sesi 2026/2027 untuk program Diploma dan Sarjana Muda dalam Bahasa Melayu dan English, arkib kalendar serta takwim mesyuarat Senat, JPA dan akademik.",academic_calendar,bm
Anda adalah Pembantu AI Akademik Rasmi UTHM. Jawab soalan pengguna dengan tepat berdasarkan fakta UTHM.,Di mana kalendar akademik?,"The PPA Academic Calendar page provides the 2026/2027 Academic Calendar for Diploma and Bachelor programmes in Malay and English, archived calendars, and Senate/JPA/academic meeting calendars.",academic_calendar,en
Anda adalah Pembantu AI Akademik Rasmi UTHM. Jawab soalan pengguna dengan tepat berdasarkan fakta UTHM.,Macam mana nak hubungi PPA?,"PPA UTHM boleh dihubungi melalui talian +607-4537696, faks +607-4536085, atau e-mel ppa@uthm.edu.my. Alamat: Pejabat Pengurusan Akademik, Universiti Tun Hussein Onn Malaysia, 86400 Parit Raja, Batu Pahat, Johor.",contact_ppa,bm
Anda adalah Pembantu AI Akademik Rasmi UTHM. Jawab soalan pengguna dengan tepat berdasarkan fakta UTHM.,Macam mana nak hubungi PPA?,"PPA UTHM can be contacted at +607-4537696, fax +607-4536085, or email ppa@uthm.edu.my. Address: Pejabat Pengurusan Akademik, Universiti Tun Hussein Onn Malaysia, 86400 Parit Raja, Batu Pahat, Johor.",contact_ppa,en
Anda adalah Pembantu AI Akademik Rasmi UTHM. Jawab soalan pengguna dengan tepat berdasarkan fakta UTHM.,mcm mnn nk dftar subjek?,Pelajar boleh mendaftar kursus melalui sistem pendaftaran kursus SMAP semasa tempoh pendaftaran.,course_registration,bm
Anda adalah Pembantu AI Akademik Rasmi UTHM. Jawab soalan pengguna dengan tepat berdasarkan fakta UTHM.,mcm mnn nk dftar subjek?,Students can register courses through the SMAP course registration system during the registration period.,course_registration,en
Anda adalah Pembantu AI Akademik Rasmi UTHM. Jawab soalan pengguna dengan tepat berdasarkan fakta UTHM.,mcm mana nk daftar subjek?,Pelajar boleh mendaftar kursus melalui sistem pendaftaran kursus SMAP semasa tempoh pendaftaran.,course_registration,bm
Anda adalah Pembantu AI Akademik Rasmi UTHM. Jawab soalan pengguna dengan tepat berdasarkan fakta UTHM.,mcm mana nk daftar subjek?,Students can register courses through the SMAP course registration system during the registration period.,course_registration,en
Anda adalah Pembantu AI Akademik Rasmi UTHM. Jawab soalan pengguna dengan tepat berdasarkan fakta UTHM.,mcm mana nak dftar kursus?,Pelajar boleh mendaftar kursus melalui sistem pendaftaran kursus SMAP semasa tempoh pendaftaran.,course_registration,bm
Anda adalah Pembantu AI Akademik Rasmi UTHM. Jawab soalan pengguna dengan tepat berdasarkan fakta UTHM.,mcm mana nak dftar kursus?,Students can register courses through the SMAP course registration system during the registration period.,course_registration,en
Anda adalah Pembantu AI Akademik Rasmi UTHM. Jawab soalan pengguna dengan tepat berdasarkan fakta UTHM.,nk daftar subj dekat mana?,Pelajar boleh mendaftar kursus melalui sistem pendaftaran kursus SMAP semasa tempoh pendaftaran.,course_registration,bm
Anda adalah Pembantu AI Akademik Rasmi UTHM. Jawab soalan pengguna dengan tepat berdasarkan fakta UTHM.,nk daftar subj dekat mana?,Students can register courses through the SMAP course registration system during the registration period.,course_registration,en
Anda adalah Pembantu AI Akademik Rasmi UTHM. Jawab soalan pengguna dengan tepat berdasarkan fakta UTHM.,nak register subjek kat mana?,Pelajar boleh mendaftar kursus melalui sistem pendaftaran kursus SMAP semasa tempoh pendaftaran.,course_registration,bm
Anda adalah Pembantu AI Akademik Rasmi UTHM. Jawab soalan pengguna dengan tepat berdasarkan fakta UTHM.,nak register subjek kat mana?,Students can register courses through the SMAP course registration system during the registration period.,course_registration,en
Anda adalah Pembantu AI Akademik Rasmi UTHM. Jawab soalan pengguna dengan tepat berdasarkan fakta UTHM.,how to rgister sbjct?,Pelajar boleh mendaftar kursus melalui sistem pendaftaran kursus SMAP semasa tempoh pendaftaran.,course_registration,bm
Anda adalah Pembantu AI Akademik Rasmi UTHM. Jawab soalan pengguna dengan tepat berdasarkan fakta UTHM.,how to rgister sbjct?,Students can register courses through the SMAP course registration system during the registration period.,course_registration,en
Anda adalah Pembantu AI Akademik Rasmi UTHM. Jawab soalan pengguna dengan tepat berdasarkan fakta UTHM.,how to register subjek?,Pelajar boleh mendaftar kursus melalui sistem pendaftaran kursus SMAP semasa tempoh pendaftaran.,course_registration,bm
Anda adalah Pembantu AI Akademik Rasmi UTHM. Jawab soalan pengguna dengan tepat berdasarkan fakta UTHM.,how to register subjek?,Students can register courses through the SMAP course registration system during the registration period.,course_registration,en
Anda adalah Pembantu AI Akademik Rasmi UTHM. Jawab soalan pengguna dengan tepat berdasarkan fakta UTHM.,how can i daftar kursus?,Pelajar boleh mendaftar kursus melalui sistem pendaftaran kursus SMAP semasa tempoh pendaftaran.,course_registration,bm
Anda adalah Pembantu AI Akademik Rasmi UTHM. Jawab soalan pengguna dengan tepat berdasarkan fakta UTHM.,how can i daftar kursus?,Students can register courses through the SMAP course registration system during the registration period.,course_registration,en
Anda adalah Pembantu AI Akademik Rasmi UTHM. Jawab soalan pengguna dengan tepat berdasarkan fakta UTHM.,where to register kursus?,Pelajar boleh mendaftar kursus melalui sistem pendaftaran kursus SMAP semasa tempoh pendaftaran.,course_registration,bm
Anda adalah Pembantu AI Akademik Rasmi UTHM. Jawab soalan pengguna dengan tepat berdasarkan fakta UTHM.,where to register kursus?,Students can register courses through the SMAP course registration system during the registration period.,course_registration,en
Anda adalah Pembantu AI Akademik Rasmi UTHM. Jawab soalan pengguna dengan tepat berdasarkan fakta UTHM.,i want to daftar subject,Pelajar boleh mendaftar kursus melalui sistem pendaftaran kursus SMAP semasa tempoh pendaftaran.,course_registration,bm
Anda adalah Pembantu AI Akademik Rasmi UTHM. Jawab soalan pengguna dengan tepat berdasarkan fakta UTHM.,i want to daftar subject,Students can register courses through the SMAP course registration system during the registration period.,course_registration,en
Anda adalah Pembantu AI Akademik Rasmi UTHM. Jawab soalan pengguna dengan tepat berdasarkan fakta UTHM.,can i daftar subjek online?,Pelajar boleh mendaftar kursus melalui sistem pendaftaran kursus SMAP semasa tempoh pendaftaran.,course_registration,bm
Anda adalah Pembantu AI Akademik Rasmi UTHM. Jawab soalan pengguna dengan tepat berdasarkan fakta UTHM.,can i daftar subjek online?,Students can register courses through the SMAP course registration system during the registration period.,course_registration,en
Anda adalah Pembantu AI Akademik Rasmi UTHM. Jawab soalan pengguna dengan tepat berdasarkan fakta UTHM.,cara register subjek?,Pelajar boleh mendaftar kursus melalui sistem pendaftaran kursus SMAP semasa tempoh pendaftaran.,course_registration,bm
Anda adalah Pembantu AI Akademik Rasmi UTHM. Jawab soalan pengguna dengan tepat berdasarkan fakta UTHM.,cara register subjek?,Students can register courses through the SMAP course registration system during the registration period.,course_registration,en
Anda adalah Pembantu AI Akademik Rasmi UTHM. Jawab soalan pengguna dengan tepat berdasarkan fakta UTHM.,cara daftar subject?,Pelajar boleh mendaftar kursus melalui sistem pendaftaran kursus SMAP semasa tempoh pendaftaran.,course_registration,bm
Anda adalah Pembantu AI Akademik Rasmi UTHM. Jawab soalan pengguna dengan tepat berdasarkan fakta UTHM.,cara daftar subject?,Students can register courses through the SMAP course registration system during the registration period.,course_registration,en
Anda adalah Pembantu AI Akademik Rasmi UTHM. Jawab soalan pengguna dengan tepat berdasarkan fakta UTHM.,nk add subject dalam smap?,Pelajar boleh mendaftar kursus melalui sistem pendaftaran kursus SMAP semasa tempoh pendaftaran.,course_registration,bm
Anda adalah Pembantu AI Akademik Rasmi UTHM. Jawab soalan pengguna dengan tepat berdasarkan fakta UTHM.,nk add subject dalam smap?,Students can register courses through the SMAP course registration system during the registration period.,course_registration,en
Anda adalah Pembantu AI Akademik Rasmi UTHM. Jawab soalan pengguna dengan tepat berdasarkan fakta UTHM.,how do i enroll kursus?,Pelajar boleh mendaftar kursus melalui sistem pendaftaran kursus SMAP semasa tempoh pendaftaran.,course_registration,bm
Anda adalah Pembantu AI Akademik Rasmi UTHM. Jawab soalan pengguna dengan tepat berdasarkan fakta UTHM.,how do i enroll kursus?,Students can register courses through the SMAP course registration system during the registration period.,course_registration,en
Anda adalah Pembantu AI Akademik Rasmi UTHM. Jawab soalan pengguna dengan tepat berdasarkan fakta UTHM.,how to enroll subjek in smap?,Pelajar boleh mendaftar kursus melalui sistem pendaftaran kursus SMAP semasa tempoh pendaftaran.,course_registration,bm
Anda adalah Pembantu AI Akademik Rasmi UTHM. Jawab soalan pengguna dengan tepat berdasarkan fakta UTHM.,how to enroll subjek in smap?,Students can register courses through the SMAP course registration system during the registration period.,course_registration,en
Anda adalah Pembantu AI Akademik Rasmi UTHM. Jawab soalan pengguna dengan tepat berdasarkan fakta UTHM.,daftar subject smap macam mana?,Pelajar boleh mendaftar kursus melalui sistem pendaftaran kursus SMAP semasa tempoh pendaftaran.,course_registration,bm
Anda adalah Pembantu AI Akademik Rasmi UTHM. Jawab soalan pengguna dengan tepat berdasarkan fakta UTHM.,daftar subject smap macam mana?,Students can register courses through the SMAP course registration system during the registration period.,course_registration,en
Anda adalah Pembantu AI Akademik Rasmi UTHM. Jawab soalan pengguna dengan tepat berdasarkan fakta UTHM.,smap register subject how?,Pelajar boleh mendaftar kursus melalui sistem pendaftaran kursus SMAP semasa tempoh pendaftaran.,course_registration,bm
Anda adalah Pembantu AI Akademik Rasmi UTHM. Jawab soalan pengguna dengan tepat berdasarkan fakta UTHM.,smap register subject how?,Students can register courses through the SMAP course registration system during the registration period.,course_registration,en
Anda adalah Pembantu AI Akademik Rasmi UTHM. Jawab soalan pengguna dengan tepat berdasarkan fakta UTHM.,bila boleh daftar subjek?,Pelajar perlu mendaftar kursus semasa tempoh pendaftaran rasmi.,course_registration_period,bm
Anda adalah Pembantu AI Akademik Rasmi UTHM. Jawab soalan pengguna dengan tepat berdasarkan fakta UTHM.,bila boleh daftar subjek?,Students must register courses during the official registration period.,course_registration_period,en
Anda adalah Pembantu AI Akademik Rasmi UTHM. Jawab soalan pengguna dengan tepat berdasarkan fakta UTHM.,when daftar kursus open?,Pelajar perlu mendaftar kursus semasa tempoh pendaftaran rasmi.,course_registration_period,bm
Anda adalah Pembantu AI Akademik Rasmi UTHM. Jawab soalan pengguna dengan tepat berdasarkan fakta UTHM.,when daftar kursus open?,Students must register courses during the official registration period.,course_registration_period,en
Anda adalah Pembantu AI Akademik Rasmi UTHM. Jawab soalan pengguna dengan tepat berdasarkan fakta UTHM.,course reg period bila?,Pelajar perlu mendaftar kursus semasa tempoh pendaftaran rasmi.,course_registration_period,bm
Anda adalah Pembantu AI Akademik Rasmi UTHM. Jawab soalan pengguna dengan tepat berdasarkan fakta UTHM.,course reg period bila?,Students must register courses during the official registration period.,course_registration_period,en
Anda adalah Pembantu AI Akademik Rasmi UTHM. Jawab soalan pengguna dengan tepat berdasarkan fakta UTHM.,tempoh dftar subjek bila?,Pelajar perlu mendaftar kursus semasa tempoh pendaftaran rasmi.,course_registration_period,bm
Anda adalah Pembantu AI Akademik Rasmi UTHM. Jawab soalan pengguna dengan tepat berdasarkan fakta UTHM.,tempoh dftar subjek bila?,Students must register courses during the official registration period.,course_registration_period,en
Anda adalah Pembantu AI Akademik Rasmi UTHM. Jawab soalan pengguna dengan tepat berdasarkan fakta UTHM.,registration kursus date?,Pelajar perlu mendaftar kursus semasa tempoh pendaftaran rasmi.,course_registration_period,bm
Anda adalah Pembantu AI Akademik Rasmi UTHM. Jawab soalan pengguna dengan tepat berdasarkan fakta UTHM.,registration kursus date?,Students must register courses during the official registration period.,course_registration_period,en
Anda adalah Pembantu AI Akademik Rasmi UTHM. Jawab soalan pengguna dengan tepat berdasarkan fakta UTHM.,when can i register subjek?,Pelajar perlu mendaftar kursus semasa tempoh pendaftaran rasmi.,course_registration_period,bm
Anda adalah Pembantu AI Akademik Rasmi UTHM. Jawab soalan pengguna dengan tepat berdasarkan fakta UTHM.,when can i register subjek?,Students must register courses during the official registration period.,course_registration_period,en
Anda adalah Pembantu AI Akademik Rasmi UTHM. Jawab soalan pengguna dengan tepat berdasarkan fakta UTHM.,bila smap buka daftar kursus?,Pelajar perlu mendaftar kursus semasa tempoh pendaftaran rasmi.,course_registration_period,bm
Anda adalah Pembantu AI Akademik Rasmi UTHM. Jawab soalan pengguna dengan tepat berdasarkan fakta UTHM.,bila smap buka daftar kursus?,Students must register courses during the official registration period.,course_registration_period,en
Anda adalah Pembantu AI Akademik Rasmi UTHM. Jawab soalan pengguna dengan tepat berdasarkan fakta UTHM.,date daftar subject?,Pelajar perlu mendaftar kursus semasa tempoh pendaftaran rasmi.,course_registration_period,bm
Anda adalah Pembantu AI Akademik Rasmi UTHM. Jawab soalan pengguna dengan tepat berdasarkan fakta UTHM.,date daftar subject?,Students must register courses during the official registration period.,course_registration_period,en
Anda adalah Pembantu AI Akademik Rasmi UTHM. Jawab soalan pengguna dengan tepat berdasarkan fakta UTHM.,when is pendaftaran subjek?,Pelajar perlu mendaftar kursus semasa tempoh pendaftaran rasmi.,course_registration_period,bm
Anda adalah Pembantu AI Akademik Rasmi UTHM. Jawab soalan pengguna dengan tepat berdasarkan fakta UTHM.,when is pendaftaran subjek?,Students must register courses during the official registration period.,course_registration_period,en
Anda adalah Pembantu AI Akademik Rasmi UTHM. Jawab soalan pengguna dengan tepat berdasarkan fakta UTHM.,course registration utk semester ni bila?,Pelajar perlu mendaftar kursus semasa tempoh pendaftaran rasmi.,course_registration_period,bm
Anda adalah Pembantu AI Akademik Rasmi UTHM. Jawab soalan pengguna dengan tepat berdasarkan fakta UTHM.,course registration utk semester ni bila?,Students must register courses during the official registration period.,course_registration_period,en
Anda adalah Pembantu AI Akademik Rasmi UTHM. Jawab soalan pengguna dengan tepat berdasarkan fakta UTHM.,rules daftar subjek apa?,Pelajar perlu mengikuti peraturan pendaftaran kursus seperti yang dinyatakan dalam Peraturan Akademik.,course_registration_rules,bm
Anda adalah Pembantu AI Akademik Rasmi UTHM. Jawab soalan pengguna dengan tepat berdasarkan fakta UTHM.,rules daftar subjek apa?,Students must follow the course registration rules stated in the Academic Regulations.,course_registration_rules,en
Anda adalah Pembantu AI Akademik Rasmi UTHM. Jawab soalan pengguna dengan tepat berdasarkan fakta UTHM.,apa syarat daftar kursus?,Pelajar perlu mengikuti peraturan pendaftaran kursus seperti yang dinyatakan dalam Peraturan Akademik.,course_registration_rules,bm
Anda adalah Pembantu AI Akademik Rasmi UTHM. Jawab soalan pengguna dengan tepat berdasarkan fakta UTHM.,apa syarat daftar kursus?,Students must follow the course registration rules stated in the Academic Regulations.,course_registration_rules,en
Anda adalah Pembantu AI Akademik Rasmi UTHM. Jawab soalan pengguna dengan tepat berdasarkan fakta UTHM.,course reg rules macam mana?,Pelajar perlu mengikuti peraturan pendaftaran kursus seperti yang dinyatakan dalam Peraturan Akademik.,course_registration_rules,bm
Anda adalah Pembantu AI Akademik Rasmi UTHM. Jawab soalan pengguna dengan tepat berdasarkan fakta UTHM.,course reg rules macam mana?,Students must follow the course registration rules stated in the Academic Regulations.,course_registration_rules,en
Anda adalah Pembantu AI Akademik Rasmi UTHM. Jawab soalan pengguna dengan tepat berdasarkan fakta UTHM.,peraturan register subject?,Pelajar perlu mengikuti peraturan pendaftaran kursus seperti yang dinyatakan dalam Peraturan Akademik.,course_registration_rules,bm
Anda adalah Pembantu AI Akademik Rasmi UTHM. Jawab soalan pengguna dengan tepat berdasarkan fakta UTHM.,peraturan register subject?,Students must follow the course registration rules stated in the Academic Regulations.,course_registration_rules,en
Anda adalah Pembantu AI Akademik Rasmi UTHM. Jawab soalan pengguna dengan tepat berdasarkan fakta UTHM.,can daftar subjek lebih credit?,Pelajar perlu mengikuti peraturan pendaftaran kursus seperti yang dinyatakan dalam Peraturan Akademik.,course_registration_rules,bm
Anda adalah Pembantu AI Akademik Rasmi UTHM. Jawab soalan pengguna dengan tepat berdasarkan fakta UTHM.,can daftar subjek lebih credit?,Students must follow the course registration rules stated in the Academic Regulations.,course_registration_rules,en
Anda adalah Pembantu AI Akademik Rasmi UTHM. Jawab soalan pengguna dengan tepat berdasarkan fakta UTHM.,syarat ambil kursus?,Pelajar perlu mengikuti peraturan pendaftaran kursus seperti yang dinyatakan dalam Peraturan Akademik.,course_registration_rules,bm
Anda adalah Pembantu AI Akademik Rasmi UTHM. Jawab soalan pengguna dengan tepat berdasarkan fakta UTHM.,syarat ambil kursus?,Students must follow the course registration rules stated in the Academic Regulations.,course_registration_rules,en
Anda adalah Pembantu AI Akademik Rasmi UTHM. Jawab soalan pengguna dengan tepat berdasarkan fakta UTHM.,course registration requirement apa?,Pelajar perlu mengikuti peraturan pendaftaran kursus seperti yang dinyatakan dalam Peraturan Akademik.,course_registration_rules,bm
Anda adalah Pembantu AI Akademik Rasmi UTHM. Jawab soalan pengguna dengan tepat berdasarkan fakta UTHM.,course registration requirement apa?,Students must follow the course registration rules stated in the Academic Regulations.,course_registration_rules,en
Anda adalah Pembantu AI Akademik Rasmi UTHM. Jawab soalan pengguna dengan tepat berdasarkan fakta UTHM.,rules utk add subject?,Pelajar perlu mengikuti peraturan pendaftaran kursus seperti yang dinyatakan dalam Peraturan Akademik.,course_registration_rules,bm
Anda adalah Pembantu AI Akademik Rasmi UTHM. Jawab soalan pengguna dengan tepat berdasarkan fakta UTHM.,rules utk add subject?,Students must follow the course registration rules stated in the Academic Regulations.,course_registration_rules,en
Anda adalah Pembantu AI Akademik Rasmi UTHM. Jawab soalan pengguna dengan tepat berdasarkan fakta UTHM.,mcm mnn nk add subjek?,Pelajar boleh menambah atau menggugurkan kursus semasa tempoh tambah dan gugur mengikut peraturan akademik.,add_drop_course,bm
Anda adalah Pembantu AI Akademik Rasmi UTHM. Jawab soalan pengguna dengan tepat berdasarkan fakta UTHM.,mcm mnn nk add subjek?,Students may add or drop courses during the allowed add and drop period according to academic regulations.,add_drop_course,en
Anda adalah Pembantu AI Akademik Rasmi UTHM. Jawab soalan pengguna dengan tepat berdasarkan fakta UTHM.,mcm mnn nk drop subjek?,Pelajar boleh menambah atau menggugurkan kursus semasa tempoh tambah dan gugur mengikut peraturan akademik.,add_drop_course,bm
Anda adalah Pembantu AI Akademik Rasmi UTHM. Jawab soalan pengguna dengan tepat berdasarkan fakta UTHM.,mcm mnn nk drop subjek?,Students may add or drop courses during the allowed add and drop period according to academic regulations.,add_drop_course,en
Anda adalah Pembantu AI Akademik Rasmi UTHM. Jawab soalan pengguna dengan tepat berdasarkan fakta UTHM.,nk gugur subject macam mana?,Pelajar boleh menambah atau menggugurkan kursus semasa tempoh tambah dan gugur mengikut peraturan akademik.,add_drop_course,bm
Anda adalah Pembantu AI Akademik Rasmi UTHM. Jawab soalan pengguna dengan tepat berdasarkan fakta UTHM.,nk gugur subject macam mana?,Students may add or drop courses during the allowed add and drop period according to academic regulations.,add_drop_course,en
Anda adalah Pembantu AI Akademik Rasmi UTHM. Jawab soalan pengguna dengan tepat berdasarkan fakta UTHM.,how to drop subjek?,Pelajar boleh menambah atau menggugurkan kursus semasa tempoh tambah dan gugur mengikut peraturan akademik.,add_drop_course,bm
Anda adalah Pembantu AI Akademik Rasmi UTHM. Jawab soalan pengguna dengan tepat berdasarkan fakta UTHM.,how to drop subjek?,Students may add or drop courses during the allowed add and drop period according to academic regulations.,add_drop_course,en
Anda adalah Pembantu AI Akademik Rasmi UTHM. Jawab soalan pengguna dengan tepat berdasarkan fakta UTHM.,how to add kursus?,Pelajar boleh menambah atau menggugurkan kursus semasa tempoh tambah dan gugur mengikut peraturan akademik.,add_drop_course,bm
Anda adalah Pembantu AI Akademik Rasmi UTHM. Jawab soalan pengguna dengan tepat berdasarkan fakta UTHM.,how to add kursus?,Students may add or drop courses during the allowed add and drop period according to academic regulations.,add_drop_course,en
Anda adalah Pembantu AI Akademik Rasmi UTHM. Jawab soalan pengguna dengan tepat berdasarkan fakta UTHM.,can i change subjek?,Pelajar boleh menambah atau menggugurkan kursus semasa tempoh tambah dan gugur mengikut peraturan akademik.,add_drop_course,bm
Anda adalah Pembantu AI Akademik Rasmi UTHM. Jawab soalan pengguna dengan tepat berdasarkan fakta UTHM.,can i change subjek?,Students may add or drop courses during the allowed add and drop period according to academic regulations.,add_drop_course,en
Anda adalah Pembantu AI Akademik Rasmi UTHM. Jawab soalan pengguna dengan tepat berdasarkan fakta UTHM.,cara tambah subjek?,Pelajar boleh menambah atau menggugurkan kursus semasa tempoh tambah dan gugur mengikut peraturan akademik.,add_drop_course,bm
Anda adalah Pembantu AI Akademik Rasmi UTHM. Jawab soalan pengguna dengan tepat berdasarkan fakta UTHM.,cara tambah subjek?,Students may add or drop courses during the allowed add and drop period according to academic regulations.,add_drop_course,en
Anda adalah Pembantu AI Akademik Rasmi UTHM. Jawab soalan pengguna dengan tepat berdasarkan fakta UTHM.,cara gugur kursus?,Pelajar boleh menambah atau menggugurkan kursus semasa tempoh tambah dan gugur mengikut peraturan akademik.,add_drop_course,bm
Anda adalah Pembantu AI Akademik Rasmi UTHM. Jawab soalan pengguna dengan tepat berdasarkan fakta UTHM.,cara gugur kursus?,Students may add or drop courses during the allowed add and drop period according to academic regulations.,add_drop_course,en
Anda adalah Pembantu AI Akademik Rasmi UTHM. Jawab soalan pengguna dengan tepat berdasarkan fakta UTHM.,i want to tukar subject,Pelajar boleh menambah atau menggugurkan kursus semasa tempoh tambah dan gugur mengikut peraturan akademik.,add_drop_course,bm
Anda adalah Pembantu AI Akademik Rasmi UTHM. Jawab soalan pengguna dengan tepat berdasarkan fakta UTHM.,i want to tukar subject,Students may add or drop courses during the allowed add and drop period according to academic regulations.,add_drop_course,en
Anda adalah Pembantu AI Akademik Rasmi UTHM. Jawab soalan pengguna dengan tepat berdasarkan fakta UTHM.,boleh tukar kursus registered?,Pelajar boleh menambah atau menggugurkan kursus semasa tempoh tambah dan gugur mengikut peraturan akademik.,add_drop_course,bm
Anda adalah Pembantu AI Akademik Rasmi UTHM. Jawab soalan pengguna dengan tepat berdasarkan fakta UTHM.,boleh tukar kursus registered?,Students may add or drop courses during the allowed add and drop period according to academic regulations.,add_drop_course,en
Anda adalah Pembantu AI Akademik Rasmi UTHM. Jawab soalan pengguna dengan tepat berdasarkan fakta UTHM.,drop sbjct how?,Pelajar boleh menambah atau menggugurkan kursus semasa tempoh tambah dan gugur mengikut peraturan akademik.,add_drop_course,bm
Anda adalah Pembantu AI Akademik Rasmi UTHM. Jawab soalan pengguna dengan tepat berdasarkan fakta UTHM.,drop sbjct how?,Students may add or drop courses during the allowed add and drop period according to academic regulations.,add_drop_course,en
Anda adalah Pembantu AI Akademik Rasmi UTHM. Jawab soalan pengguna dengan tepat berdasarkan fakta UTHM.,add sbjct where?,Pelajar boleh menambah atau menggugurkan kursus semasa tempoh tambah dan gugur mengikut peraturan akademik.,add_drop_course,bm
Anda adalah Pembantu AI Akademik Rasmi UTHM. Jawab soalan pengguna dengan tepat berdasarkan fakta UTHM.,add sbjct where?,Students may add or drop courses during the allowed add and drop period according to academic regulations.,add_drop_course,en
Anda adalah Pembantu AI Akademik Rasmi UTHM. Jawab soalan pengguna dengan tepat berdasarkan fakta UTHM.,nk buang subject dari smap,Pelajar boleh menambah atau menggugurkan kursus semasa tempoh tambah dan gugur mengikut peraturan akademik.,add_drop_course,bm
Anda adalah Pembantu AI Akademik Rasmi UTHM. Jawab soalan pengguna dengan tepat berdasarkan fakta UTHM.,nk buang subject dari smap,Students may add or drop courses during the allowed add and drop period according to academic regulations.,add_drop_course,en
Anda adalah Pembantu AI Akademik Rasmi UTHM. Jawab soalan pengguna dengan tepat berdasarkan fakta UTHM.,how to remove kursus?,Pelajar boleh menambah atau menggugurkan kursus semasa tempoh tambah dan gugur mengikut peraturan akademik.,add_drop_course,bm
Anda adalah Pembantu AI Akademik Rasmi UTHM. Jawab soalan pengguna dengan tepat berdasarkan fakta UTHM.,how to remove kursus?,Students may add or drop courses during the allowed add and drop period according to academic regulations.,add_drop_course,en
Anda adalah Pembantu AI Akademik Rasmi UTHM. Jawab soalan pengguna dengan tepat berdasarkan fakta UTHM.,add drop period bila?,Pelajar boleh menambah atau menggugurkan kursus semasa tempoh tambah/gugur rasmi.,add_drop_period,bm
Anda adalah Pembantu AI Akademik Rasmi UTHM. Jawab soalan pengguna dengan tepat berdasarkan fakta UTHM.,add drop period bila?,Students may add or drop courses during the official add/drop period.,add_drop_period,en
Anda adalah Pembantu AI Akademik Rasmi UTHM. Jawab soalan pengguna dengan tepat berdasarkan fakta UTHM.,bila tempoh add drop?,Pelajar boleh menambah atau menggugurkan kursus semasa tempoh tambah/gugur rasmi.,add_drop_period,bm
Anda adalah Pembantu AI Akademik Rasmi UTHM. Jawab soalan pengguna dengan tepat berdasarkan fakta UTHM.,bila tempoh add drop?,Students may add or drop courses during the official add/drop period.,add_drop_period,en
Anda adalah Pembantu AI Akademik Rasmi UTHM. Jawab soalan pengguna dengan tepat berdasarkan fakta UTHM.,when add/drop kursus?,Pelajar boleh menambah atau menggugurkan kursus semasa tempoh tambah/gugur rasmi.,add_drop_period,bm
Anda adalah Pembantu AI Akademik Rasmi UTHM. Jawab soalan pengguna dengan tepat berdasarkan fakta UTHM.,when add/drop kursus?,Students may add or drop courses during the official add/drop period.,add_drop_period,en
Anda adalah Pembantu AI Akademik Rasmi UTHM. Jawab soalan pengguna dengan tepat berdasarkan fakta UTHM.,add drop date utk subjek?,Pelajar boleh menambah atau menggugurkan kursus semasa tempoh tambah/gugur rasmi.,add_drop_period,bm
Anda adalah Pembantu AI Akademik Rasmi UTHM. Jawab soalan pengguna dengan tepat berdasarkan fakta UTHM.,add drop date utk subjek?,Students may add or drop courses during the official add/drop period.,add_drop_period,en
Anda adalah Pembantu AI Akademik Rasmi UTHM. Jawab soalan pengguna dengan tepat berdasarkan fakta UTHM.,tempoh tambah gugur subject?,Pelajar boleh menambah atau menggugurkan kursus semasa tempoh tambah/gugur rasmi.,add_drop_period,bm
Anda adalah Pembantu AI Akademik Rasmi UTHM. Jawab soalan pengguna dengan tepat berdasarkan fakta UTHM.,tempoh tambah gugur subject?,Students may add or drop courses during the official add/drop period.,add_drop_period,en
Anda adalah Pembantu AI Akademik Rasmi UTHM. Jawab soalan pengguna dengan tepat berdasarkan fakta UTHM.,deadline drop subjek bila?,Pelajar boleh menambah atau menggugurkan kursus semasa tempoh tambah/gugur rasmi.,add_drop_period,bm
Anda adalah Pembantu AI Akademik Rasmi UTHM. Jawab soalan pengguna dengan tepat berdasarkan fakta UTHM.,deadline drop subjek bila?,Students may add or drop courses during the official add/drop period.,add_drop_period,en
Anda adalah Pembantu AI Akademik Rasmi UTHM. Jawab soalan pengguna dengan tepat berdasarkan fakta UTHM.,last date add kursus?,Pelajar boleh menambah atau menggugurkan kursus semasa tempoh tambah/gugur rasmi.,add_drop_period,bm
Anda adalah Pembantu AI Akademik Rasmi UTHM. Jawab soalan pengguna dengan tepat berdasarkan fakta UTHM.,last date add kursus?,Students may add or drop courses during the official add/drop period.,add_drop_period,en
Anda adalah Pembantu AI Akademik Rasmi UTHM. Jawab soalan pengguna dengan tepat berdasarkan fakta UTHM.,period utk gugur subjek?,Pelajar boleh menambah atau menggugurkan kursus semasa tempoh tambah/gugur rasmi.,add_drop_period,bm
Anda adalah Pembantu AI Akademik Rasmi UTHM. Jawab soalan pengguna dengan tepat berdasarkan fakta UTHM.,period utk gugur subjek?,Students may add or drop courses during the official add/drop period.,add_drop_period,en
Anda adalah Pembantu AI Akademik Rasmi UTHM. Jawab soalan pengguna dengan tepat berdasarkan fakta UTHM.,academic calendar utk semester ni?,"Halaman Kalendar Akademik PPA menyediakan Kalendar Akademik Sesi 2026/2027 untuk program Diploma dan Sarjana Muda dalam Bahasa Melayu dan English, arkib kalendar serta takwim mesyuarat Senat, JPA dan akademik.",academic_calendar,bm
Anda adalah Pembantu AI Akademik Rasmi UTHM. Jawab soalan pengguna dengan tepat berdasarkan fakta UTHM.,academic calendar utk semester ni?,"The PPA Academic Calendar page provides the 2026/2027 Academic Calendar for Diploma and Bachelor programmes in Malay and English, archived calendars, and Senate/JPA/academic meeting calendars.",academic_calendar,en
Anda adalah Pembantu AI Akademik Rasmi UTHM. Jawab soalan pengguna dengan tepat berdasarkan fakta UTHM.,kalendar akademik mana?,"Halaman Kalendar Akademik PPA menyediakan Kalendar Akademik Sesi 2026/2027 untuk program Diploma dan Sarjana Muda dalam Bahasa Melayu dan English, arkib kalendar serta takwim mesyuarat Senat, JPA dan akademik.",academic_calendar,bm
Anda adalah Pembantu AI Akademik Rasmi UTHM. Jawab soalan pengguna dengan tepat berdasarkan fakta UTHM.,kalendar akademik mana?,"The PPA Academic Calendar page provides the 2026/2027 Academic Calendar for Diploma and Bachelor programmes in Malay and English, archived calendars, and Senate/JPA/academic meeting calendars.",academic_calendar,en
Anda adalah Pembantu AI Akademik Rasmi UTHM. Jawab soalan pengguna dengan tepat berdasarkan fakta UTHM.,where to check kalendar akademik?,"Halaman Kalendar Akademik PPA menyediakan Kalendar Akademik Sesi 2026/2027 untuk program Diploma dan Sarjana Muda dalam Bahasa Melayu dan English, arkib kalendar serta takwim mesyuarat Senat, JPA dan akademik.",academic_calendar,bm
Anda adalah Pembantu AI Akademik Rasmi UTHM. Jawab soalan pengguna dengan tepat berdasarkan fakta UTHM.,where to check kalendar akademik?,"The PPA Academic Calendar page provides the 2026/2027 Academic Calendar for Diploma and Bachelor programmes in Malay and English, archived calendars, and Senate/JPA/academic meeting calendars.",academic_calendar,en
Anda adalah Pembantu AI Akademik Rasmi UTHM. Jawab soalan pengguna dengan tepat berdasarkan fakta UTHM.,semester start bila?,"Halaman Kalendar Akademik PPA menyediakan Kalendar Akademik Sesi 2026/2027 untuk program Diploma dan Sarjana Muda dalam Bahasa Melayu dan English, arkib kalendar serta takwim mesyuarat Senat, JPA dan akademik.",academic_calendar,bm
Anda adalah Pembantu AI Akademik Rasmi UTHM. Jawab soalan pengguna dengan tepat berdasarkan fakta UTHM.,semester start bila?,"The PPA Academic Calendar page provides the 2026/2027 Academic Calendar for Diploma and Bachelor programmes in Malay and English, archived calendars, and Senate/JPA/academic meeting calendars.",academic_calendar,en
Anda adalah Pembantu AI Akademik Rasmi UTHM. Jawab soalan pengguna dengan tepat berdasarkan fakta UTHM.,semester end bila?,"Halaman Kalendar Akademik PPA menyediakan Kalendar Akademik Sesi 2026/2027 untuk program Diploma dan Sarjana Muda dalam Bahasa Melayu dan English, arkib kalendar serta takwim mesyuarat Senat, JPA dan akademik.",academic_calendar,bm
Anda adalah Pembantu AI Akademik Rasmi UTHM. Jawab soalan pengguna dengan tepat berdasarkan fakta UTHM.,semester end bila?,"The PPA Academic Calendar page provides the 2026/2027 Academic Calendar for Diploma and Bachelor programmes in Malay and English, archived calendars, and Senate/JPA/academic meeting calendars.",academic_calendar,en
Anda adalah Pembantu AI Akademik Rasmi UTHM. Jawab soalan pengguna dengan tepat berdasarkan fakta UTHM.,when semester mula?,"Halaman Kalendar Akademik PPA menyediakan Kalendar Akademik Sesi 2026/2027 untuk program Diploma dan Sarjana Muda dalam Bahasa Melayu dan English, arkib kalendar serta takwim mesyuarat Senat, JPA dan akademik.",academic_calendar,bm
Anda adalah Pembantu AI Akademik Rasmi UTHM. Jawab soalan pengguna dengan tepat berdasarkan fakta UTHM.,when semester mula?,"The PPA Academic Calendar page provides the 2026/2027 Academic Calendar for Diploma and Bachelor programmes in Malay and English, archived calendars, and Senate/JPA/academic meeting calendars.",academic_calendar,en
Anda adalah Pembantu AI Akademik Rasmi UTHM. Jawab soalan pengguna dengan tepat berdasarkan fakta UTHM.,tarikh cuti semester?,"Halaman Kalendar Akademik PPA menyediakan Kalendar Akademik Sesi 2026/2027 untuk program Diploma dan Sarjana Muda dalam Bahasa Melayu dan English, arkib kalendar serta takwim mesyuarat Senat, JPA dan akademik.",academic_calendar,bm
Anda adalah Pembantu AI Akademik Rasmi UTHM. Jawab soalan pengguna dengan tepat berdasarkan fakta UTHM.,tarikh cuti semester?,"The PPA Academic Calendar page provides the 2026/2027 Academic Calendar for Diploma and Bachelor programmes in Malay and English, archived calendars, and Senate/JPA/academic meeting calendars.",academic_calendar,en
Anda adalah Pembantu AI Akademik Rasmi UTHM. Jawab soalan pengguna dengan tepat berdasarkan fakta UTHM.,when is sem break?,"Halaman Kalendar Akademik PPA menyediakan Kalendar Akademik Sesi 2026/2027 untuk program Diploma dan Sarjana Muda dalam Bahasa Melayu dan English, arkib kalendar serta takwim mesyuarat Senat, JPA dan akademik.",academic_calendar,bm
Anda adalah Pembantu AI Akademik Rasmi UTHM. Jawab soalan pengguna dengan tepat berdasarkan fakta UTHM.,when is sem break?,"The PPA Academic Calendar page provides the 2026/2027 Academic Calendar for Diploma and Bachelor programmes in Malay and English, archived calendars, and Senate/JPA/academic meeting calendars.",academic_calendar,en
Anda adalah Pembantu AI Akademik Rasmi UTHM. Jawab soalan pengguna dengan tepat berdasarkan fakta UTHM.,jadual akademik ada mana?,"Halaman Kalendar Akademik PPA menyediakan Kalendar Akademik Sesi 2026/2027 untuk program Diploma dan Sarjana Muda dalam Bahasa Melayu dan English, arkib kalendar serta takwim mesyuarat Senat, JPA dan akademik.",academic_calendar,bm
Anda adalah Pembantu AI Akademik Rasmi UTHM. Jawab soalan pengguna dengan tepat berdasarkan fakta UTHM.,jadual akademik ada mana?,"The PPA Academic Calendar page provides the 2026/2027 Academic Calendar for Diploma and Bachelor programmes in Malay and English, archived calendars, and Senate/JPA/academic meeting calendars.",academic_calendar,en
Anda adalah Pembantu AI Akademik Rasmi UTHM. Jawab soalan pengguna dengan tepat berdasarkan fakta UTHM.,calendar akademik link?,"Halaman Kalendar Akademik PPA menyediakan Kalendar Akademik Sesi 2026/2027 untuk program Diploma dan Sarjana Muda dalam Bahasa Melayu dan English, arkib kalendar serta takwim mesyuarat Senat, JPA dan akademik.",academic_calendar,bm
Anda adalah Pembantu AI Akademik Rasmi UTHM. Jawab soalan pengguna dengan tepat berdasarkan fakta UTHM.,calendar akademik link?,"The PPA Academic Calendar page provides the 2026/2027 Academic Calendar for Diploma and Bachelor programmes in Malay and English, archived calendars, and Senate/JPA/academic meeting calendars.",academic_calendar,en
Anda adalah Pembantu AI Akademik Rasmi UTHM. Jawab soalan pengguna dengan tepat berdasarkan fakta UTHM.,academic kalendar link pls,"Halaman Kalendar Akademik PPA menyediakan Kalendar Akademik Sesi 2026/2027 untuk program Diploma dan Sarjana Muda dalam Bahasa Melayu dan English, arkib kalendar serta takwim mesyuarat Senat, JPA dan akademik.",academic_calendar,bm
Anda adalah Pembantu AI Akademik Rasmi UTHM. Jawab soalan pengguna dengan tepat berdasarkan fakta UTHM.,academic kalendar link pls,"The PPA Academic Calendar page provides the 2026/2027 Academic Calendar for Diploma and Bachelor programmes in Malay and English, archived calendars, and Senate/JPA/academic meeting calendars.",academic_calendar,en
Anda adalah Pembantu AI Akademik Rasmi UTHM. Jawab soalan pengguna dengan tepat berdasarkan fakta UTHM.,bila kuliah start?,"Halaman Kalendar Akademik PPA menyediakan Kalendar Akademik Sesi 2026/2027 untuk program Diploma dan Sarjana Muda dalam Bahasa Melayu dan English, arkib kalendar serta takwim mesyuarat Senat, JPA dan akademik.",academic_calendar,bm
Anda adalah Pembantu AI Akademik Rasmi UTHM. Jawab soalan pengguna dengan tepat berdasarkan fakta UTHM.,bila kuliah start?,"The PPA Academic Calendar page provides the 2026/2027 Academic Calendar for Diploma and Bachelor programmes in Malay and English, archived calendars, and Senate/JPA/academic meeting calendars.",academic_calendar,en
Anda adalah Pembantu AI Akademik Rasmi UTHM. Jawab soalan pengguna dengan tepat berdasarkan fakta UTHM.,exam week bila?,Pelajar boleh merujuk kalendar akademik untuk tarikh minggu peperiksaan.,exam_week,bm
Anda adalah Pembantu AI Akademik Rasmi UTHM. Jawab soalan pengguna dengan tepat berdasarkan fakta UTHM.,exam week bila?,Students can refer to the academic calendar for examination week dates.,exam_week,en
Anda adalah Pembantu AI Akademik Rasmi UTHM. Jawab soalan pengguna dengan tepat berdasarkan fakta UTHM.,minggu exam date?,Pelajar boleh merujuk kalendar akademik untuk tarikh minggu peperiksaan.,exam_week,bm
Anda adalah Pembantu AI Akademik Rasmi UTHM. Jawab soalan pengguna dengan tepat berdasarkan fakta UTHM.,minggu exam date?,Students can refer to the academic calendar for examination week dates.,exam_week,en
Anda adalah Pembantu AI Akademik Rasmi UTHM. Jawab soalan pengguna dengan tepat berdasarkan fakta UTHM.,when minggu peperiksaan?,Pelajar boleh merujuk kalendar akademik untuk tarikh minggu peperiksaan.,exam_week,bm
Anda adalah Pembantu AI Akademik Rasmi UTHM. Jawab soalan pengguna dengan tepat berdasarkan fakta UTHM.,when minggu peperiksaan?,Students can refer to the academic calendar for examination week dates.,exam_week,en
Anda adalah Pembantu AI Akademik Rasmi UTHM. Jawab soalan pengguna dengan tepat berdasarkan fakta UTHM.,final exam week bila?,Pelajar boleh merujuk kalendar akademik untuk tarikh minggu peperiksaan.,exam_week,bm
Anda adalah Pembantu AI Akademik Rasmi UTHM. Jawab soalan pengguna dengan tepat berdasarkan fakta UTHM.,final exam week bila?,Students can refer to the academic calendar for examination week dates.,exam_week,en
Anda adalah Pembantu AI Akademik Rasmi UTHM. Jawab soalan pengguna dengan tepat berdasarkan fakta UTHM.,jadual minggu exam?,Pelajar boleh merujuk kalendar akademik untuk tarikh minggu peperiksaan.,exam_week,bm
Anda adalah Pembantu AI Akademik Rasmi UTHM. Jawab soalan pengguna dengan tepat berdasarkan fakta UTHM.,jadual minggu exam?,Students can refer to the academic calendar for examination week dates.,exam_week,en
Anda adalah Pembantu AI Akademik Rasmi UTHM. Jawab soalan pengguna dengan tepat berdasarkan fakta UTHM.,examination week utk semester?,Pelajar boleh merujuk kalendar akademik untuk tarikh minggu peperiksaan.,exam_week,bm
Anda adalah Pembantu AI Akademik Rasmi UTHM. Jawab soalan pengguna dengan tepat berdasarkan fakta UTHM.,examination week utk semester?,Students can refer to the academic calendar for examination week dates.,exam_week,en
Anda adalah Pembantu AI Akademik Rasmi UTHM. Jawab soalan pengguna dengan tepat berdasarkan fakta UTHM.,bila start minggu peperiksaan?,Pelajar boleh merujuk kalendar akademik untuk tarikh minggu peperiksaan.,exam_week,bm
Anda adalah Pembantu AI Akademik Rasmi UTHM. Jawab soalan pengguna dengan tepat berdasarkan fakta UTHM.,bila start minggu peperiksaan?,Students can refer to the academic calendar for examination week dates.,exam_week,en
Anda adalah Pembantu AI Akademik Rasmi UTHM. Jawab soalan pengguna dengan tepat berdasarkan fakta UTHM.,exam period dalam calendar?,Pelajar boleh merujuk kalendar akademik untuk tarikh minggu peperiksaan.,exam_week,bm
Anda adalah Pembantu AI Akademik Rasmi UTHM. Jawab soalan pengguna dengan tepat berdasarkan fakta UTHM.,exam period dalam calendar?,Students can refer to the academic calendar for examination week dates.,exam_week,en
Anda adalah Pembantu AI Akademik Rasmi UTHM. Jawab soalan pengguna dengan tepat berdasarkan fakta UTHM.,jadual final exam mana?,"PPA memaparkan notis peperiksaan akhir, draf dan jadual rasmi mengikut kod kursus serta tarikh, pindaan jadual, jadual pengawas dan maklumat kedudukan meja dewan peperiksaan.",final_exam,bm
Anda adalah Pembantu AI Akademik Rasmi UTHM. Jawab soalan pengguna dengan tepat berdasarkan fakta UTHM.,jadual final exam mana?,"PPA publishes final examination notices, draft and official timetables by course code and date, amendments, invigilator schedules, and examination hall seating information.",final_exam,en
Anda adalah Pembantu AI Akademik Rasmi UTHM. Jawab soalan pengguna dengan tepat berdasarkan fakta UTHM.,where to check jadual exam?,"PPA memaparkan notis peperiksaan akhir, draf dan jadual rasmi mengikut kod kursus serta tarikh, pindaan jadual, jadual pengawas dan maklumat kedudukan meja dewan peperiksaan.",final_exam,bm
Anda adalah Pembantu AI Akademik Rasmi UTHM. Jawab soalan pengguna dengan tepat berdasarkan fakta UTHM.,where to check jadual exam?,"PPA publishes final examination notices, draft and official timetables by course code and date, amendments, invigilator schedules, and examination hall seating information.",final_exam,en
Anda adalah Pembantu AI Akademik Rasmi UTHM. Jawab soalan pengguna dengan tepat berdasarkan fakta UTHM.,exam timetable link?,"PPA memaparkan notis peperiksaan akhir, draf dan jadual rasmi mengikut kod kursus serta tarikh, pindaan jadual, jadual pengawas dan maklumat kedudukan meja dewan peperiksaan.",final_exam,bm
Anda adalah Pembantu AI Akademik Rasmi UTHM. Jawab soalan pengguna dengan tepat berdasarkan fakta UTHM.,exam timetable link?,"PPA publishes final examination notices, draft and official timetables by course code and date, amendments, invigilator schedules, and examination hall seating information.",final_exam,en
Anda adalah Pembantu AI Akademik Rasmi UTHM. Jawab soalan pengguna dengan tepat berdasarkan fakta UTHM.,final timetable keluar bila?,"PPA memaparkan notis peperiksaan akhir, draf dan jadual rasmi mengikut kod kursus serta tarikh, pindaan jadual, jadual pengawas dan maklumat kedudukan meja dewan peperiksaan.",final_exam,bm
Anda adalah Pembantu AI Akademik Rasmi UTHM. Jawab soalan pengguna dengan tepat berdasarkan fakta UTHM.,final timetable keluar bila?,"PPA publishes final examination notices, draft and official timetables by course code and date, amendments, invigilator schedules, and examination hall seating information.",final_exam,en
Anda adalah Pembantu AI Akademik Rasmi UTHM. Jawab soalan pengguna dengan tepat berdasarkan fakta UTHM.,how to semak exam timetable?,"PPA memaparkan notis peperiksaan akhir, draf dan jadual rasmi mengikut kod kursus serta tarikh, pindaan jadual, jadual pengawas dan maklumat kedudukan meja dewan peperiksaan.",final_exam,bm
Anda adalah Pembantu AI Akademik Rasmi UTHM. Jawab soalan pengguna dengan tepat berdasarkan fakta UTHM.,how to semak exam timetable?,"PPA publishes final examination notices, draft and official timetables by course code and date, amendments, invigilator schedules, and examination hall seating information.",final_exam,en
Anda adalah Pembantu AI Akademik Rasmi UTHM. Jawab soalan pengguna dengan tepat berdasarkan fakta UTHM.,peperiksaan akhir schedule?,"PPA memaparkan notis peperiksaan akhir, draf dan jadual rasmi mengikut kod kursus serta tarikh, pindaan jadual, jadual pengawas dan maklumat kedudukan meja dewan peperiksaan.",final_exam,bm
Anda adalah Pembantu AI Akademik Rasmi UTHM. Jawab soalan pengguna dengan tepat berdasarkan fakta UTHM.,peperiksaan akhir schedule?,"PPA publishes final examination notices, draft and official timetables by course code and date, amendments, invigilator schedules, and examination hall seating information.",final_exam,en
Anda adalah Pembantu AI Akademik Rasmi UTHM. Jawab soalan pengguna dengan tepat berdasarkan fakta UTHM.,where final examination info?,"PPA memaparkan notis peperiksaan akhir, draf dan jadual rasmi mengikut kod kursus serta tarikh, pindaan jadual, jadual pengawas dan maklumat kedudukan meja dewan peperiksaan.",final_exam,bm
Anda adalah Pembantu AI Akademik Rasmi UTHM. Jawab soalan pengguna dengan tepat berdasarkan fakta UTHM.,where final examination info?,"PPA publishes final examination notices, draft and official timetables by course code and date, amendments, invigilator schedules, and examination hall seating information.",final_exam,en
Anda adalah Pembantu AI Akademik Rasmi UTHM. Jawab soalan pengguna dengan tepat berdasarkan fakta UTHM.,nak tengok jadual peperiksaan,"PPA memaparkan notis peperiksaan akhir, draf dan jadual rasmi mengikut kod kursus serta tarikh, pindaan jadual, jadual pengawas dan maklumat kedudukan meja dewan peperiksaan.",final_exam,bm
Anda adalah Pembantu AI Akademik Rasmi UTHM. Jawab soalan pengguna dengan tepat berdasarkan fakta UTHM.,nak tengok jadual peperiksaan,"PPA publishes final examination notices, draft and official timetables by course code and date, amendments, invigilator schedules, and examination hall seating information.",final_exam,en
Anda adalah Pembantu AI Akademik Rasmi UTHM. Jawab soalan pengguna dengan tepat berdasarkan fakta UTHM.,exam schedule kat mana?,"PPA memaparkan notis peperiksaan akhir, draf dan jadual rasmi mengikut kod kursus serta tarikh, pindaan jadual, jadual pengawas dan maklumat kedudukan meja dewan peperiksaan.",final_exam,bm
Anda adalah Pembantu AI Akademik Rasmi UTHM. Jawab soalan pengguna dengan tepat berdasarkan fakta UTHM.,exam schedule kat mana?,"PPA publishes final examination notices, draft and official timetables by course code and date, amendments, invigilator schedules, and examination hall seating information.",final_exam,en
Anda adalah Pembantu AI Akademik Rasmi UTHM. Jawab soalan pengguna dengan tepat berdasarkan fakta UTHM.,how to check jadual peperiksaan?,"PPA memaparkan notis peperiksaan akhir, draf dan jadual rasmi mengikut kod kursus serta tarikh, pindaan jadual, jadual pengawas dan maklumat kedudukan meja dewan peperiksaan.",final_exam,bm
Anda adalah Pembantu AI Akademik Rasmi UTHM. Jawab soalan pengguna dengan tepat berdasarkan fakta UTHM.,how to check jadual peperiksaan?,"PPA publishes final examination notices, draft and official timetables by course code and date, amendments, invigilator schedules, and examination hall seating information.",final_exam,en
Anda adalah Pembantu AI Akademik Rasmi UTHM. Jawab soalan pengguna dengan tepat berdasarkan fakta UTHM.,apa beza gpa cgpa?,Pelajar boleh merujuk Peraturan Akademik atau sistem pelajar untuk maklumat GPA dan CGPA.,cgpa_gpa,bm
Anda adalah Pembantu AI Akademik Rasmi UTHM. Jawab soalan pengguna dengan tepat berdasarkan fakta UTHM.,apa beza gpa cgpa?,Students can refer to the Academic Regulations or student system for GPA and CGPA information.,cgpa_gpa,en
Anda adalah Pembantu AI Akademik Rasmi UTHM. Jawab soalan pengguna dengan tepat berdasarkan fakta UTHM.,what is gpa cgpa?,Pelajar boleh merujuk Peraturan Akademik atau sistem pelajar untuk maklumat GPA dan CGPA.,cgpa_gpa,bm
Anda adalah Pembantu AI Akademik Rasmi UTHM. Jawab soalan pengguna dengan tepat berdasarkan fakta UTHM.,what is gpa cgpa?,Students can refer to the Academic Regulations or student system for GPA and CGPA information.,cgpa_gpa,en
Anda adalah Pembantu AI Akademik Rasmi UTHM. Jawab soalan pengguna dengan tepat berdasarkan fakta UTHM.,gpa tu apa?,Pelajar boleh merujuk Peraturan Akademik atau sistem pelajar untuk maklumat GPA dan CGPA.,cgpa_gpa,bm
Anda adalah Pembantu AI Akademik Rasmi UTHM. Jawab soalan pengguna dengan tepat berdasarkan fakta UTHM.,gpa tu apa?,Students can refer to the Academic Regulations or student system for GPA and CGPA information.,cgpa_gpa,en
Anda adalah Pembantu AI Akademik Rasmi UTHM. Jawab soalan pengguna dengan tepat berdasarkan fakta UTHM.,cgpa tu apa?,Pelajar boleh merujuk Peraturan Akademik atau sistem pelajar untuk maklumat GPA dan CGPA.,cgpa_gpa,bm
Anda adalah Pembantu AI Akademik Rasmi UTHM. Jawab soalan pengguna dengan tepat berdasarkan fakta UTHM.,cgpa tu apa?,Students can refer to the Academic Regulations or student system for GPA and CGPA information.,cgpa_gpa,en
Anda adalah Pembantu AI Akademik Rasmi UTHM. Jawab soalan pengguna dengan tepat berdasarkan fakta UTHM.,how calculate gpa?,Pelajar boleh merujuk Peraturan Akademik atau sistem pelajar untuk maklumat GPA dan CGPA.,cgpa_gpa,bm
Anda adalah Pembantu AI Akademik Rasmi UTHM. Jawab soalan pengguna dengan tepat berdasarkan fakta UTHM.,how calculate gpa?,Students can refer to the Academic Regulations or student system for GPA and CGPA information.,cgpa_gpa,en
Anda adalah Pembantu AI Akademik Rasmi UTHM. Jawab soalan pengguna dengan tepat berdasarkan fakta UTHM.,how calculate cgpa?,Pelajar boleh merujuk Peraturan Akademik atau sistem pelajar untuk maklumat GPA dan CGPA.,cgpa_gpa,bm
Anda adalah Pembantu AI Akademik Rasmi UTHM. Jawab soalan pengguna dengan tepat berdasarkan fakta UTHM.,how calculate cgpa?,Students can refer to the Academic Regulations or student system for GPA and CGPA information.,cgpa_gpa,en
Anda adalah Pembantu AI Akademik Rasmi UTHM. Jawab soalan pengguna dengan tepat berdasarkan fakta UTHM.,cara kira gpa?,Pelajar boleh merujuk Peraturan Akademik atau sistem pelajar untuk maklumat GPA dan CGPA.,cgpa_gpa,bm
Anda adalah Pembantu AI Akademik Rasmi UTHM. Jawab soalan pengguna dengan tepat berdasarkan fakta UTHM.,cara kira gpa?,Students can refer to the Academic Regulations or student system for GPA and CGPA information.,cgpa_gpa,en
Anda adalah Pembantu AI Akademik Rasmi UTHM. Jawab soalan pengguna dengan tepat berdasarkan fakta UTHM.,cara kira cgpa?,Pelajar boleh merujuk Peraturan Akademik atau sistem pelajar untuk maklumat GPA dan CGPA.,cgpa_gpa,bm
Anda adalah Pembantu AI Akademik Rasmi UTHM. Jawab soalan pengguna dengan tepat berdasarkan fakta UTHM.,cara kira cgpa?,Students can refer to the Academic Regulations or student system for GPA and CGPA information.,cgpa_gpa,en
Anda adalah Pembantu AI Akademik Rasmi UTHM. Jawab soalan pengguna dengan tepat berdasarkan fakta UTHM.,where check gpa cgpa?,Pelajar boleh merujuk Peraturan Akademik atau sistem pelajar untuk maklumat GPA dan CGPA.,cgpa_gpa,bm
Anda adalah Pembantu AI Akademik Rasmi UTHM. Jawab soalan pengguna dengan tepat berdasarkan fakta UTHM.,where check gpa cgpa?,Students can refer to the Academic Regulations or student system for GPA and CGPA information.,cgpa_gpa,en
Anda adalah Pembantu AI Akademik Rasmi UTHM. Jawab soalan pengguna dengan tepat berdasarkan fakta UTHM.,nak semak gpa kat mana?,Pelajar boleh merujuk Peraturan Akademik atau sistem pelajar untuk maklumat GPA dan CGPA.,cgpa_gpa,bm
Anda adalah Pembantu AI Akademik Rasmi UTHM. Jawab soalan pengguna dengan tepat berdasarkan fakta UTHM.,nak semak gpa kat mana?,Students can refer to the Academic Regulations or student system for GPA and CGPA information.,cgpa_gpa,en
Anda adalah Pembantu AI Akademik Rasmi UTHM. Jawab soalan pengguna dengan tepat berdasarkan fakta UTHM.,gpa rendah maksud apa?,Pelajar boleh merujuk Peraturan Akademik atau sistem pelajar untuk maklumat GPA dan CGPA.,cgpa_gpa,bm
Anda adalah Pembantu AI Akademik Rasmi UTHM. Jawab soalan pengguna dengan tepat berdasarkan fakta UTHM.,gpa rendah maksud apa?,Students can refer to the Academic Regulations or student system for GPA and CGPA information.,cgpa_gpa,en
Anda adalah Pembantu AI Akademik Rasmi UTHM. Jawab soalan pengguna dengan tepat berdasarkan fakta UTHM.,cgpa low kena apa?,Pelajar boleh merujuk Peraturan Akademik atau sistem pelajar untuk maklumat GPA dan CGPA.,cgpa_gpa,bm
Anda adalah Pembantu AI Akademik Rasmi UTHM. Jawab soalan pengguna dengan tepat berdasarkan fakta UTHM.,cgpa low kena apa?,Students can refer to the Academic Regulations or student system for GPA and CGPA information.,cgpa_gpa,en
Anda adalah Pembantu AI Akademik Rasmi UTHM. Jawab soalan pengguna dengan tepat berdasarkan fakta UTHM.,status akademik tu apa?,Status akademik ditentukan berdasarkan prestasi akademik pelajar.,academic_status,bm
Anda adalah Pembantu AI Akademik Rasmi UTHM. Jawab soalan pengguna dengan tepat berdasarkan fakta UTHM.,status akademik tu apa?,Academic status is determined based on the student academic performance.,academic_status,en
Anda adalah Pembantu AI Akademik Rasmi UTHM. Jawab soalan pengguna dengan tepat berdasarkan fakta UTHM.,academic status maksud?,Status akademik ditentukan berdasarkan prestasi akademik pelajar.,academic_status,bm
Anda adalah Pembantu AI Akademik Rasmi UTHM. Jawab soalan pengguna dengan tepat berdasarkan fakta UTHM.,academic status maksud?,Academic status is determined based on the student academic performance.,academic_status,en
Anda adalah Pembantu AI Akademik Rasmi UTHM. Jawab soalan pengguna dengan tepat berdasarkan fakta UTHM.,how know academic status?,Status akademik ditentukan berdasarkan prestasi akademik pelajar.,academic_status,bm
Anda adalah Pembantu AI Akademik Rasmi UTHM. Jawab soalan pengguna dengan tepat berdasarkan fakta UTHM.,how know academic status?,Academic status is determined based on the student academic performance.,academic_status,en
Anda adalah Pembantu AI Akademik Rasmi UTHM. Jawab soalan pengguna dengan tepat berdasarkan fakta UTHM.,where check status akademik?,Status akademik ditentukan berdasarkan prestasi akademik pelajar.,academic_status,bm
Anda adalah Pembantu AI Akademik Rasmi UTHM. Jawab soalan pengguna dengan tepat berdasarkan fakta UTHM.,where check status akademik?,Academic status is determined based on the student academic performance.,academic_status,en
Anda adalah Pembantu AI Akademik Rasmi UTHM. Jawab soalan pengguna dengan tepat berdasarkan fakta UTHM.,status student academic kat mana?,Status akademik ditentukan berdasarkan prestasi akademik pelajar.,academic_status,bm
Anda adalah Pembantu AI Akademik Rasmi UTHM. Jawab soalan pengguna dengan tepat berdasarkan fakta UTHM.,status student academic kat mana?,Academic status is determined based on the student academic performance.,academic_status,en
Anda adalah Pembantu AI Akademik Rasmi UTHM. Jawab soalan pengguna dengan tepat berdasarkan fakta UTHM.,apa maksud kedudukan akademik?,Status akademik ditentukan berdasarkan prestasi akademik pelajar.,academic_status,bm
Anda adalah Pembantu AI Akademik Rasmi UTHM. Jawab soalan pengguna dengan tepat berdasarkan fakta UTHM.,apa maksud kedudukan akademik?,Academic status is determined based on the student academic performance.,academic_status,en
Anda adalah Pembantu AI Akademik Rasmi UTHM. Jawab soalan pengguna dengan tepat berdasarkan fakta UTHM.,probation akademik tu apa?,Percubaan akademik merujuk kepada status pelajar apabila prestasi akademik berada di bawah syarat universiti.,academic_probation,bm
Anda adalah Pembantu AI Akademik Rasmi UTHM. Jawab soalan pengguna dengan tepat berdasarkan fakta UTHM.,probation akademik tu apa?,Academic probation refers to a student academic status when performance falls below university requirements.,academic_probation,en
Anda adalah Pembantu AI Akademik Rasmi UTHM. Jawab soalan pengguna dengan tepat berdasarkan fakta UTHM.,kena probation sebab gpa?,Percubaan akademik merujuk kepada status pelajar apabila prestasi akademik berada di bawah syarat universiti.,academic_probation,bm
Anda adalah Pembantu AI Akademik Rasmi UTHM. Jawab soalan pengguna dengan tepat berdasarkan fakta UTHM.,kena probation sebab gpa?,Academic probation refers to a student academic status when performance falls below university requirements.,academic_probation,en
Anda adalah Pembantu AI Akademik Rasmi UTHM. Jawab soalan pengguna dengan tepat berdasarkan fakta UTHM.,academic probation maksud?,Percubaan akademik merujuk kepada status pelajar apabila prestasi akademik berada di bawah syarat universiti.,academic_probation,bm
Anda adalah Pembantu AI Akademik Rasmi UTHM. Jawab soalan pengguna dengan tepat berdasarkan fakta UTHM.,academic probation maksud?,Academic probation refers to a student academic status when performance falls below university requirements.,academic_probation,en
Anda adalah Pembantu AI Akademik Rasmi UTHM. Jawab soalan pengguna dengan tepat berdasarkan fakta UTHM.,what happen if kena probation?,Percubaan akademik merujuk kepada status pelajar apabila prestasi akademik berada di bawah syarat universiti.,academic_probation,bm
Anda adalah Pembantu AI Akademik Rasmi UTHM. Jawab soalan pengguna dengan tepat berdasarkan fakta UTHM.,what happen if kena probation?,Academic probation refers to a student academic status when performance falls below university requirements.,academic_probation,en
Anda adalah Pembantu AI Akademik Rasmi UTHM. Jawab soalan pengguna dengan tepat berdasarkan fakta UTHM.,percubaan akademik meaning?,Percubaan akademik merujuk kepada status pelajar apabila prestasi akademik berada di bawah syarat universiti.,academic_probation,bm
Anda adalah Pembantu AI Akademik Rasmi UTHM. Jawab soalan pengguna dengan tepat berdasarkan fakta UTHM.,percubaan akademik meaning?,Academic probation refers to a student academic status when performance falls below university requirements.,academic_probation,en
Anda adalah Pembantu AI Akademik Rasmi UTHM. Jawab soalan pengguna dengan tepat berdasarkan fakta UTHM.,gpa low jadi probation?,Percubaan akademik merujuk kepada status pelajar apabila prestasi akademik berada di bawah syarat universiti.,academic_probation,bm
Anda adalah Pembantu AI Akademik Rasmi UTHM. Jawab soalan pengguna dengan tepat berdasarkan fakta UTHM.,gpa low jadi probation?,Academic probation refers to a student academic status when performance falls below university requirements.,academic_probation,en
Anda adalah Pembantu AI Akademik Rasmi UTHM. Jawab soalan pengguna dengan tepat berdasarkan fakta UTHM.,peraturan akademik link?,PPA menyediakan Peraturan Akademik Program Sarjana Muda dan Diploma Edisi Ke-8 serta Garis Panduan Pindah Kredit UTHM yang berkuat kuasa mulai Semester I Sesi 2021/2022.,academic_regulation,bm
Anda adalah Pembantu AI Akademik Rasmi UTHM. Jawab soalan pengguna dengan tepat berdasarkan fakta UTHM.,peraturan akademik link?,"PPA provides the Academic Regulations for Bachelor Degree and Diploma Programmes, 8th Edition, and UTHM Credit Transfer Guidelines, effective from Semester I Session 2021/2022.",academic_regulation,en
Anda adalah Pembantu AI Akademik Rasmi UTHM. Jawab soalan pengguna dengan tepat berdasarkan fakta UTHM.,where read peraturan akademik?,PPA menyediakan Peraturan Akademik Program Sarjana Muda dan Diploma Edisi Ke-8 serta Garis Panduan Pindah Kredit UTHM yang berkuat kuasa mulai Semester I Sesi 2021/2022.,academic_regulation,bm
Anda adalah Pembantu AI Akademik Rasmi UTHM. Jawab soalan pengguna dengan tepat berdasarkan fakta UTHM.,where read peraturan akademik?,"PPA provides the Academic Regulations for Bachelor Degree and Diploma Programmes, 8th Edition, and UTHM Credit Transfer Guidelines, effective from Semester I Session 2021/2022.",academic_regulation,en
Anda adalah Pembantu AI Akademik Rasmi UTHM. Jawab soalan pengguna dengan tepat berdasarkan fakta UTHM.,academic rules link?,PPA menyediakan Peraturan Akademik Program Sarjana Muda dan Diploma Edisi Ke-8 serta Garis Panduan Pindah Kredit UTHM yang berkuat kuasa mulai Semester I Sesi 2021/2022.,academic_regulation,bm
Anda adalah Pembantu AI Akademik Rasmi UTHM. Jawab soalan pengguna dengan tepat berdasarkan fakta UTHM.,academic rules link?,"PPA provides the Academic Regulations for Bachelor Degree and Diploma Programmes, 8th Edition, and UTHM Credit Transfer Guidelines, effective from Semester I Session 2021/2022.",academic_regulation,en
Anda adalah Pembantu AI Akademik Rasmi UTHM. Jawab soalan pengguna dengan tepat berdasarkan fakta UTHM.,dokumen academic regulation mana?,PPA menyediakan Peraturan Akademik Program Sarjana Muda dan Diploma Edisi Ke-8 serta Garis Panduan Pindah Kredit UTHM yang berkuat kuasa mulai Semester I Sesi 2021/2022.,academic_regulation,bm
Anda adalah Pembantu AI Akademik Rasmi UTHM. Jawab soalan pengguna dengan tepat berdasarkan fakta UTHM.,dokumen academic regulation mana?,"PPA provides the Academic Regulations for Bachelor Degree and Diploma Programmes, 8th Edition, and UTHM Credit Transfer Guidelines, effective from Semester I Session 2021/2022.",academic_regulation,en
Anda adalah Pembantu AI Akademik Rasmi UTHM. Jawab soalan pengguna dengan tepat berdasarkan fakta UTHM.,regulation akademik utk exam?,PPA menyediakan Peraturan Akademik Program Sarjana Muda dan Diploma Edisi Ke-8 serta Garis Panduan Pindah Kredit UTHM yang berkuat kuasa mulai Semester I Sesi 2021/2022.,academic_regulation,bm
Anda adalah Pembantu AI Akademik Rasmi UTHM. Jawab soalan pengguna dengan tepat berdasarkan fakta UTHM.,regulation akademik utk exam?,"PPA provides the Academic Regulations for Bachelor Degree and Diploma Programmes, 8th Edition, and UTHM Credit Transfer Guidelines, effective from Semester I Session 2021/2022.",academic_regulation,en
Anda adalah Pembantu AI Akademik Rasmi UTHM. Jawab soalan pengguna dengan tepat berdasarkan fakta UTHM.,rules gpa cgpa mana?,PPA menyediakan Peraturan Akademik Program Sarjana Muda dan Diploma Edisi Ke-8 serta Garis Panduan Pindah Kredit UTHM yang berkuat kuasa mulai Semester I Sesi 2021/2022.,academic_regulation,bm
Anda adalah Pembantu AI Akademik Rasmi UTHM. Jawab soalan pengguna dengan tepat berdasarkan fakta UTHM.,rules gpa cgpa mana?,"PPA provides the Academic Regulations for Bachelor Degree and Diploma Programmes, 8th Edition, and UTHM Credit Transfer Guidelines, effective from Semester I Session 2021/2022.",academic_regulation,en
Anda adalah Pembantu AI Akademik Rasmi UTHM. Jawab soalan pengguna dengan tepat berdasarkan fakta UTHM.,where can i get peraturan akademik?,PPA menyediakan Peraturan Akademik Program Sarjana Muda dan Diploma Edisi Ke-8 serta Garis Panduan Pindah Kredit UTHM yang berkuat kuasa mulai Semester I Sesi 2021/2022.,academic_regulation,bm
Anda adalah Pembantu AI Akademik Rasmi UTHM. Jawab soalan pengguna dengan tepat berdasarkan fakta UTHM.,where can i get peraturan akademik?,"PPA provides the Academic Regulations for Bachelor Degree and Diploma Programmes, 8th Edition, and UTHM Credit Transfer Guidelines, effective from Semester I Session 2021/2022.",academic_regulation,en
Anda adalah Pembantu AI Akademik Rasmi UTHM. Jawab soalan pengguna dengan tepat berdasarkan fakta UTHM.,academic regulation pdf?,PPA menyediakan Peraturan Akademik Program Sarjana Muda dan Diploma Edisi Ke-8 serta Garis Panduan Pindah Kredit UTHM yang berkuat kuasa mulai Semester I Sesi 2021/2022.,academic_regulation,bm
Anda adalah Pembantu AI Akademik Rasmi UTHM. Jawab soalan pengguna dengan tepat berdasarkan fakta UTHM.,academic regulation pdf?,"PPA provides the Academic Regulations for Bachelor Degree and Diploma Programmes, 8th Edition, and UTHM Credit Transfer Guidelines, effective from Semester I Session 2021/2022.",academic_regulation,en
Anda adalah Pembantu AI Akademik Rasmi UTHM. Jawab soalan pengguna dengan tepat berdasarkan fakta UTHM.,mcm mnn nk mohon graduasi?,Pelajar boleh merujuk laman web konvokesyen rasmi untuk maklumat graduasi dan konvokesyen.,graduation,bm
Anda adalah Pembantu AI Akademik Rasmi UTHM. Jawab soalan pengguna dengan tepat berdasarkan fakta UTHM.,mcm mnn nk mohon graduasi?,Students can refer to the official convocation website for graduation and convocation information.,graduation,en
Anda adalah Pembantu AI Akademik Rasmi UTHM. Jawab soalan pengguna dengan tepat berdasarkan fakta UTHM.,how to apply graduasi?,Pelajar boleh merujuk laman web konvokesyen rasmi untuk maklumat graduasi dan konvokesyen.,graduation,bm
Anda adalah Pembantu AI Akademik Rasmi UTHM. Jawab soalan pengguna dengan tepat berdasarkan fakta UTHM.,how to apply graduasi?,Students can refer to the official convocation website for graduation and convocation information.,graduation,en
Anda adalah Pembantu AI Akademik Rasmi UTHM. Jawab soalan pengguna dengan tepat berdasarkan fakta UTHM.,graduation info mana?,Pelajar boleh merujuk laman web konvokesyen rasmi untuk maklumat graduasi dan konvokesyen.,graduation,bm
Anda adalah Pembantu AI Akademik Rasmi UTHM. Jawab soalan pengguna dengan tepat berdasarkan fakta UTHM.,graduation info mana?,Students can refer to the official convocation website for graduation and convocation information.,graduation,en
Anda adalah Pembantu AI Akademik Rasmi UTHM. Jawab soalan pengguna dengan tepat berdasarkan fakta UTHM.,nak check graduation status,Pelajar boleh merujuk laman web konvokesyen rasmi untuk maklumat graduasi dan konvokesyen.,graduation,bm
Anda adalah Pembantu AI Akademik Rasmi UTHM. Jawab soalan pengguna dengan tepat berdasarkan fakta UTHM.,nak check graduation status,Students can refer to the official convocation website for graduation and convocation information.,graduation,en
Anda adalah Pembantu AI Akademik Rasmi UTHM. Jawab soalan pengguna dengan tepat berdasarkan fakta UTHM.,where check status graduasi?,Pelajar boleh merujuk laman web konvokesyen rasmi untuk maklumat graduasi dan konvokesyen.,graduation,bm
Anda adalah Pembantu AI Akademik Rasmi UTHM. Jawab soalan pengguna dengan tepat berdasarkan fakta UTHM.,where check status graduasi?,Students can refer to the official convocation website for graduation and convocation information.,graduation,en
Anda adalah Pembantu AI Akademik Rasmi UTHM. Jawab soalan pengguna dengan tepat berdasarkan fakta UTHM.,bila boleh apply graduate?,Pelajar boleh merujuk laman web konvokesyen rasmi untuk maklumat graduasi dan konvokesyen.,graduation,bm
Anda adalah Pembantu AI Akademik Rasmi UTHM. Jawab soalan pengguna dengan tepat berdasarkan fakta UTHM.,bila boleh apply graduate?,Students can refer to the official convocation website for graduation and convocation information.,graduation,en
Anda adalah Pembantu AI Akademik Rasmi UTHM. Jawab soalan pengguna dengan tepat berdasarkan fakta UTHM.,cara mohon graduate?,Pelajar boleh merujuk laman web konvokesyen rasmi untuk maklumat graduasi dan konvokesyen.,graduation,bm
Anda adalah Pembantu AI Akademik Rasmi UTHM. Jawab soalan pengguna dengan tepat berdasarkan fakta UTHM.,cara mohon graduate?,Students can refer to the official convocation website for graduation and convocation information.,graduation,en
Anda adalah Pembantu AI Akademik Rasmi UTHM. Jawab soalan pengguna dengan tepat berdasarkan fakta UTHM.,graduation website link?,Pelajar boleh merujuk laman web konvokesyen rasmi untuk maklumat graduasi dan konvokesyen.,graduation,bm
Anda adalah Pembantu AI Akademik Rasmi UTHM. Jawab soalan pengguna dengan tepat berdasarkan fakta UTHM.,graduation website link?,Students can refer to the official convocation website for graduation and convocation information.,graduation,en
Anda adalah Pembantu AI Akademik Rasmi UTHM. Jawab soalan pengguna dengan tepat berdasarkan fakta UTHM.,syarat graduation apa?,Pelajar yang memenuhi syarat graduasi layak untuk bergraduasi.,graduation_eligibility,bm
Anda adalah Pembantu AI Akademik Rasmi UTHM. Jawab soalan pengguna dengan tepat berdasarkan fakta UTHM.,syarat graduation apa?,Students who fulfil graduation requirements are eligible to graduate.,graduation_eligibility,en
Anda adalah Pembantu AI Akademik Rasmi UTHM. Jawab soalan pengguna dengan tepat berdasarkan fakta UTHM.,who eligible graduasi?,Pelajar yang memenuhi syarat graduasi layak untuk bergraduasi.,graduation_eligibility,bm
Anda adalah Pembantu AI Akademik Rasmi UTHM. Jawab soalan pengguna dengan tepat berdasarkan fakta UTHM.,who eligible graduasi?,Students who fulfil graduation requirements are eligible to graduate.,graduation_eligibility,en
Anda adalah Pembantu AI Akademik Rasmi UTHM. Jawab soalan pengguna dengan tepat berdasarkan fakta UTHM.,boleh graduate kalau cukup credit?,Pelajar yang memenuhi syarat graduasi layak untuk bergraduasi.,graduation_eligibility,bm
Anda adalah Pembantu AI Akademik Rasmi UTHM. Jawab soalan pengguna dengan tepat berdasarkan fakta UTHM.,boleh graduate kalau cukup credit?,Students who fulfil graduation requirements are eligible to graduate.,graduation_eligibility,en
Anda adalah Pembantu AI Akademik Rasmi UTHM. Jawab soalan pengguna dengan tepat berdasarkan fakta UTHM.,graduation requirement apa?,Pelajar yang memenuhi syarat graduasi layak untuk bergraduasi.,graduation_eligibility,bm
Anda adalah Pembantu AI Akademik Rasmi UTHM. Jawab soalan pengguna dengan tepat berdasarkan fakta UTHM.,graduation requirement apa?,Students who fulfil graduation requirements are eligible to graduate.,graduation_eligibility,en
Anda adalah Pembantu AI Akademik Rasmi UTHM. Jawab soalan pengguna dengan tepat berdasarkan fakta UTHM.,layak graduasi macam mana?,Pelajar yang memenuhi syarat graduasi layak untuk bergraduasi.,graduation_eligibility,bm
Anda adalah Pembantu AI Akademik Rasmi UTHM. Jawab soalan pengguna dengan tepat berdasarkan fakta UTHM.,layak graduasi macam mana?,Students who fulfil graduation requirements are eligible to graduate.,graduation_eligibility,en
Anda adalah Pembantu AI Akademik Rasmi UTHM. Jawab soalan pengguna dengan tepat berdasarkan fakta UTHM.,eligibility graduate check?,Pelajar yang memenuhi syarat graduasi layak untuk bergraduasi.,graduation_eligibility,bm
Anda adalah Pembantu AI Akademik Rasmi UTHM. Jawab soalan pengguna dengan tepat berdasarkan fakta UTHM.,eligibility graduate check?,Students who fulfil graduation requirements are eligible to graduate.,graduation_eligibility,en
Anda adalah Pembantu AI Akademik Rasmi UTHM. Jawab soalan pengguna dengan tepat berdasarkan fakta UTHM.,konvo bila?,Maklumat konvokesyen boleh didapati melalui laman web konvokesyen rasmi.,convocation,bm
Anda adalah Pembantu AI Akademik Rasmi UTHM. Jawab soalan pengguna dengan tepat berdasarkan fakta UTHM.,konvo bila?,Convocation information is available through the official convocation website.,convocation,en
Anda adalah Pembantu AI Akademik Rasmi UTHM. Jawab soalan pengguna dengan tepat berdasarkan fakta UTHM.,convocation date bila?,Maklumat konvokesyen boleh didapati melalui laman web konvokesyen rasmi.,convocation,bm
Anda adalah Pembantu AI Akademik Rasmi UTHM. Jawab soalan pengguna dengan tepat berdasarkan fakta UTHM.,convocation date bila?,Convocation information is available through the official convocation website.,convocation,en
Anda adalah Pembantu AI Akademik Rasmi UTHM. Jawab soalan pengguna dengan tepat berdasarkan fakta UTHM.,where check konvokesyen?,Maklumat konvokesyen boleh didapati melalui laman web konvokesyen rasmi.,convocation,bm
Anda adalah Pembantu AI Akademik Rasmi UTHM. Jawab soalan pengguna dengan tepat berdasarkan fakta UTHM.,where check konvokesyen?,Convocation information is available through the official convocation website.,convocation,en
Anda adalah Pembantu AI Akademik Rasmi UTHM. Jawab soalan pengguna dengan tepat berdasarkan fakta UTHM.,convocation info link?,Maklumat konvokesyen boleh didapati melalui laman web konvokesyen rasmi.,convocation,bm
Anda adalah Pembantu AI Akademik Rasmi UTHM. Jawab soalan pengguna dengan tepat berdasarkan fakta UTHM.,convocation info link?,Convocation information is available through the official convocation website.,convocation,en
Anda adalah Pembantu AI Akademik Rasmi UTHM. Jawab soalan pengguna dengan tepat berdasarkan fakta UTHM.,nak tahu tarikh konvo,Maklumat konvokesyen boleh didapati melalui laman web konvokesyen rasmi.,convocation,bm
Anda adalah Pembantu AI Akademik Rasmi UTHM. Jawab soalan pengguna dengan tepat berdasarkan fakta UTHM.,nak tahu tarikh konvo,Convocation information is available through the official convocation website.,convocation,en
Anda adalah Pembantu AI Akademik Rasmi UTHM. Jawab soalan pengguna dengan tepat berdasarkan fakta UTHM.,konvokesyen website?,Maklumat konvokesyen boleh didapati melalui laman web konvokesyen rasmi.,convocation,bm
Anda adalah Pembantu AI Akademik Rasmi UTHM. Jawab soalan pengguna dengan tepat berdasarkan fakta UTHM.,konvokesyen website?,Convocation information is available through the official convocation website.,convocation,en
Anda adalah Pembantu AI Akademik Rasmi UTHM. Jawab soalan pengguna dengan tepat berdasarkan fakta UTHM.,mcm mnn nk bayar yuran?,Pelajar boleh merujuk maklumat rasmi pembayaran yuran pengajian.,fee_payment,bm
Anda adalah Pembantu AI Akademik Rasmi UTHM. Jawab soalan pengguna dengan tepat berdasarkan fakta UTHM.,mcm mnn nk bayar yuran?,Students can refer to the official tuition fee payment information.,fee_payment,en
Anda adalah Pembantu AI Akademik Rasmi UTHM. Jawab soalan pengguna dengan tepat berdasarkan fakta UTHM.,how to pay yuran?,Pelajar boleh merujuk maklumat rasmi pembayaran yuran pengajian.,fee_payment,bm
Anda adalah Pembantu AI Akademik Rasmi UTHM. Jawab soalan pengguna dengan tepat berdasarkan fakta UTHM.,how to pay yuran?,Students can refer to the official tuition fee payment information.,fee_payment,en
Anda adalah Pembantu AI Akademik Rasmi UTHM. Jawab soalan pengguna dengan tepat berdasarkan fakta UTHM.,fee payment macam mana?,Pelajar boleh merujuk maklumat rasmi pembayaran yuran pengajian.,fee_payment,bm
Anda adalah Pembantu AI Akademik Rasmi UTHM. Jawab soalan pengguna dengan tepat berdasarkan fakta UTHM.,fee payment macam mana?,Students can refer to the official tuition fee payment information.,fee_payment,en
Anda adalah Pembantu AI Akademik Rasmi UTHM. Jawab soalan pengguna dengan tepat berdasarkan fakta UTHM.,where check yuran?,Pelajar boleh merujuk maklumat rasmi pembayaran yuran pengajian.,fee_payment,bm
Anda adalah Pembantu AI Akademik Rasmi UTHM. Jawab soalan pengguna dengan tepat berdasarkan fakta UTHM.,where check yuran?,Students can refer to the official tuition fee payment information.,fee_payment,en
Anda adalah Pembantu AI Akademik Rasmi UTHM. Jawab soalan pengguna dengan tepat berdasarkan fakta UTHM.,tuition fee link?,Pelajar boleh merujuk maklumat rasmi pembayaran yuran pengajian.,fee_payment,bm
Anda adalah Pembantu AI Akademik Rasmi UTHM. Jawab soalan pengguna dengan tepat berdasarkan fakta UTHM.,tuition fee link?,Students can refer to the official tuition fee payment information.,fee_payment,en
Anda adalah Pembantu AI Akademik Rasmi UTHM. Jawab soalan pengguna dengan tepat berdasarkan fakta UTHM.,can pay yuran online?,Pelajar boleh merujuk maklumat rasmi pembayaran yuran pengajian.,fee_payment,bm
Anda adalah Pembantu AI Akademik Rasmi UTHM. Jawab soalan pengguna dengan tepat berdasarkan fakta UTHM.,can pay yuran online?,Students can refer to the official tuition fee payment information.,fee_payment,en
Anda adalah Pembantu AI Akademik Rasmi UTHM. Jawab soalan pengguna dengan tepat berdasarkan fakta UTHM.,cara bayar fees?,Pelajar boleh merujuk maklumat rasmi pembayaran yuran pengajian.,fee_payment,bm
Anda adalah Pembantu AI Akademik Rasmi UTHM. Jawab soalan pengguna dengan tepat berdasarkan fakta UTHM.,cara bayar fees?,Students can refer to the official tuition fee payment information.,fee_payment,en
Anda adalah Pembantu AI Akademik Rasmi UTHM. Jawab soalan pengguna dengan tepat berdasarkan fakta UTHM.,nak semak bil yuran,Pelajar boleh merujuk maklumat rasmi pembayaran yuran pengajian.,fee_payment,bm
Anda adalah Pembantu AI Akademik Rasmi UTHM. Jawab soalan pengguna dengan tepat berdasarkan fakta UTHM.,nak semak bil yuran,Students can refer to the official tuition fee payment information.,fee_payment,en
Anda adalah Pembantu AI Akademik Rasmi UTHM. Jawab soalan pengguna dengan tepat berdasarkan fakta UTHM.,fee statement kat mana?,Pelajar boleh merujuk maklumat rasmi pembayaran yuran pengajian.,fee_payment,bm
Anda adalah Pembantu AI Akademik Rasmi UTHM. Jawab soalan pengguna dengan tepat berdasarkan fakta UTHM.,fee statement kat mana?,Students can refer to the official tuition fee payment information.,fee_payment,en
Anda adalah Pembantu AI Akademik Rasmi UTHM. Jawab soalan pengguna dengan tepat berdasarkan fakta UTHM.,deadline bayar yuran bila?,Pelajar boleh merujuk maklumat rasmi pembayaran yuran pengajian.,fee_payment,bm
Anda adalah Pembantu AI Akademik Rasmi UTHM. Jawab soalan pengguna dengan tepat berdasarkan fakta UTHM.,deadline bayar yuran bila?,Students can refer to the official tuition fee payment information.,fee_payment,en
Anda adalah Pembantu AI Akademik Rasmi UTHM. Jawab soalan pengguna dengan tepat berdasarkan fakta UTHM.,payment yuran method?,Pelajar boleh merujuk maklumat rasmi pembayaran yuran pengajian.,fee_payment,bm
Anda adalah Pembantu AI Akademik Rasmi UTHM. Jawab soalan pengguna dengan tepat berdasarkan fakta UTHM.,payment yuran method?,Students can refer to the official tuition fee payment information.,fee_payment,en
Anda adalah Pembantu AI Akademik Rasmi UTHM. Jawab soalan pengguna dengan tepat berdasarkan fakta UTHM.,how to view yuran statement?,Pelajar boleh merujuk maklumat rasmi pembayaran yuran pengajian.,fee_payment,bm
Anda adalah Pembantu AI Akademik Rasmi UTHM. Jawab soalan pengguna dengan tepat berdasarkan fakta UTHM.,how to view yuran statement?,Students can refer to the official tuition fee payment information.,fee_payment,en
Anda adalah Pembantu AI Akademik Rasmi UTHM. Jawab soalan pengguna dengan tepat berdasarkan fakta UTHM.,contact ppa macam mana?,"PPA UTHM boleh dihubungi melalui talian +607-4537696, faks +607-4536085, atau e-mel ppa@uthm.edu.my. Alamat: Pejabat Pengurusan Akademik, Universiti Tun Hussein Onn Malaysia, 86400 Parit Raja, Batu Pahat, Johor.",contact_ppa,bm
Anda adalah Pembantu AI Akademik Rasmi UTHM. Jawab soalan pengguna dengan tepat berdasarkan fakta UTHM.,contact ppa macam mana?,"PPA UTHM can be contacted at +607-4537696, fax +607-4536085, or email ppa@uthm.edu.my. Address: Pejabat Pengurusan Akademik, Universiti Tun Hussein Onn Malaysia, 86400 Parit Raja, Batu Pahat, Johor.",contact_ppa,en
Anda adalah Pembantu AI Akademik Rasmi UTHM. Jawab soalan pengguna dengan tepat berdasarkan fakta UTHM.,ppa phone number?,"PPA UTHM boleh dihubungi melalui talian +607-4537696, faks +607-4536085, atau e-mel ppa@uthm.edu.my. Alamat: Pejabat Pengurusan Akademik, Universiti Tun Hussein Onn Malaysia, 86400 Parit Raja, Batu Pahat, Johor.",contact_ppa,bm
Anda adalah Pembantu AI Akademik Rasmi UTHM. Jawab soalan pengguna dengan tepat berdasarkan fakta UTHM.,ppa phone number?,"PPA UTHM can be contacted at +607-4537696, fax +607-4536085, or email ppa@uthm.edu.my. Address: Pejabat Pengurusan Akademik, Universiti Tun Hussein Onn Malaysia, 86400 Parit Raja, Batu Pahat, Johor.",contact_ppa,en
Anda adalah Pembantu AI Akademik Rasmi UTHM. Jawab soalan pengguna dengan tepat berdasarkan fakta UTHM.,email ppa apa?,"PPA UTHM boleh dihubungi melalui talian +607-4537696, faks +607-4536085, atau e-mel ppa@uthm.edu.my. Alamat: Pejabat Pengurusan Akademik, Universiti Tun Hussein Onn Malaysia, 86400 Parit Raja, Batu Pahat, Johor.",contact_ppa,bm
Anda adalah Pembantu AI Akademik Rasmi UTHM. Jawab soalan pengguna dengan tepat berdasarkan fakta UTHM.,email ppa apa?,"PPA UTHM can be contacted at +607-4537696, fax +607-4536085, or email ppa@uthm.edu.my. Address: Pejabat Pengurusan Akademik, Universiti Tun Hussein Onn Malaysia, 86400 Parit Raja, Batu Pahat, Johor.",contact_ppa,en
Anda adalah Pembantu AI Akademik Rasmi UTHM. Jawab soalan pengguna dengan tepat berdasarkan fakta UTHM.,where is pejabat ppa?,"PPA UTHM boleh dihubungi melalui talian +607-4537696, faks +607-4536085, atau e-mel ppa@uthm.edu.my. Alamat: Pejabat Pengurusan Akademik, Universiti Tun Hussein Onn Malaysia, 86400 Parit Raja, Batu Pahat, Johor.",contact_ppa,bm
Anda adalah Pembantu AI Akademik Rasmi UTHM. Jawab soalan pengguna dengan tepat berdasarkan fakta UTHM.,where is pejabat ppa?,"PPA UTHM can be contacted at +607-4537696, fax +607-4536085, or email ppa@uthm.edu.my. Address: Pejabat Pengurusan Akademik, Universiti Tun Hussein Onn Malaysia, 86400 Parit Raja, Batu Pahat, Johor.",contact_ppa,en
Anda adalah Pembantu AI Akademik Rasmi UTHM. Jawab soalan pengguna dengan tepat berdasarkan fakta UTHM.,nak hubungi ppa,"PPA UTHM boleh dihubungi melalui talian +607-4537696, faks +607-4536085, atau e-mel ppa@uthm.edu.my. Alamat: Pejabat Pengurusan Akademik, Universiti Tun Hussein Onn Malaysia, 86400 Parit Raja, Batu Pahat, Johor.",contact_ppa,bm
Anda adalah Pembantu AI Akademik Rasmi UTHM. Jawab soalan pengguna dengan tepat berdasarkan fakta UTHM.,nak hubungi ppa,"PPA UTHM can be contacted at +607-4537696, fax +607-4536085, or email ppa@uthm.edu.my. Address: Pejabat Pengurusan Akademik, Universiti Tun Hussein Onn Malaysia, 86400 Parit Raja, Batu Pahat, Johor.",contact_ppa,en
Anda adalah Pembantu AI Akademik Rasmi UTHM. Jawab soalan pengguna dengan tepat berdasarkan fakta UTHM.,nombor ppa berapa?,"PPA UTHM boleh dihubungi melalui talian +607-4537696, faks +607-4536085, atau e-mel ppa@uthm.edu.my. Alamat: Pejabat Pengurusan Akademik, Universiti Tun Hussein Onn Malaysia, 86400 Parit Raja, Batu Pahat, Johor.",contact_ppa,bm
Anda adalah Pembantu AI Akademik Rasmi UTHM. Jawab soalan pengguna dengan tepat berdasarkan fakta UTHM.,nombor ppa berapa?,"PPA UTHM can be contacted at +607-4537696, fax +607-4536085, or email ppa@uthm.edu.my. Address: Pejabat Pengurusan Akademik, Universiti Tun Hussein Onn Malaysia, 86400 Parit Raja, Batu Pahat, Johor.",contact_ppa,en
Anda adalah Pembantu AI Akademik Rasmi UTHM. Jawab soalan pengguna dengan tepat berdasarkan fakta UTHM.,how to contact pejabat akademik?,"PPA UTHM boleh dihubungi melalui talian +607-4537696, faks +607-4536085, atau e-mel ppa@uthm.edu.my. Alamat: Pejabat Pengurusan Akademik, Universiti Tun Hussein Onn Malaysia, 86400 Parit Raja, Batu Pahat, Johor.",contact_ppa,bm
Anda adalah Pembantu AI Akademik Rasmi UTHM. Jawab soalan pengguna dengan tepat berdasarkan fakta UTHM.,how to contact pejabat akademik?,"PPA UTHM can be contacted at +607-4537696, fax +607-4536085, or email ppa@uthm.edu.my. Address: Pejabat Pengurusan Akademik, Universiti Tun Hussein Onn Malaysia, 86400 Parit Raja, Batu Pahat, Johor.",contact_ppa,en
Anda adalah Pembantu AI Akademik Rasmi UTHM. Jawab soalan pengguna dengan tepat berdasarkan fakta UTHM.,ppa contact link?,"PPA UTHM boleh dihubungi melalui talian +607-4537696, faks +607-4536085, atau e-mel ppa@uthm.edu.my. Alamat: Pejabat Pengurusan Akademik, Universiti Tun Hussein Onn Malaysia, 86400 Parit Raja, Batu Pahat, Johor.",contact_ppa,bm
Anda adalah Pembantu AI Akademik Rasmi UTHM. Jawab soalan pengguna dengan tepat berdasarkan fakta UTHM.,ppa contact link?,"PPA UTHM can be contacted at +607-4537696, fax +607-4536085, or email ppa@uthm.edu.my. Address: Pejabat Pengurusan Akademik, Universiti Tun Hussein Onn Malaysia, 86400 Parit Raja, Batu Pahat, Johor.",contact_ppa,en
Anda adalah Pembantu AI Akademik Rasmi UTHM. Jawab soalan pengguna dengan tepat berdasarkan fakta UTHM.,office ppa location?,"PPA UTHM boleh dihubungi melalui talian +607-4537696, faks +607-4536085, atau e-mel ppa@uthm.edu.my. Alamat: Pejabat Pengurusan Akademik, Universiti Tun Hussein Onn Malaysia, 86400 Parit Raja, Batu Pahat, Johor.",contact_ppa,bm
Anda adalah Pembantu AI Akademik Rasmi UTHM. Jawab soalan pengguna dengan tepat berdasarkan fakta UTHM.,office ppa location?,"PPA UTHM can be contacted at +607-4537696, fax +607-4536085, or email ppa@uthm.edu.my. Address: Pejabat Pengurusan Akademik, Universiti Tun Hussein Onn Malaysia, 86400 Parit Raja, Batu Pahat, Johor.",contact_ppa,en
Anda adalah Pembantu AI Akademik Rasmi UTHM. Jawab soalan pengguna dengan tepat berdasarkan fakta UTHM.,can i email ppa?,"PPA UTHM boleh dihubungi melalui talian +607-4537696, faks +607-4536085, atau e-mel ppa@uthm.edu.my. Alamat: Pejabat Pengurusan Akademik, Universiti Tun Hussein Onn Malaysia, 86400 Parit Raja, Batu Pahat, Johor.",contact_ppa,bm
Anda adalah Pembantu AI Akademik Rasmi UTHM. Jawab soalan pengguna dengan tepat berdasarkan fakta UTHM.,can i email ppa?,"PPA UTHM can be contacted at +607-4537696, fax +607-4536085, or email ppa@uthm.edu.my. Address: Pejabat Pengurusan Akademik, Universiti Tun Hussein Onn Malaysia, 86400 Parit Raja, Batu Pahat, Johor.",contact_ppa,en
Anda adalah Pembantu AI Akademik Rasmi UTHM. Jawab soalan pengguna dengan tepat berdasarkan fakta UTHM.,smap login macam mana?,"SMAP Online boleh diakses di http://smap.uthm.edu.my. Jika terlupa kata laluan SMAP, hubungi PTM Careline di 07-4537295.",student_portal,bm
Anda adalah Pembantu AI Akademik Rasmi UTHM. Jawab soalan pengguna dengan tepat berdasarkan fakta UTHM.,smap login macam mana?,"SMAP Online can be accessed at http://smap.uthm.edu.my. If you forget your SMAP password, contact PTM Careline at 07-4537295.",student_portal,en
Anda adalah Pembantu AI Akademik Rasmi UTHM. Jawab soalan pengguna dengan tepat berdasarkan fakta UTHM.,how to login smap?,"SMAP Online boleh diakses di http://smap.uthm.edu.my. Jika terlupa kata laluan SMAP, hubungi PTM Careline di 07-4537295.",student_portal,bm
Anda adalah Pembantu AI Akademik Rasmi UTHM. Jawab soalan pengguna dengan tepat berdasarkan fakta UTHM.,how to login smap?,"SMAP Online can be accessed at http://smap.uthm.edu.my. If you forget your SMAP password, contact PTM Careline at 07-4537295.",student_portal,en
Anda adalah Pembantu AI Akademik Rasmi UTHM. Jawab soalan pengguna dengan tepat berdasarkan fakta UTHM.,student portal link?,"SMAP Online boleh diakses di http://smap.uthm.edu.my. Jika terlupa kata laluan SMAP, hubungi PTM Careline di 07-4537295.",student_portal,bm
Anda adalah Pembantu AI Akademik Rasmi UTHM. Jawab soalan pengguna dengan tepat berdasarkan fakta UTHM.,student portal link?,"SMAP Online can be accessed at http://smap.uthm.edu.my. If you forget your SMAP password, contact PTM Careline at 07-4537295.",student_portal,en
Anda adalah Pembantu AI Akademik Rasmi UTHM. Jawab soalan pengguna dengan tepat berdasarkan fakta UTHM.,portal pelajar mana?,"SMAP Online boleh diakses di http://smap.uthm.edu.my. Jika terlupa kata laluan SMAP, hubungi PTM Careline di 07-4537295.",student_portal,bm
Anda adalah Pembantu AI Akademik Rasmi UTHM. Jawab soalan pengguna dengan tepat berdasarkan fakta UTHM.,portal pelajar mana?,"SMAP Online can be accessed at http://smap.uthm.edu.my. If you forget your SMAP password, contact PTM Careline at 07-4537295.",student_portal,en
Anda adalah Pembantu AI Akademik Rasmi UTHM. Jawab soalan pengguna dengan tepat berdasarkan fakta UTHM.,forgot smap login?,"SMAP Online boleh diakses di http://smap.uthm.edu.my. Jika terlupa kata laluan SMAP, hubungi PTM Careline di 07-4537295.",student_portal,bm
Anda adalah Pembantu AI Akademik Rasmi UTHM. Jawab soalan pengguna dengan tepat berdasarkan fakta UTHM.,forgot smap login?,"SMAP Online can be accessed at http://smap.uthm.edu.my. If you forget your SMAP password, contact PTM Careline at 07-4537295.",student_portal,en
Anda adalah Pembantu AI Akademik Rasmi UTHM. Jawab soalan pengguna dengan tepat berdasarkan fakta UTHM.,where access smap?,"SMAP Online boleh diakses di http://smap.uthm.edu.my. Jika terlupa kata laluan SMAP, hubungi PTM Careline di 07-4537295.",student_portal,bm
Anda adalah Pembantu AI Akademik Rasmi UTHM. Jawab soalan pengguna dengan tepat berdasarkan fakta UTHM.,where access smap?,"SMAP Online can be accessed at http://smap.uthm.edu.my. If you forget your SMAP password, contact PTM Careline at 07-4537295.",student_portal,en
Anda adalah Pembantu AI Akademik Rasmi UTHM. Jawab soalan pengguna dengan tepat berdasarkan fakta UTHM.,smap tu apa?,"SMAP Online boleh diakses di http://smap.uthm.edu.my. Jika terlupa kata laluan SMAP, hubungi PTM Careline di 07-4537295.",student_portal,bm
Anda adalah Pembantu AI Akademik Rasmi UTHM. Jawab soalan pengguna dengan tepat berdasarkan fakta UTHM.,smap tu apa?,"SMAP Online can be accessed at http://smap.uthm.edu.my. If you forget your SMAP password, contact PTM Careline at 07-4537295.",student_portal,en
Anda adalah Pembantu AI Akademik Rasmi UTHM. Jawab soalan pengguna dengan tepat berdasarkan fakta UTHM.,student portal utk academic?,"SMAP Online boleh diakses di http://smap.uthm.edu.my. Jika terlupa kata laluan SMAP, hubungi PTM Careline di 07-4537295.",student_portal,bm
Anda adalah Pembantu AI Akademik Rasmi UTHM. Jawab soalan pengguna dengan tepat berdasarkan fakta UTHM.,student portal utk academic?,"SMAP Online can be accessed at http://smap.uthm.edu.my. If you forget your SMAP password, contact PTM Careline at 07-4537295.",student_portal,en
Anda adalah Pembantu AI Akademik Rasmi UTHM. Jawab soalan pengguna dengan tepat berdasarkan fakta UTHM.,student bulletin mana?,Pelajar boleh melihat pengumuman melalui halaman buletin pelajar SMAP.,student_bulletin,bm
Anda adalah Pembantu AI Akademik Rasmi UTHM. Jawab soalan pengguna dengan tepat berdasarkan fakta UTHM.,student bulletin mana?,Students can access announcements through the SMAP student bulletin page.,student_bulletin,en
Anda adalah Pembantu AI Akademik Rasmi UTHM. Jawab soalan pengguna dengan tepat berdasarkan fakta UTHM.,where check announcement akademik?,Pelajar boleh melihat pengumuman melalui halaman buletin pelajar SMAP.,student_bulletin,bm
Anda adalah Pembantu AI Akademik Rasmi UTHM. Jawab soalan pengguna dengan tepat berdasarkan fakta UTHM.,where check announcement akademik?,Students can access announcements through the SMAP student bulletin page.,student_bulletin,en
Anda adalah Pembantu AI Akademik Rasmi UTHM. Jawab soalan pengguna dengan tepat berdasarkan fakta UTHM.,smap bulletin link?,Pelajar boleh melihat pengumuman melalui halaman buletin pelajar SMAP.,student_bulletin,bm
Anda adalah Pembantu AI Akademik Rasmi UTHM. Jawab soalan pengguna dengan tepat berdasarkan fakta UTHM.,smap bulletin link?,Students can access announcements through the SMAP student bulletin page.,student_bulletin,en
Anda adalah Pembantu AI Akademik Rasmi UTHM. Jawab soalan pengguna dengan tepat berdasarkan fakta UTHM.,university notice kat mana?,Pelajar boleh melihat pengumuman melalui halaman buletin pelajar SMAP.,student_bulletin,bm
Anda adalah Pembantu AI Akademik Rasmi UTHM. Jawab soalan pengguna dengan tepat berdasarkan fakta UTHM.,university notice kat mana?,Students can access announcements through the SMAP student bulletin page.,student_bulletin,en
Anda adalah Pembantu AI Akademik Rasmi UTHM. Jawab soalan pengguna dengan tepat berdasarkan fakta UTHM.,pengumuman pelajar mana?,Pelajar boleh melihat pengumuman melalui halaman buletin pelajar SMAP.,student_bulletin,bm
Anda adalah Pembantu AI Akademik Rasmi UTHM. Jawab soalan pengguna dengan tepat berdasarkan fakta UTHM.,pengumuman pelajar mana?,Students can access announcements through the SMAP student bulletin page.,student_bulletin,en
Anda adalah Pembantu AI Akademik Rasmi UTHM. Jawab soalan pengguna dengan tepat berdasarkan fakta UTHM.,academic notice where?,Pelajar boleh melihat pengumuman melalui halaman buletin pelajar SMAP.,student_bulletin,bm
Anda adalah Pembantu AI Akademik Rasmi UTHM. Jawab soalan pengguna dengan tepat berdasarkan fakta UTHM.,academic notice where?,Students can access announcements through the SMAP student bulletin page.,student_bulletin,en
Anda adalah Pembantu AI Akademik Rasmi UTHM. Jawab soalan pengguna dengan tepat berdasarkan fakta UTHM.,where view makluman akademik?,Pelajar boleh melihat pengumuman melalui halaman buletin pelajar SMAP.,student_bulletin,bm
Anda adalah Pembantu AI Akademik Rasmi UTHM. Jawab soalan pengguna dengan tepat berdasarkan fakta UTHM.,where view makluman akademik?,Students can access announcements through the SMAP student bulletin page.,student_bulletin,en
Anda adalah Pembantu AI Akademik Rasmi UTHM. Jawab soalan pengguna dengan tepat berdasarkan fakta UTHM.,bulletin student utk notice?,Pelajar boleh melihat pengumuman melalui halaman buletin pelajar SMAP.,student_bulletin,bm
Anda adalah Pembantu AI Akademik Rasmi UTHM. Jawab soalan pengguna dengan tepat berdasarkan fakta UTHM.,bulletin student utk notice?,Students can access announcements through the SMAP student bulletin page.,student_bulletin,en
Anda adalah Pembantu AI Akademik Rasmi UTHM. Jawab soalan pengguna dengan tepat berdasarkan fakta UTHM.,bit berapa tahun?,Program BIT biasanya mengambil masa 3 tahun atau 6 semester untuk diselesaikan.,study_duration,bm
Anda adalah Pembantu AI Akademik Rasmi UTHM. Jawab soalan pengguna dengan tepat berdasarkan fakta UTHM.,bit berapa tahun?,The BIT programme normally takes 3 years and 6 semesters to complete.,study_duration,en
Anda adalah Pembantu AI Akademik Rasmi UTHM. Jawab soalan pengguna dengan tepat berdasarkan fakta UTHM.,bit berapa semester?,Program BIT biasanya mengambil masa 3 tahun atau 6 semester untuk diselesaikan.,study_duration,bm
Anda adalah Pembantu AI Akademik Rasmi UTHM. Jawab soalan pengguna dengan tepat berdasarkan fakta UTHM.,bit berapa semester?,The BIT programme normally takes 3 years and 6 semesters to complete.,study_duration,en
Anda adalah Pembantu AI Akademik Rasmi UTHM. Jawab soalan pengguna dengan tepat berdasarkan fakta UTHM.,how long bit programme?,Program BIT biasanya mengambil masa 3 tahun atau 6 semester untuk diselesaikan.,study_duration,bm
Anda adalah Pembantu AI Akademik Rasmi UTHM. Jawab soalan pengguna dengan tepat berdasarkan fakta UTHM.,how long bit programme?,The BIT programme normally takes 3 years and 6 semesters to complete.,study_duration,en
Anda adalah Pembantu AI Akademik Rasmi UTHM. Jawab soalan pengguna dengan tepat berdasarkan fakta UTHM.,tempoh study bit?,Program BIT biasanya mengambil masa 3 tahun atau 6 semester untuk diselesaikan.,study_duration,bm
Anda adalah Pembantu AI Akademik Rasmi UTHM. Jawab soalan pengguna dengan tepat berdasarkan fakta UTHM.,tempoh study bit?,The BIT programme normally takes 3 years and 6 semesters to complete.,study_duration,en
Anda adalah Pembantu AI Akademik Rasmi UTHM. Jawab soalan pengguna dengan tepat berdasarkan fakta UTHM.,duration bit course?,Program BIT biasanya mengambil masa 3 tahun atau 6 semester untuk diselesaikan.,study_duration,bm
Anda adalah Pembantu AI Akademik Rasmi UTHM. Jawab soalan pengguna dengan tepat berdasarkan fakta UTHM.,duration bit course?,The BIT programme normally takes 3 years and 6 semesters to complete.,study_duration,en
Anda adalah Pembantu AI Akademik Rasmi UTHM. Jawab soalan pengguna dengan tepat berdasarkan fakta UTHM.,berapa lama belajar bit?,Program BIT biasanya mengambil masa 3 tahun atau 6 semester untuk diselesaikan.,study_duration,bm
Anda adalah Pembantu AI Akademik Rasmi UTHM. Jawab soalan pengguna dengan tepat berdasarkan fakta UTHM.,berapa lama belajar bit?,The BIT programme normally takes 3 years and 6 semesters to complete.,study_duration,en
Anda adalah Pembantu AI Akademik Rasmi UTHM. Jawab soalan pengguna dengan tepat berdasarkan fakta UTHM.,bit study duration berapa?,Program BIT biasanya mengambil masa 3 tahun atau 6 semester untuk diselesaikan.,study_duration,bm
Anda adalah Pembantu AI Akademik Rasmi UTHM. Jawab soalan pengguna dengan tepat berdasarkan fakta UTHM.,bit study duration berapa?,The BIT programme normally takes 3 years and 6 semesters to complete.,study_duration,en
Anda adalah Pembantu AI Akademik Rasmi UTHM. Jawab soalan pengguna dengan tepat berdasarkan fakta UTHM.,program bit takes how many semester?,Program BIT biasanya mengambil masa 3 tahun atau 6 semester untuk diselesaikan.,study_duration,bm
Anda adalah Pembantu AI Akademik Rasmi UTHM. Jawab soalan pengguna dengan tepat berdasarkan fakta UTHM.,program bit takes how many semester?,The BIT programme normally takes 3 years and 6 semesters to complete.,study_duration,en
Anda adalah Pembantu AI Akademik Rasmi UTHM. Jawab soalan pengguna dengan tepat berdasarkan fakta UTHM.,mcm mnn nk tangguh sem?,"Permohonan tangguh pengajian hendaklah menggunakan Borang Tangguh Pengajian dan dikemukakan kepada Pejabat Pengurusan Akademik untuk kelulusan, kecuali penangguhan di bawah Peraturan 17(4).",defer_semester,bm
Anda adalah Pembantu AI Akademik Rasmi UTHM. Jawab soalan pengguna dengan tepat berdasarkan fakta UTHM.,mcm mnn nk tangguh sem?,"Applications for deferment of study must use the Deferment of Study Form and be submitted to the Office of Academic Management for approval, except for deferment under Regulation 17(4).",defer_semester,en
Anda adalah Pembantu AI Akademik Rasmi UTHM. Jawab soalan pengguna dengan tepat berdasarkan fakta UTHM.,how to defer semester?,"Permohonan tangguh pengajian hendaklah menggunakan Borang Tangguh Pengajian dan dikemukakan kepada Pejabat Pengurusan Akademik untuk kelulusan, kecuali penangguhan di bawah Peraturan 17(4).",defer_semester,bm
Anda adalah Pembantu AI Akademik Rasmi UTHM. Jawab soalan pengguna dengan tepat berdasarkan fakta UTHM.,how to defer semester?,"Applications for deferment of study must use the Deferment of Study Form and be submitted to the Office of Academic Management for approval, except for deferment under Regulation 17(4).",defer_semester,en
Anda adalah Pembantu AI Akademik Rasmi UTHM. Jawab soalan pengguna dengan tepat berdasarkan fakta UTHM.,nak tangguh pengajian,"Permohonan tangguh pengajian hendaklah menggunakan Borang Tangguh Pengajian dan dikemukakan kepada Pejabat Pengurusan Akademik untuk kelulusan, kecuali penangguhan di bawah Peraturan 17(4).",defer_semester,bm
Anda adalah Pembantu AI Akademik Rasmi UTHM. Jawab soalan pengguna dengan tepat berdasarkan fakta UTHM.,nak tangguh pengajian,"Applications for deferment of study must use the Deferment of Study Form and be submitted to the Office of Academic Management for approval, except for deferment under Regulation 17(4).",defer_semester,en
Anda adalah Pembantu AI Akademik Rasmi UTHM. Jawab soalan pengguna dengan tepat berdasarkan fakta UTHM.,semester deferment macam mana?,"Permohonan tangguh pengajian hendaklah menggunakan Borang Tangguh Pengajian dan dikemukakan kepada Pejabat Pengurusan Akademik untuk kelulusan, kecuali penangguhan di bawah Peraturan 17(4).",defer_semester,bm
Anda adalah Pembantu AI Akademik Rasmi UTHM. Jawab soalan pengguna dengan tepat berdasarkan fakta UTHM.,semester deferment macam mana?,"Applications for deferment of study must use the Deferment of Study Form and be submitted to the Office of Academic Management for approval, except for deferment under Regulation 17(4).",defer_semester,en
Anda adalah Pembantu AI Akademik Rasmi UTHM. Jawab soalan pengguna dengan tepat berdasarkan fakta UTHM.,can postpone study?,"Permohonan tangguh pengajian hendaklah menggunakan Borang Tangguh Pengajian dan dikemukakan kepada Pejabat Pengurusan Akademik untuk kelulusan, kecuali penangguhan di bawah Peraturan 17(4).",defer_semester,bm
Anda adalah Pembantu AI Akademik Rasmi UTHM. Jawab soalan pengguna dengan tepat berdasarkan fakta UTHM.,can postpone study?,"Applications for deferment of study must use the Deferment of Study Form and be submitted to the Office of Academic Management for approval, except for deferment under Regulation 17(4).",defer_semester,en
Anda adalah Pembantu AI Akademik Rasmi UTHM. Jawab soalan pengguna dengan tepat berdasarkan fakta UTHM.,cara apply defer sem?,"Permohonan tangguh pengajian hendaklah menggunakan Borang Tangguh Pengajian dan dikemukakan kepada Pejabat Pengurusan Akademik untuk kelulusan, kecuali penangguhan di bawah Peraturan 17(4).",defer_semester,bm
Anda adalah Pembantu AI Akademik Rasmi UTHM. Jawab soalan pengguna dengan tepat berdasarkan fakta UTHM.,cara apply defer sem?,"Applications for deferment of study must use the Deferment of Study Form and be submitted to the Office of Academic Management for approval, except for deferment under Regulation 17(4).",defer_semester,en
Anda adalah Pembantu AI Akademik Rasmi UTHM. Jawab soalan pengguna dengan tepat berdasarkan fakta UTHM.,tangguh semester rules?,"Permohonan tangguh pengajian hendaklah menggunakan Borang Tangguh Pengajian dan dikemukakan kepada Pejabat Pengurusan Akademik untuk kelulusan, kecuali penangguhan di bawah Peraturan 17(4).",defer_semester,bm
Anda adalah Pembantu AI Akademik Rasmi UTHM. Jawab soalan pengguna dengan tepat berdasarkan fakta UTHM.,tangguh semester rules?,"Applications for deferment of study must use the Deferment of Study Form and be submitted to the Office of Academic Management for approval, except for deferment under Regulation 17(4).",defer_semester,en
Anda adalah Pembantu AI Akademik Rasmi UTHM. Jawab soalan pengguna dengan tepat berdasarkan fakta UTHM.,where apply deferment?,"Permohonan tangguh pengajian hendaklah menggunakan Borang Tangguh Pengajian dan dikemukakan kepada Pejabat Pengurusan Akademik untuk kelulusan, kecuali penangguhan di bawah Peraturan 17(4).",defer_semester,bm
Anda adalah Pembantu AI Akademik Rasmi UTHM. Jawab soalan pengguna dengan tepat berdasarkan fakta UTHM.,where apply deferment?,"Applications for deferment of study must use the Deferment of Study Form and be submitted to the Office of Academic Management for approval, except for deferment under Regulation 17(4).",defer_semester,en
Anda adalah Pembantu AI Akademik Rasmi UTHM. Jawab soalan pengguna dengan tepat berdasarkan fakta UTHM.,Apakah program yang ditawarkan di UTHM?,"UTHM menawarkan bidang kejuruteraan, teknologi kejuruteraan, sains komputer, pengurusan teknologi, sains dan program pendidikan teknikal.",faq_admission_programs,bm
Anda adalah Pembantu AI Akademik Rasmi UTHM. Jawab soalan pengguna dengan tepat berdasarkan fakta UTHM.,Apakah program yang ditawarkan di UTHM?,"UTHM offers programmes in engineering, engineering technology, computer science, technology management, science, and technical education.",faq_admission_programs,en
Anda adalah Pembantu AI Akademik Rasmi UTHM. Jawab soalan pengguna dengan tepat berdasarkan fakta UTHM.,Program apa yang UTHM tawarkan?,"UTHM menawarkan bidang kejuruteraan, teknologi kejuruteraan, sains komputer, pengurusan teknologi, sains dan program pendidikan teknikal.",faq_admission_programs,bm
Anda adalah Pembantu AI Akademik Rasmi UTHM. Jawab soalan pengguna dengan tepat berdasarkan fakta UTHM.,Program apa yang UTHM tawarkan?,"UTHM offers programmes in engineering, engineering technology, computer science, technology management, science, and technical education.",faq_admission_programs,en
Anda adalah Pembantu AI Akademik Rasmi UTHM. Jawab soalan pengguna dengan tepat berdasarkan fakta UTHM.,UTHM ada program apa?,"UTHM menawarkan bidang kejuruteraan, teknologi kejuruteraan, sains komputer, pengurusan teknologi, sains dan program pendidikan teknikal.",faq_admission_programs,bm
Anda adalah Pembantu AI Akademik Rasmi UTHM. Jawab soalan pengguna dengan tepat berdasarkan fakta UTHM.,UTHM ada program apa?,"UTHM offers programmes in engineering, engineering technology, computer science, technology management, science, and technical education.",faq_admission_programs,en
Anda adalah Pembantu AI Akademik Rasmi UTHM. Jawab soalan pengguna dengan tepat berdasarkan fakta UTHM.,Bidang apa yang ditawarkan di UTHM?,"UTHM menawarkan bidang kejuruteraan, teknologi kejuruteraan, sains komputer, pengurusan teknologi, sains dan program pendidikan teknikal.",faq_admission_programs,bm
Anda adalah Pembantu AI Akademik Rasmi UTHM. Jawab soalan pengguna dengan tepat berdasarkan fakta UTHM.,Bidang apa yang ditawarkan di UTHM?,"UTHM offers programmes in engineering, engineering technology, computer science, technology management, science, and technical education.",faq_admission_programs,en
Anda adalah Pembantu AI Akademik Rasmi UTHM. Jawab soalan pengguna dengan tepat berdasarkan fakta UTHM.,What programmes are offered at UTHM?,"UTHM menawarkan bidang kejuruteraan, teknologi kejuruteraan, sains komputer, pengurusan teknologi, sains dan program pendidikan teknikal.",faq_admission_programs,bm
Anda adalah Pembantu AI Akademik Rasmi UTHM. Jawab soalan pengguna dengan tepat berdasarkan fakta UTHM.,What programmes are offered at UTHM?,"UTHM offers programmes in engineering, engineering technology, computer science, technology management, science, and technical education.",faq_admission_programs,en
Anda adalah Pembantu AI Akademik Rasmi UTHM. Jawab soalan pengguna dengan tepat berdasarkan fakta UTHM.,What fields does UTHM offer?,"UTHM menawarkan bidang kejuruteraan, teknologi kejuruteraan, sains komputer, pengurusan teknologi, sains dan program pendidikan teknikal.",faq_admission_programs,bm
Anda adalah Pembantu AI Akademik Rasmi UTHM. Jawab soalan pengguna dengan tepat berdasarkan fakta UTHM.,What fields does UTHM offer?,"UTHM offers programmes in engineering, engineering technology, computer science, technology management, science, and technical education.",faq_admission_programs,en
Anda adalah Pembantu AI Akademik Rasmi UTHM. Jawab soalan pengguna dengan tepat berdasarkan fakta UTHM.,What courses are available at UTHM?,"UTHM menawarkan bidang kejuruteraan, teknologi kejuruteraan, sains komputer, pengurusan teknologi, sains dan program pendidikan teknikal.",faq_admission_programs,bm
Anda adalah Pembantu AI Akademik Rasmi UTHM. Jawab soalan pengguna dengan tepat berdasarkan fakta UTHM.,What courses are available at UTHM?,"UTHM offers programmes in engineering, engineering technology, computer science, technology management, science, and technical education.",faq_admission_programs,en
Anda adalah Pembantu AI Akademik Rasmi UTHM. Jawab soalan pengguna dengan tepat berdasarkan fakta UTHM.,uthm offer program apa?,"UTHM menawarkan bidang kejuruteraan, teknologi kejuruteraan, sains komputer, pengurusan teknologi, sains dan program pendidikan teknikal.",faq_admission_programs,bm
Anda adalah Pembantu AI Akademik Rasmi UTHM. Jawab soalan pengguna dengan tepat berdasarkan fakta UTHM.,uthm offer program apa?,"UTHM offers programmes in engineering, engineering technology, computer science, technology management, science, and technical education.",faq_admission_programs,en
Anda adalah Pembantu AI Akademik Rasmi UTHM. Jawab soalan pengguna dengan tepat berdasarkan fakta UTHM.,Bagaimana saya hendak memohon program UTHM?,Permohonan ke UTHM diselaraskan di bawah Kementerian Pengajian Tinggi. Calon perlu memohon melalui UPU Online yang biasanya dibuka pada Februari hingga April setiap tahun.,faq_admission_application,bm
Anda adalah Pembantu AI Akademik Rasmi UTHM. Jawab soalan pengguna dengan tepat berdasarkan fakta UTHM.,Bagaimana saya hendak memohon program UTHM?,"Applications to UTHM are coordinated under the Ministry of Higher Education. Candidates must apply through UPU Online, which is usually open from February to April each year.",faq_admission_application,en
Anda adalah Pembantu AI Akademik Rasmi UTHM. Jawab soalan pengguna dengan tepat berdasarkan fakta UTHM.,Macam mana nak mohon program UTHM?,Permohonan ke UTHM diselaraskan di bawah Kementerian Pengajian Tinggi. Calon perlu memohon melalui UPU Online yang biasanya dibuka pada Februari hingga April setiap tahun.,faq_admission_application,bm
Anda adalah Pembantu AI Akademik Rasmi UTHM. Jawab soalan pengguna dengan tepat berdasarkan fakta UTHM.,Macam mana nak mohon program UTHM?,"Applications to UTHM are coordinated under the Ministry of Higher Education. Candidates must apply through UPU Online, which is usually open from February to April each year.",faq_admission_application,en
Anda adalah Pembantu AI Akademik Rasmi UTHM. Jawab soalan pengguna dengan tepat berdasarkan fakta UTHM.,Cara mohon UTHM macam mana?,Permohonan ke UTHM diselaraskan di bawah Kementerian Pengajian Tinggi. Calon perlu memohon melalui UPU Online yang biasanya dibuka pada Februari hingga April setiap tahun.,faq_admission_application,bm
Anda adalah Pembantu AI Akademik Rasmi UTHM. Jawab soalan pengguna dengan tepat berdasarkan fakta UTHM.,Cara mohon UTHM macam mana?,"Applications to UTHM are coordinated under the Ministry of Higher Education. Candidates must apply through UPU Online, which is usually open from February to April each year.",faq_admission_application,en
Anda adalah Pembantu AI Akademik Rasmi UTHM. Jawab soalan pengguna dengan tepat berdasarkan fakta UTHM.,How do I apply for UTHM programmes?,Permohonan ke UTHM diselaraskan di bawah Kementerian Pengajian Tinggi. Calon perlu memohon melalui UPU Online yang biasanya dibuka pada Februari hingga April setiap tahun.,faq_admission_application,bm
Anda adalah Pembantu AI Akademik Rasmi UTHM. Jawab soalan pengguna dengan tepat berdasarkan fakta UTHM.,How do I apply for UTHM programmes?,"Applications to UTHM are coordinated under the Ministry of Higher Education. Candidates must apply through UPU Online, which is usually open from February to April each year.",faq_admission_application,en
Anda adalah Pembantu AI Akademik Rasmi UTHM. Jawab soalan pengguna dengan tepat berdasarkan fakta UTHM.,How can I apply to UTHM?,Permohonan ke UTHM diselaraskan di bawah Kementerian Pengajian Tinggi. Calon perlu memohon melalui UPU Online yang biasanya dibuka pada Februari hingga April setiap tahun.,faq_admission_application,bm
Anda adalah Pembantu AI Akademik Rasmi UTHM. Jawab soalan pengguna dengan tepat berdasarkan fakta UTHM.,How can I apply to UTHM?,"Applications to UTHM are coordinated under the Ministry of Higher Education. Candidates must apply through UPU Online, which is usually open from February to April each year.",faq_admission_application,en
Anda adalah Pembantu AI Akademik Rasmi UTHM. Jawab soalan pengguna dengan tepat berdasarkan fakta UTHM.,Where do I apply for UTHM?,Permohonan ke UTHM diselaraskan di bawah Kementerian Pengajian Tinggi. Calon perlu memohon melalui UPU Online yang biasanya dibuka pada Februari hingga April setiap tahun.,faq_admission_application,bm
Anda adalah Pembantu AI Akademik Rasmi UTHM. Jawab soalan pengguna dengan tepat berdasarkan fakta UTHM.,Where do I apply for UTHM?,"Applications to UTHM are coordinated under the Ministry of Higher Education. Candidates must apply through UPU Online, which is usually open from February to April each year.",faq_admission_application,en
Anda adalah Pembantu AI Akademik Rasmi UTHM. Jawab soalan pengguna dengan tepat berdasarkan fakta UTHM.,apply uthm through where?,Permohonan ke UTHM diselaraskan di bawah Kementerian Pengajian Tinggi. Calon perlu memohon melalui UPU Online yang biasanya dibuka pada Februari hingga April setiap tahun.,faq_admission_application,bm
Anda adalah Pembantu AI Akademik Rasmi UTHM. Jawab soalan pengguna dengan tepat berdasarkan fakta UTHM.,apply uthm through where?,"Applications to UTHM are coordinated under the Ministry of Higher Education. Candidates must apply through UPU Online, which is usually open from February to April each year.",faq_admission_application,en
Anda adalah Pembantu AI Akademik Rasmi UTHM. Jawab soalan pengguna dengan tepat berdasarkan fakta UTHM.,mcm mnn nk mohon uthm?,Permohonan ke UTHM diselaraskan di bawah Kementerian Pengajian Tinggi. Calon perlu memohon melalui UPU Online yang biasanya dibuka pada Februari hingga April setiap tahun.,faq_admission_application,bm
Anda adalah Pembantu AI Akademik Rasmi UTHM. Jawab soalan pengguna dengan tepat berdasarkan fakta UTHM.,mcm mnn nk mohon uthm?,"Applications to UTHM are coordinated under the Ministry of Higher Education. Candidates must apply through UPU Online, which is usually open from February to April each year.",faq_admission_application,en
Anda adalah Pembantu AI Akademik Rasmi UTHM. Jawab soalan pengguna dengan tepat berdasarkan fakta UTHM.,"Saya sedang mengambil MUET, adakah permohonan saya akan diproses?",Tidak. Pemohon perlu memperoleh sekurang-kurangnya MUET Band 2 untuk kemasukan ke semua program sarjana muda di UTHM.,faq_muet_application,bm
Anda adalah Pembantu AI Akademik Rasmi UTHM. Jawab soalan pengguna dengan tepat berdasarkan fakta UTHM.,"Saya sedang mengambil MUET, adakah permohonan saya akan diproses?",No. Applicants must obtain at least MUET Band 2 for admission into all UTHM bachelor degree programmes.,faq_muet_application,en
Anda adalah Pembantu AI Akademik Rasmi UTHM. Jawab soalan pengguna dengan tepat berdasarkan fakta UTHM.,Kalau sedang ambil MUET boleh mohon UTHM?,Tidak. Pemohon perlu memperoleh sekurang-kurangnya MUET Band 2 untuk kemasukan ke semua program sarjana muda di UTHM.,faq_muet_application,bm
Anda adalah Pembantu AI Akademik Rasmi UTHM. Jawab soalan pengguna dengan tepat berdasarkan fakta UTHM.,Kalau sedang ambil MUET boleh mohon UTHM?,No. Applicants must obtain at least MUET Band 2 for admission into all UTHM bachelor degree programmes.,faq_muet_application,en
Anda adalah Pembantu AI Akademik Rasmi UTHM. Jawab soalan pengguna dengan tepat berdasarkan fakta UTHM.,Belum ada keputusan MUET boleh apply UTHM?,Tidak. Pemohon perlu memperoleh sekurang-kurangnya MUET Band 2 untuk kemasukan ke semua program sarjana muda di UTHM.,faq_muet_application,bm
Anda adalah Pembantu AI Akademik Rasmi UTHM. Jawab soalan pengguna dengan tepat berdasarkan fakta UTHM.,Belum ada keputusan MUET boleh apply UTHM?,No. Applicants must obtain at least MUET Band 2 for admission into all UTHM bachelor degree programmes.,faq_muet_application,en
Anda adalah Pembantu AI Akademik Rasmi UTHM. Jawab soalan pengguna dengan tepat berdasarkan fakta UTHM.,Can my application be processed if I am still taking MUET?,Tidak. Pemohon perlu memperoleh sekurang-kurangnya MUET Band 2 untuk kemasukan ke semua program sarjana muda di UTHM.,faq_muet_application,bm
Anda adalah Pembantu AI Akademik Rasmi UTHM. Jawab soalan pengguna dengan tepat berdasarkan fakta UTHM.,Can my application be processed if I am still taking MUET?,No. Applicants must obtain at least MUET Band 2 for admission into all UTHM bachelor degree programmes.,faq_muet_application,en
Anda adalah Pembantu AI Akademik Rasmi UTHM. Jawab soalan pengguna dengan tepat berdasarkan fakta UTHM.,Can I apply to UTHM while taking MUET?,Tidak. Pemohon perlu memperoleh sekurang-kurangnya MUET Band 2 untuk kemasukan ke semua program sarjana muda di UTHM.,faq_muet_application,bm
Anda adalah Pembantu AI Akademik Rasmi UTHM. Jawab soalan pengguna dengan tepat berdasarkan fakta UTHM.,Can I apply to UTHM while taking MUET?,No. Applicants must obtain at least MUET Band 2 for admission into all UTHM bachelor degree programmes.,faq_muet_application,en
Anda adalah Pembantu AI Akademik Rasmi UTHM. Jawab soalan pengguna dengan tepat berdasarkan fakta UTHM.,Do I need MUET for UTHM bachelor admission?,Tidak. Pemohon perlu memperoleh sekurang-kurangnya MUET Band 2 untuk kemasukan ke semua program sarjana muda di UTHM.,faq_muet_application,bm
Anda adalah Pembantu AI Akademik Rasmi UTHM. Jawab soalan pengguna dengan tepat berdasarkan fakta UTHM.,Do I need MUET for UTHM bachelor admission?,No. Applicants must obtain at least MUET Band 2 for admission into all UTHM bachelor degree programmes.,faq_muet_application,en
Anda adalah Pembantu AI Akademik Rasmi UTHM. Jawab soalan pengguna dengan tepat berdasarkan fakta UTHM.,muet band berapa untuk uthm?,Tidak. Pemohon perlu memperoleh sekurang-kurangnya MUET Band 2 untuk kemasukan ke semua program sarjana muda di UTHM.,faq_muet_application,bm
Anda adalah Pembantu AI Akademik Rasmi UTHM. Jawab soalan pengguna dengan tepat berdasarkan fakta UTHM.,muet band berapa untuk uthm?,No. Applicants must obtain at least MUET Band 2 for admission into all UTHM bachelor degree programmes.,faq_muet_application,en
Anda adalah Pembantu AI Akademik Rasmi UTHM. Jawab soalan pengguna dengan tepat berdasarkan fakta UTHM.,Saya belajar di semester 5 sekarang. Bolehkah saya mohon kemasukan ke UTHM?,"Tidak. Untuk permohonan kemasukan, calon tidak boleh berstatus aktif di mana-mana IPTA dan perlu memuat naik transkrip dari semester 1 hingga semester 6.",faq_active_semester_application,bm
Anda adalah Pembantu AI Akademik Rasmi UTHM. Jawab soalan pengguna dengan tepat berdasarkan fakta UTHM.,Saya belajar di semester 5 sekarang. Bolehkah saya mohon kemasukan ke UTHM?,"No. For admission applications, candidates must not be active students at any IPTA and must upload transcripts from semester 1 to semester 6.",faq_active_semester_application,en
Anda adalah Pembantu AI Akademik Rasmi UTHM. Jawab soalan pengguna dengan tepat berdasarkan fakta UTHM.,Saya masih aktif di IPTA boleh mohon UTHM?,"Tidak. Untuk permohonan kemasukan, calon tidak boleh berstatus aktif di mana-mana IPTA dan perlu memuat naik transkrip dari semester 1 hingga semester 6.",faq_active_semester_application,bm
Anda adalah Pembantu AI Akademik Rasmi UTHM. Jawab soalan pengguna dengan tepat berdasarkan fakta UTHM.,Saya masih aktif di IPTA boleh mohon UTHM?,"No. For admission applications, candidates must not be active students at any IPTA and must upload transcripts from semester 1 to semester 6.",faq_active_semester_application,en
Anda adalah Pembantu AI Akademik Rasmi UTHM. Jawab soalan pengguna dengan tepat berdasarkan fakta UTHM.,Semester 5 boleh apply UTHM?,"Tidak. Untuk permohonan kemasukan, calon tidak boleh berstatus aktif di mana-mana IPTA dan perlu memuat naik transkrip dari semester 1 hingga semester 6.",faq_active_semester_application,bm
Anda adalah Pembantu AI Akademik Rasmi UTHM. Jawab soalan pengguna dengan tepat berdasarkan fakta UTHM.,Semester 5 boleh apply UTHM?,"No. For admission applications, candidates must not be active students at any IPTA and must upload transcripts from semester 1 to semester 6.",faq_active_semester_application,en
Anda adalah Pembantu AI Akademik Rasmi UTHM. Jawab soalan pengguna dengan tepat berdasarkan fakta UTHM.,Can I apply to UTHM while I am in semester 5?,"Tidak. Untuk permohonan kemasukan, calon tidak boleh berstatus aktif di mana-mana IPTA dan perlu memuat naik transkrip dari semester 1 hingga semester 6.",faq_active_semester_application,bm
Anda adalah Pembantu AI Akademik Rasmi UTHM. Jawab soalan pengguna dengan tepat berdasarkan fakta UTHM.,Can I apply to UTHM while I am in semester 5?,"No. For admission applications, candidates must not be active students at any IPTA and must upload transcripts from semester 1 to semester 6.",faq_active_semester_application,en
Anda adalah Pembantu AI Akademik Rasmi UTHM. Jawab soalan pengguna dengan tepat berdasarkan fakta UTHM.,Can active IPTA students apply to UTHM?,"Tidak. Untuk permohonan kemasukan, calon tidak boleh berstatus aktif di mana-mana IPTA dan perlu memuat naik transkrip dari semester 1 hingga semester 6.",faq_active_semester_application,bm
Anda adalah Pembantu AI Akademik Rasmi UTHM. Jawab soalan pengguna dengan tepat berdasarkan fakta UTHM.,Can active IPTA students apply to UTHM?,"No. For admission applications, candidates must not be active students at any IPTA and must upload transcripts from semester 1 to semester 6.",faq_active_semester_application,en
Anda adalah Pembantu AI Akademik Rasmi UTHM. Jawab soalan pengguna dengan tepat berdasarkan fakta UTHM.,Can I apply before semester 6 transcript is complete?,"Tidak. Untuk permohonan kemasukan, calon tidak boleh berstatus aktif di mana-mana IPTA dan perlu memuat naik transkrip dari semester 1 hingga semester 6.",faq_active_semester_application,bm
Anda adalah Pembantu AI Akademik Rasmi UTHM. Jawab soalan pengguna dengan tepat berdasarkan fakta UTHM.,Can I apply before semester 6 transcript is complete?,"No. For admission applications, candidates must not be active students at any IPTA and must upload transcripts from semester 1 to semester 6.",faq_active_semester_application,en
Anda adalah Pembantu AI Akademik Rasmi UTHM. Jawab soalan pengguna dengan tepat berdasarkan fakta UTHM.,Adakah pelajar lepasan DVM boleh memohon program di UTHM?,"Pada masa sekarang, hanya program Ijazah Sarjana Muda Pendidikan (ISMP) menerima lepasan DVM.",faq_dvm_admission,bm
Anda adalah Pembantu AI Akademik Rasmi UTHM. Jawab soalan pengguna dengan tepat berdasarkan fakta UTHM.,Adakah pelajar lepasan DVM boleh memohon program di UTHM?,"Currently, only Bachelor of Education programmes (ISMP) accept DVM graduates.",faq_dvm_admission,en
Anda adalah Pembantu AI Akademik Rasmi UTHM. Jawab soalan pengguna dengan tepat berdasarkan fakta UTHM.,Lepasan DVM boleh apply UTHM?,"Pada masa sekarang, hanya program Ijazah Sarjana Muda Pendidikan (ISMP) menerima lepasan DVM.",faq_dvm_admission,bm
Anda adalah Pembantu AI Akademik Rasmi UTHM. Jawab soalan pengguna dengan tepat berdasarkan fakta UTHM.,Lepasan DVM boleh apply UTHM?,"Currently, only Bachelor of Education programmes (ISMP) accept DVM graduates.",faq_dvm_admission,en
Anda adalah Pembantu AI Akademik Rasmi UTHM. Jawab soalan pengguna dengan tepat berdasarkan fakta UTHM.,DVM boleh masuk program apa di UTHM?,"Pada masa sekarang, hanya program Ijazah Sarjana Muda Pendidikan (ISMP) menerima lepasan DVM.",faq_dvm_admission,bm
Anda adalah Pembantu AI Akademik Rasmi UTHM. Jawab soalan pengguna dengan tepat berdasarkan fakta UTHM.,DVM boleh masuk program apa di UTHM?,"Currently, only Bachelor of Education programmes (ISMP) accept DVM graduates.",faq_dvm_admission,en
Anda adalah Pembantu AI Akademik Rasmi UTHM. Jawab soalan pengguna dengan tepat berdasarkan fakta UTHM.,Can DVM graduates apply to UTHM?,"Pada masa sekarang, hanya program Ijazah Sarjana Muda Pendidikan (ISMP) menerima lepasan DVM.",faq_dvm_admission,bm
Anda adalah Pembantu AI Akademik Rasmi UTHM. Jawab soalan pengguna dengan tepat berdasarkan fakta UTHM.,Can DVM graduates apply to UTHM?,"Currently, only Bachelor of Education programmes (ISMP) accept DVM graduates.",faq_dvm_admission,en
Anda adalah Pembantu AI Akademik Rasmi UTHM. Jawab soalan pengguna dengan tepat berdasarkan fakta UTHM.,Can Diploma Vokasional Malaysia graduates apply to UTHM?,"Pada masa sekarang, hanya program Ijazah Sarjana Muda Pendidikan (ISMP) menerima lepasan DVM.",faq_dvm_admission,bm
Anda adalah Pembantu AI Akademik Rasmi UTHM. Jawab soalan pengguna dengan tepat berdasarkan fakta UTHM.,Can Diploma Vokasional Malaysia graduates apply to UTHM?,"Currently, only Bachelor of Education programmes (ISMP) accept DVM graduates.",faq_dvm_admission,en
Anda adalah Pembantu AI Akademik Rasmi UTHM. Jawab soalan pengguna dengan tepat berdasarkan fakta UTHM.,DVM accepted for UTHM bachelor?,"Pada masa sekarang, hanya program Ijazah Sarjana Muda Pendidikan (ISMP) menerima lepasan DVM.",faq_dvm_admission,bm
Anda adalah Pembantu AI Akademik Rasmi UTHM. Jawab soalan pengguna dengan tepat berdasarkan fakta UTHM.,DVM accepted for UTHM bachelor?,"Currently, only Bachelor of Education programmes (ISMP) accept DVM graduates.",faq_dvm_admission,en
Anda adalah Pembantu AI Akademik Rasmi UTHM. Jawab soalan pengguna dengan tepat berdasarkan fakta UTHM.,"Saya sudah bekerja, boleh tak saya sambung degree secara part time di UTHM?",Tidak. Program sarjana muda di UTHM hanya dijalankan secara sepenuh masa.,faq_part_time_degree,bm
Anda adalah Pembantu AI Akademik Rasmi UTHM. Jawab soalan pengguna dengan tepat berdasarkan fakta UTHM.,"Saya sudah bekerja, boleh tak saya sambung degree secara part time di UTHM?",No. UTHM bachelor degree programmes are conducted on a full-time basis only.,faq_part_time_degree,en
Anda adalah Pembantu AI Akademik Rasmi UTHM. Jawab soalan pengguna dengan tepat berdasarkan fakta UTHM.,UTHM ada degree part time?,Tidak. Program sarjana muda di UTHM hanya dijalankan secara sepenuh masa.,faq_part_time_degree,bm
Anda adalah Pembantu AI Akademik Rasmi UTHM. Jawab soalan pengguna dengan tepat berdasarkan fakta UTHM.,UTHM ada degree part time?,No. UTHM bachelor degree programmes are conducted on a full-time basis only.,faq_part_time_degree,en
Anda adalah Pembantu AI Akademik Rasmi UTHM. Jawab soalan pengguna dengan tepat berdasarkan fakta UTHM.,Boleh sambung degree part time di UTHM?,Tidak. Program sarjana muda di UTHM hanya dijalankan secara sepenuh masa.,faq_part_time_degree,bm
Anda adalah Pembantu AI Akademik Rasmi UTHM. Jawab soalan pengguna dengan tepat berdasarkan fakta UTHM.,Boleh sambung degree part time di UTHM?,No. UTHM bachelor degree programmes are conducted on a full-time basis only.,faq_part_time_degree,en
Anda adalah Pembantu AI Akademik Rasmi UTHM. Jawab soalan pengguna dengan tepat berdasarkan fakta UTHM.,Can I study bachelor degree part time at UTHM?,Tidak. Program sarjana muda di UTHM hanya dijalankan secara sepenuh masa.,faq_part_time_degree,bm
Anda adalah Pembantu AI Akademik Rasmi UTHM. Jawab soalan pengguna dengan tepat berdasarkan fakta UTHM.,Can I study bachelor degree part time at UTHM?,No. UTHM bachelor degree programmes are conducted on a full-time basis only.,faq_part_time_degree,en
Anda adalah Pembantu AI Akademik Rasmi UTHM. Jawab soalan pengguna dengan tepat berdasarkan fakta UTHM.,Does UTHM offer part time degree?,Tidak. Program sarjana muda di UTHM hanya dijalankan secara sepenuh masa.,faq_part_time_degree,bm
Anda adalah Pembantu AI Akademik Rasmi UTHM. Jawab soalan pengguna dengan tepat berdasarkan fakta UTHM.,Does UTHM offer part time degree?,No. UTHM bachelor degree programmes are conducted on a full-time basis only.,faq_part_time_degree,en
Anda adalah Pembantu AI Akademik Rasmi UTHM. Jawab soalan pengguna dengan tepat berdasarkan fakta UTHM.,I am working can I do degree part time at UTHM?,Tidak. Program sarjana muda di UTHM hanya dijalankan secara sepenuh masa.,faq_part_time_degree,bm
Anda adalah Pembantu AI Akademik Rasmi UTHM. Jawab soalan pengguna dengan tepat berdasarkan fakta UTHM.,I am working can I do degree part time at UTHM?,No. UTHM bachelor degree programmes are conducted on a full-time basis only.,faq_part_time_degree,en
Anda adalah Pembantu AI Akademik Rasmi UTHM. Jawab soalan pengguna dengan tepat berdasarkan fakta UTHM.,"Saya mempunyai keputusan akademik yang cemerlang, tetapi masih gagal mendapat sebarang tawaran.","Kejayaan mendapat tempat bergantung kepada susunan merit dan pemilihan program. Pemohon mungkin tidak mendapat tawaran jika merit tidak cukup tinggi untuk program kompetitif, hanya memilih UA popular, tidak memohon melalui BPKP/JPT, tidak memenuhi syarat am atau khas, permohonan tidak lengkap, memalsukan maklumat/dokumen, atau memohon program luar bidang aliran.",faq_no_offer_reason,bm
Anda adalah Pembantu AI Akademik Rasmi UTHM. Jawab soalan pengguna dengan tepat berdasarkan fakta UTHM.,"Saya mempunyai keputusan akademik yang cemerlang, tetapi masih gagal mendapat sebarang tawaran.","Admission depends on merit ranking and programme choices. Applicants may not receive an offer if their merit is not high enough for competitive programmes, they only choose popular public universities, they do not apply through BPKP/JPT, they do not meet general or programme-specific requirements, the application is incomplete, information/documents are falsified, or the chosen programme is outside their academic stream.",faq_no_offer_reason,en
Anda adalah Pembantu AI Akademik Rasmi UTHM. Jawab soalan pengguna dengan tepat berdasarkan fakta UTHM.,Kenapa keputusan bagus tapi tak dapat tawaran UTHM?,"Kejayaan mendapat tempat bergantung kepada susunan merit dan pemilihan program. Pemohon mungkin tidak mendapat tawaran jika merit tidak cukup tinggi untuk program kompetitif, hanya memilih UA popular, tidak memohon melalui BPKP/JPT, tidak memenuhi syarat am atau khas, permohonan tidak lengkap, memalsukan maklumat/dokumen, atau memohon program luar bidang aliran.",faq_no_offer_reason,bm
Anda adalah Pembantu AI Akademik Rasmi UTHM. Jawab soalan pengguna dengan tepat berdasarkan fakta UTHM.,Kenapa keputusan bagus tapi tak dapat tawaran UTHM?,"Admission depends on merit ranking and programme choices. Applicants may not receive an offer if their merit is not high enough for competitive programmes, they only choose popular public universities, they do not apply through BPKP/JPT, they do not meet general or programme-specific requirements, the application is incomplete, information/documents are falsified, or the chosen programme is outside their academic stream.",faq_no_offer_reason,en
Anda adalah Pembantu AI Akademik Rasmi UTHM. Jawab soalan pengguna dengan tepat berdasarkan fakta UTHM.,Kenapa saya gagal dapat tawaran UA?,"Kejayaan mendapat tempat bergantung kepada susunan merit dan pemilihan program. Pemohon mungkin tidak mendapat tawaran jika merit tidak cukup tinggi untuk program kompetitif, hanya memilih UA popular, tidak memohon melalui BPKP/JPT, tidak memenuhi syarat am atau khas, permohonan tidak lengkap, memalsukan maklumat/dokumen, atau memohon program luar bidang aliran.",faq_no_offer_reason,bm
Anda adalah Pembantu AI Akademik Rasmi UTHM. Jawab soalan pengguna dengan tepat berdasarkan fakta UTHM.,Kenapa saya gagal dapat tawaran UA?,"Admission depends on merit ranking and programme choices. Applicants may not receive an offer if their merit is not high enough for competitive programmes, they only choose popular public universities, they do not apply through BPKP/JPT, they do not meet general or programme-specific requirements, the application is incomplete, information/documents are falsified, or the chosen programme is outside their academic stream.",faq_no_offer_reason,en
Anda adalah Pembantu AI Akademik Rasmi UTHM. Jawab soalan pengguna dengan tepat berdasarkan fakta UTHM.,Why did I not get an offer even with good academic results?,"Kejayaan mendapat tempat bergantung kepada susunan merit dan pemilihan program. Pemohon mungkin tidak mendapat tawaran jika merit tidak cukup tinggi untuk program kompetitif, hanya memilih UA popular, tidak memohon melalui BPKP/JPT, tidak memenuhi syarat am atau khas, permohonan tidak lengkap, memalsukan maklumat/dokumen, atau memohon program luar bidang aliran.",faq_no_offer_reason,bm
Anda adalah Pembantu AI Akademik Rasmi UTHM. Jawab soalan pengguna dengan tepat berdasarkan fakta UTHM.,Why did I not get an offer even with good academic results?,"Admission depends on merit ranking and programme choices. Applicants may not receive an offer if their merit is not high enough for competitive programmes, they only choose popular public universities, they do not apply through BPKP/JPT, they do not meet general or programme-specific requirements, the application is incomplete, information/documents are falsified, or the chosen programme is outside their academic stream.",faq_no_offer_reason,en
Anda adalah Pembantu AI Akademik Rasmi UTHM. Jawab soalan pengguna dengan tepat berdasarkan fakta UTHM.,Why was my UTHM application unsuccessful?,"Kejayaan mendapat tempat bergantung kepada susunan merit dan pemilihan program. Pemohon mungkin tidak mendapat tawaran jika merit tidak cukup tinggi untuk program kompetitif, hanya memilih UA popular, tidak memohon melalui BPKP/JPT, tidak memenuhi syarat am atau khas, permohonan tidak lengkap, memalsukan maklumat/dokumen, atau memohon program luar bidang aliran.",faq_no_offer_reason,bm
Anda adalah Pembantu AI Akademik Rasmi UTHM. Jawab soalan pengguna dengan tepat berdasarkan fakta UTHM.,Why was my UTHM application unsuccessful?,"Admission depends on merit ranking and programme choices. Applicants may not receive an offer if their merit is not high enough for competitive programmes, they only choose popular public universities, they do not apply through BPKP/JPT, they do not meet general or programme-specific requirements, the application is incomplete, information/documents are falsified, or the chosen programme is outside their academic stream.",faq_no_offer_reason,en
Anda adalah Pembantu AI Akademik Rasmi UTHM. Jawab soalan pengguna dengan tepat berdasarkan fakta UTHM.,Why no university offer even with excellent results?,"Kejayaan mendapat tempat bergantung kepada susunan merit dan pemilihan program. Pemohon mungkin tidak mendapat tawaran jika merit tidak cukup tinggi untuk program kompetitif, hanya memilih UA popular, tidak memohon melalui BPKP/JPT, tidak memenuhi syarat am atau khas, permohonan tidak lengkap, memalsukan maklumat/dokumen, atau memohon program luar bidang aliran.",faq_no_offer_reason,bm
Anda adalah Pembantu AI Akademik Rasmi UTHM. Jawab soalan pengguna dengan tepat berdasarkan fakta UTHM.,Why no university offer even with excellent results?,"Admission depends on merit ranking and programme choices. Applicants may not receive an offer if their merit is not high enough for competitive programmes, they only choose popular public universities, they do not apply through BPKP/JPT, they do not meet general or programme-specific requirements, the application is incomplete, information/documents are falsified, or the chosen programme is outside their academic stream.",faq_no_offer_reason,en
Anda adalah Pembantu AI Akademik Rasmi UTHM. Jawab soalan pengguna dengan tepat berdasarkan fakta UTHM.,Untuk pertanyaan kemasukan UTHM hubungi siapa?,"Untuk pertanyaan pengambilan dan kemasukan, sila hubungi PPA melalui talian 07-4537375 atau e-mel ppa@uthm.edu.my.",faq_admission_contact,bm
Anda adalah Pembantu AI Akademik Rasmi UTHM. Jawab soalan pengguna dengan tepat berdasarkan fakta UTHM.,Untuk pertanyaan kemasukan UTHM hubungi siapa?,"For admission and enrollment enquiries, please contact PPA at 07-4537375 or email ppa@uthm.edu.my.",faq_admission_contact,en
Anda adalah Pembantu AI Akademik Rasmi UTHM. Jawab soalan pengguna dengan tepat berdasarkan fakta UTHM.,Nombor telefon admission UTHM?,"Untuk pertanyaan pengambilan dan kemasukan, sila hubungi PPA melalui talian 07-4537375 atau e-mel ppa@uthm.edu.my.",faq_admission_contact,bm
Anda adalah Pembantu AI Akademik Rasmi UTHM. Jawab soalan pengguna dengan tepat berdasarkan fakta UTHM.,Nombor telefon admission UTHM?,"For admission and enrollment enquiries, please contact PPA at 07-4537375 or email ppa@uthm.edu.my.",faq_admission_contact,en
Anda adalah Pembantu AI Akademik Rasmi UTHM. Jawab soalan pengguna dengan tepat berdasarkan fakta UTHM.,Contact pengambilan dan kemasukan UTHM?,"Untuk pertanyaan pengambilan dan kemasukan, sila hubungi PPA melalui talian 07-4537375 atau e-mel ppa@uthm.edu.my.",faq_admission_contact,bm
Anda adalah Pembantu AI Akademik Rasmi UTHM. Jawab soalan pengguna dengan tepat berdasarkan fakta UTHM.,Contact pengambilan dan kemasukan UTHM?,"For admission and enrollment enquiries, please contact PPA at 07-4537375 or email ppa@uthm.edu.my.",faq_admission_contact,en
Anda adalah Pembantu AI Akademik Rasmi UTHM. Jawab soalan pengguna dengan tepat berdasarkan fakta UTHM.,Who should I contact for UTHM admission enquiries?,"Untuk pertanyaan pengambilan dan kemasukan, sila hubungi PPA melalui talian 07-4537375 atau e-mel ppa@uthm.edu.my.",faq_admission_contact,bm
Anda adalah Pembantu AI Akademik Rasmi UTHM. Jawab soalan pengguna dengan tepat berdasarkan fakta UTHM.,Who should I contact for UTHM admission enquiries?,"For admission and enrollment enquiries, please contact PPA at 07-4537375 or email ppa@uthm.edu.my.",faq_admission_contact,en
Anda adalah Pembantu AI Akademik Rasmi UTHM. Jawab soalan pengguna dengan tepat berdasarkan fakta UTHM.,UTHM admission contact number?,"Untuk pertanyaan pengambilan dan kemasukan, sila hubungi PPA melalui talian 07-4537375 atau e-mel ppa@uthm.edu.my.",faq_admission_contact,bm
Anda adalah Pembantu AI Akademik Rasmi UTHM. Jawab soalan pengguna dengan tepat berdasarkan fakta UTHM.,UTHM admission contact number?,"For admission and enrollment enquiries, please contact PPA at 07-4537375 or email ppa@uthm.edu.my.",faq_admission_contact,en
Anda adalah Pembantu AI Akademik Rasmi UTHM. Jawab soalan pengguna dengan tepat berdasarkan fakta UTHM.,How to contact UTHM admission office?,"Untuk pertanyaan pengambilan dan kemasukan, sila hubungi PPA melalui talian 07-4537375 atau e-mel ppa@uthm.edu.my.",faq_admission_contact,bm
Anda adalah Pembantu AI Akademik Rasmi UTHM. Jawab soalan pengguna dengan tepat berdasarkan fakta UTHM.,How to contact UTHM admission office?,"For admission and enrollment enquiries, please contact PPA at 07-4537375 or email ppa@uthm.edu.my.",faq_admission_contact,en
Anda adalah Pembantu AI Akademik Rasmi UTHM. Jawab soalan pengguna dengan tepat berdasarkan fakta UTHM.,Bilakah waktu perkhidmatan kaunter?,Waktu kaunter PPA: Isnin hingga Khamis 8.15 pagi-12.45 tengah hari dan 2.15 petang-4.30 petang; tutup 12.45 tengah hari-2.15 petang. Jumaat 8.15 pagi-12.15 tengah hari dan 2.45 petang-4.30 petang; tutup 12.15 tengah hari-2.45 petang.,faq_counter_hours,bm
Anda adalah Pembantu AI Akademik Rasmi UTHM. Jawab soalan pengguna dengan tepat berdasarkan fakta UTHM.,Bilakah waktu perkhidmatan kaunter?,PPA counter hours: Monday to Thursday 8:15 AM-12:45 PM and 2:15 PM-4:30 PM; closed 12:45 PM-2:15 PM. Friday 8:15 AM-12:15 PM and 2:45 PM-4:30 PM; closed 12:15 PM-2:45 PM.,faq_counter_hours,en
Anda adalah Pembantu AI Akademik Rasmi UTHM. Jawab soalan pengguna dengan tepat berdasarkan fakta UTHM.,Waktu operasi kaunter PPA bila?,Waktu kaunter PPA: Isnin hingga Khamis 8.15 pagi-12.45 tengah hari dan 2.15 petang-4.30 petang; tutup 12.45 tengah hari-2.15 petang. Jumaat 8.15 pagi-12.15 tengah hari dan 2.45 petang-4.30 petang; tutup 12.15 tengah hari-2.45 petang.,faq_counter_hours,bm
Anda adalah Pembantu AI Akademik Rasmi UTHM. Jawab soalan pengguna dengan tepat berdasarkan fakta UTHM.,Waktu operasi kaunter PPA bila?,PPA counter hours: Monday to Thursday 8:15 AM-12:45 PM and 2:15 PM-4:30 PM; closed 12:45 PM-2:15 PM. Friday 8:15 AM-12:15 PM and 2:45 PM-4:30 PM; closed 12:15 PM-2:45 PM.,faq_counter_hours,en
Anda adalah Pembantu AI Akademik Rasmi UTHM. Jawab soalan pengguna dengan tepat berdasarkan fakta UTHM.,Kaunter PPA buka pukul berapa?,Waktu kaunter PPA: Isnin hingga Khamis 8.15 pagi-12.45 tengah hari dan 2.15 petang-4.30 petang; tutup 12.45 tengah hari-2.15 petang. Jumaat 8.15 pagi-12.15 tengah hari dan 2.45 petang-4.30 petang; tutup 12.15 tengah hari-2.45 petang.,faq_counter_hours,bm
Anda adalah Pembantu AI Akademik Rasmi UTHM. Jawab soalan pengguna dengan tepat berdasarkan fakta UTHM.,Kaunter PPA buka pukul berapa?,PPA counter hours: Monday to Thursday 8:15 AM-12:45 PM and 2:15 PM-4:30 PM; closed 12:45 PM-2:15 PM. Friday 8:15 AM-12:15 PM and 2:45 PM-4:30 PM; closed 12:15 PM-2:45 PM.,faq_counter_hours,en
Anda adalah Pembantu AI Akademik Rasmi UTHM. Jawab soalan pengguna dengan tepat berdasarkan fakta UTHM.,Kaunter PPA tutup pukul berapa?,Waktu kaunter PPA: Isnin hingga Khamis 8.15 pagi-12.45 tengah hari dan 2.15 petang-4.30 petang; tutup 12.45 tengah hari-2.15 petang. Jumaat 8.15 pagi-12.15 tengah hari dan 2.45 petang-4.30 petang; tutup 12.15 tengah hari-2.45 petang.,faq_counter_hours,bm
Anda adalah Pembantu AI Akademik Rasmi UTHM. Jawab soalan pengguna dengan tepat berdasarkan fakta UTHM.,Kaunter PPA tutup pukul berapa?,PPA counter hours: Monday to Thursday 8:15 AM-12:45 PM and 2:15 PM-4:30 PM; closed 12:45 PM-2:15 PM. Friday 8:15 AM-12:15 PM and 2:45 PM-4:30 PM; closed 12:15 PM-2:45 PM.,faq_counter_hours,en
Anda adalah Pembantu AI Akademik Rasmi UTHM. Jawab soalan pengguna dengan tepat berdasarkan fakta UTHM.,What are the PPA counter service hours?,Waktu kaunter PPA: Isnin hingga Khamis 8.15 pagi-12.45 tengah hari dan 2.15 petang-4.30 petang; tutup 12.45 tengah hari-2.15 petang. Jumaat 8.15 pagi-12.15 tengah hari dan 2.45 petang-4.30 petang; tutup 12.15 tengah hari-2.45 petang.,faq_counter_hours,bm
Anda adalah Pembantu AI Akademik Rasmi UTHM. Jawab soalan pengguna dengan tepat berdasarkan fakta UTHM.,What are the PPA counter service hours?,PPA counter hours: Monday to Thursday 8:15 AM-12:45 PM and 2:15 PM-4:30 PM; closed 12:45 PM-2:15 PM. Friday 8:15 AM-12:15 PM and 2:45 PM-4:30 PM; closed 12:15 PM-2:45 PM.,faq_counter_hours,en
Anda adalah Pembantu AI Akademik Rasmi UTHM. Jawab soalan pengguna dengan tepat berdasarkan fakta UTHM.,When is the PPA counter open?,Waktu kaunter PPA: Isnin hingga Khamis 8.15 pagi-12.45 tengah hari dan 2.15 petang-4.30 petang; tutup 12.45 tengah hari-2.15 petang. Jumaat 8.15 pagi-12.15 tengah hari dan 2.45 petang-4.30 petang; tutup 12.15 tengah hari-2.45 petang.,faq_counter_hours,bm
Anda adalah Pembantu AI Akademik Rasmi UTHM. Jawab soalan pengguna dengan tepat berdasarkan fakta UTHM.,When is the PPA counter open?,PPA counter hours: Monday to Thursday 8:15 AM-12:45 PM and 2:15 PM-4:30 PM; closed 12:45 PM-2:15 PM. Friday 8:15 AM-12:15 PM and 2:45 PM-4:30 PM; closed 12:15 PM-2:45 PM.,faq_counter_hours,en
Anda adalah Pembantu AI Akademik Rasmi UTHM. Jawab soalan pengguna dengan tepat berdasarkan fakta UTHM.,PPA counter operation hours?,Waktu kaunter PPA: Isnin hingga Khamis 8.15 pagi-12.45 tengah hari dan 2.15 petang-4.30 petang; tutup 12.45 tengah hari-2.15 petang. Jumaat 8.15 pagi-12.15 tengah hari dan 2.45 petang-4.30 petang; tutup 12.15 tengah hari-2.45 petang.,faq_counter_hours,bm
Anda adalah Pembantu AI Akademik Rasmi UTHM. Jawab soalan pengguna dengan tepat berdasarkan fakta UTHM.,PPA counter operation hours?,PPA counter hours: Monday to Thursday 8:15 AM-12:45 PM and 2:15 PM-4:30 PM; closed 12:45 PM-2:15 PM. Friday 8:15 AM-12:15 PM and 2:45 PM-4:30 PM; closed 12:15 PM-2:45 PM.,faq_counter_hours,en
Anda adalah Pembantu AI Akademik Rasmi UTHM. Jawab soalan pengguna dengan tepat berdasarkan fakta UTHM.,counter ppa open when?,Waktu kaunter PPA: Isnin hingga Khamis 8.15 pagi-12.45 tengah hari dan 2.15 petang-4.30 petang; tutup 12.45 tengah hari-2.15 petang. Jumaat 8.15 pagi-12.15 tengah hari dan 2.45 petang-4.30 petang; tutup 12.15 tengah hari-2.45 petang.,faq_counter_hours,bm
Anda adalah Pembantu AI Akademik Rasmi UTHM. Jawab soalan pengguna dengan tepat berdasarkan fakta UTHM.,counter ppa open when?,PPA counter hours: Monday to Thursday 8:15 AM-12:45 PM and 2:15 PM-4:30 PM; closed 12:45 PM-2:15 PM. Friday 8:15 AM-12:15 PM and 2:45 PM-4:30 PM; closed 12:15 PM-2:45 PM.,faq_counter_hours,en
Anda adalah Pembantu AI Akademik Rasmi UTHM. Jawab soalan pengguna dengan tepat berdasarkan fakta UTHM.,Apakah perkhidmatan yang ditawarkan di kaunter?,"Perkhidmatan kaunter PPA termasuk pengambilan Kad Akses Dewan F2, pengesahan keputusan peperiksaan melalui SMAP Online, serta pengesahan sijil dan transkrip Graduan Kelas Pertama untuk tujuan pengecualian bayaran balik PTPTN.",faq_counter_services,bm
Anda adalah Pembantu AI Akademik Rasmi UTHM. Jawab soalan pengguna dengan tepat berdasarkan fakta UTHM.,Apakah perkhidmatan yang ditawarkan di kaunter?,"PPA counter services include collection of the Hall F2 access card, verification of examination results through SMAP Online, and verification of certificates and transcripts for First Class Graduates for PTPTN repayment exemption purposes.",faq_counter_services,en
Anda adalah Pembantu AI Akademik Rasmi UTHM. Jawab soalan pengguna dengan tepat berdasarkan fakta UTHM.,Perkhidmatan apa ada di kaunter PPA?,"Perkhidmatan kaunter PPA termasuk pengambilan Kad Akses Dewan F2, pengesahan keputusan peperiksaan melalui SMAP Online, serta pengesahan sijil dan transkrip Graduan Kelas Pertama untuk tujuan pengecualian bayaran balik PTPTN.",faq_counter_services,bm
Anda adalah Pembantu AI Akademik Rasmi UTHM. Jawab soalan pengguna dengan tepat berdasarkan fakta UTHM.,Perkhidmatan apa ada di kaunter PPA?,"PPA counter services include collection of the Hall F2 access card, verification of examination results through SMAP Online, and verification of certificates and transcripts for First Class Graduates for PTPTN repayment exemption purposes.",faq_counter_services,en
Anda adalah Pembantu AI Akademik Rasmi UTHM. Jawab soalan pengguna dengan tepat berdasarkan fakta UTHM.,Kaunter PPA boleh buat urusan apa?,"Perkhidmatan kaunter PPA termasuk pengambilan Kad Akses Dewan F2, pengesahan keputusan peperiksaan melalui SMAP Online, serta pengesahan sijil dan transkrip Graduan Kelas Pertama untuk tujuan pengecualian bayaran balik PTPTN.",faq_counter_services,bm
Anda adalah Pembantu AI Akademik Rasmi UTHM. Jawab soalan pengguna dengan tepat berdasarkan fakta UTHM.,Kaunter PPA boleh buat urusan apa?,"PPA counter services include collection of the Hall F2 access card, verification of examination results through SMAP Online, and verification of certificates and transcripts for First Class Graduates for PTPTN repayment exemption purposes.",faq_counter_services,en
Anda adalah Pembantu AI Akademik Rasmi UTHM. Jawab soalan pengguna dengan tepat berdasarkan fakta UTHM.,What services are offered at the PPA counter?,"Perkhidmatan kaunter PPA termasuk pengambilan Kad Akses Dewan F2, pengesahan keputusan peperiksaan melalui SMAP Online, serta pengesahan sijil dan transkrip Graduan Kelas Pertama untuk tujuan pengecualian bayaran balik PTPTN.",faq_counter_services,bm
Anda adalah Pembantu AI Akademik Rasmi UTHM. Jawab soalan pengguna dengan tepat berdasarkan fakta UTHM.,What services are offered at the PPA counter?,"PPA counter services include collection of the Hall F2 access card, verification of examination results through SMAP Online, and verification of certificates and transcripts for First Class Graduates for PTPTN repayment exemption purposes.",faq_counter_services,en
Anda adalah Pembantu AI Akademik Rasmi UTHM. Jawab soalan pengguna dengan tepat berdasarkan fakta UTHM.,What can I do at PPA counter?,"Perkhidmatan kaunter PPA termasuk pengambilan Kad Akses Dewan F2, pengesahan keputusan peperiksaan melalui SMAP Online, serta pengesahan sijil dan transkrip Graduan Kelas Pertama untuk tujuan pengecualian bayaran balik PTPTN.",faq_counter_services,bm
Anda adalah Pembantu AI Akademik Rasmi UTHM. Jawab soalan pengguna dengan tepat berdasarkan fakta UTHM.,What can I do at PPA counter?,"PPA counter services include collection of the Hall F2 access card, verification of examination results through SMAP Online, and verification of certificates and transcripts for First Class Graduates for PTPTN repayment exemption purposes.",faq_counter_services,en
Anda adalah Pembantu AI Akademik Rasmi UTHM. Jawab soalan pengguna dengan tepat berdasarkan fakta UTHM.,PPA counter services?,"Perkhidmatan kaunter PPA termasuk pengambilan Kad Akses Dewan F2, pengesahan keputusan peperiksaan melalui SMAP Online, serta pengesahan sijil dan transkrip Graduan Kelas Pertama untuk tujuan pengecualian bayaran balik PTPTN.",faq_counter_services,bm
Anda adalah Pembantu AI Akademik Rasmi UTHM. Jawab soalan pengguna dengan tepat berdasarkan fakta UTHM.,PPA counter services?,"PPA counter services include collection of the Hall F2 access card, verification of examination results through SMAP Online, and verification of certificates and transcripts for First Class Graduates for PTPTN repayment exemption purposes.",faq_counter_services,en
Anda adalah Pembantu AI Akademik Rasmi UTHM. Jawab soalan pengguna dengan tepat berdasarkan fakta UTHM.,Bagaimana saya hendak mengakses SMAP Online?,"Untuk mengakses SMAP Online, sila layari URL http://smap.uthm.edu.my.",faq_smap_access,bm
Anda adalah Pembantu AI Akademik Rasmi UTHM. Jawab soalan pengguna dengan tepat berdasarkan fakta UTHM.,Bagaimana saya hendak mengakses SMAP Online?,"To access SMAP Online, please visit http://smap.uthm.edu.my.",faq_smap_access,en
Anda adalah Pembantu AI Akademik Rasmi UTHM. Jawab soalan pengguna dengan tepat berdasarkan fakta UTHM.,Macam mana nak akses SMAP Online?,"Untuk mengakses SMAP Online, sila layari URL http://smap.uthm.edu.my.",faq_smap_access,bm
Anda adalah Pembantu AI Akademik Rasmi UTHM. Jawab soalan pengguna dengan tepat berdasarkan fakta UTHM.,Macam mana nak akses SMAP Online?,"To access SMAP Online, please visit http://smap.uthm.edu.my.",faq_smap_access,en
Anda adalah Pembantu AI Akademik Rasmi UTHM. Jawab soalan pengguna dengan tepat berdasarkan fakta UTHM.,SMAP Online link apa?,"Untuk mengakses SMAP Online, sila layari URL http://smap.uthm.edu.my.",faq_smap_access,bm
Anda adalah Pembantu AI Akademik Rasmi UTHM. Jawab soalan pengguna dengan tepat berdasarkan fakta UTHM.,SMAP Online link apa?,"To access SMAP Online, please visit http://smap.uthm.edu.my.",faq_smap_access,en
Anda adalah Pembantu AI Akademik Rasmi UTHM. Jawab soalan pengguna dengan tepat berdasarkan fakta UTHM.,How can I access SMAP Online?,"Untuk mengakses SMAP Online, sila layari URL http://smap.uthm.edu.my.",faq_smap_access,bm
Anda adalah Pembantu AI Akademik Rasmi UTHM. Jawab soalan pengguna dengan tepat berdasarkan fakta UTHM.,How can I access SMAP Online?,"To access SMAP Online, please visit http://smap.uthm.edu.my.",faq_smap_access,en
Anda adalah Pembantu AI Akademik Rasmi UTHM. Jawab soalan pengguna dengan tepat berdasarkan fakta UTHM.,What is the SMAP Online URL?,"Untuk mengakses SMAP Online, sila layari URL http://smap.uthm.edu.my.",faq_smap_access,bm
Anda adalah Pembantu AI Akademik Rasmi UTHM. Jawab soalan pengguna dengan tepat berdasarkan fakta UTHM.,What is the SMAP Online URL?,"To access SMAP Online, please visit http://smap.uthm.edu.my.",faq_smap_access,en
Anda adalah Pembantu AI Akademik Rasmi UTHM. Jawab soalan pengguna dengan tepat berdasarkan fakta UTHM.,Where do I login SMAP?,"Untuk mengakses SMAP Online, sila layari URL http://smap.uthm.edu.my.",faq_smap_access,bm
Anda adalah Pembantu AI Akademik Rasmi UTHM. Jawab soalan pengguna dengan tepat berdasarkan fakta UTHM.,Where do I login SMAP?,"To access SMAP Online, please visit http://smap.uthm.edu.my.",faq_smap_access,en
Anda adalah Pembantu AI Akademik Rasmi UTHM. Jawab soalan pengguna dengan tepat berdasarkan fakta UTHM.,smap online url?,"Untuk mengakses SMAP Online, sila layari URL http://smap.uthm.edu.my.",faq_smap_access,bm
Anda adalah Pembantu AI Akademik Rasmi UTHM. Jawab soalan pengguna dengan tepat berdasarkan fakta UTHM.,smap online url?,"To access SMAP Online, please visit http://smap.uthm.edu.my.",faq_smap_access,en
Anda adalah Pembantu AI Akademik Rasmi UTHM. Jawab soalan pengguna dengan tepat berdasarkan fakta UTHM.,Bagaimana jika saya terlupa kata laluan SMAP Online?,"Jika terlupa kata laluan SMAP Online, sila hubungi PTM Careline di talian 07-4537295.",faq_smap_forgot_password,bm
Anda adalah Pembantu AI Akademik Rasmi UTHM. Jawab soalan pengguna dengan tepat berdasarkan fakta UTHM.,Bagaimana jika saya terlupa kata laluan SMAP Online?,"If you forget your SMAP Online password, please contact PTM Careline at 07-4537295.",faq_smap_forgot_password,en
Anda adalah Pembantu AI Akademik Rasmi UTHM. Jawab soalan pengguna dengan tepat berdasarkan fakta UTHM.,Lupa password SMAP macam mana?,"Jika terlupa kata laluan SMAP Online, sila hubungi PTM Careline di talian 07-4537295.",faq_smap_forgot_password,bm
Anda adalah Pembantu AI Akademik Rasmi UTHM. Jawab soalan pengguna dengan tepat berdasarkan fakta UTHM.,Lupa password SMAP macam mana?,"If you forget your SMAP Online password, please contact PTM Careline at 07-4537295.",faq_smap_forgot_password,en
Anda adalah Pembantu AI Akademik Rasmi UTHM. Jawab soalan pengguna dengan tepat berdasarkan fakta UTHM.,Saya lupa kata laluan SMAP Online,"Jika terlupa kata laluan SMAP Online, sila hubungi PTM Careline di talian 07-4537295.",faq_smap_forgot_password,bm
Anda adalah Pembantu AI Akademik Rasmi UTHM. Jawab soalan pengguna dengan tepat berdasarkan fakta UTHM.,Saya lupa kata laluan SMAP Online,"If you forget your SMAP Online password, please contact PTM Careline at 07-4537295.",faq_smap_forgot_password,en
Anda adalah Pembantu AI Akademik Rasmi UTHM. Jawab soalan pengguna dengan tepat berdasarkan fakta UTHM.,What if I forget my SMAP Online password?,"Jika terlupa kata laluan SMAP Online, sila hubungi PTM Careline di talian 07-4537295.",faq_smap_forgot_password,bm
Anda adalah Pembantu AI Akademik Rasmi UTHM. Jawab soalan pengguna dengan tepat berdasarkan fakta UTHM.,What if I forget my SMAP Online password?,"If you forget your SMAP Online password, please contact PTM Careline at 07-4537295.",faq_smap_forgot_password,en
Anda adalah Pembantu AI Akademik Rasmi UTHM. Jawab soalan pengguna dengan tepat berdasarkan fakta UTHM.,I forgot my SMAP password what should I do?,"Jika terlupa kata laluan SMAP Online, sila hubungi PTM Careline di talian 07-4537295.",faq_smap_forgot_password,bm
Anda adalah Pembantu AI Akademik Rasmi UTHM. Jawab soalan pengguna dengan tepat berdasarkan fakta UTHM.,I forgot my SMAP password what should I do?,"If you forget your SMAP Online password, please contact PTM Careline at 07-4537295.",faq_smap_forgot_password,en
Anda adalah Pembantu AI Akademik Rasmi UTHM. Jawab soalan pengguna dengan tepat berdasarkan fakta UTHM.,SMAP forgot password contact?,"Jika terlupa kata laluan SMAP Online, sila hubungi PTM Careline di talian 07-4537295.",faq_smap_forgot_password,bm
Anda adalah Pembantu AI Akademik Rasmi UTHM. Jawab soalan pengguna dengan tepat berdasarkan fakta UTHM.,SMAP forgot password contact?,"If you forget your SMAP Online password, please contact PTM Careline at 07-4537295.",faq_smap_forgot_password,en
Anda adalah Pembantu AI Akademik Rasmi UTHM. Jawab soalan pengguna dengan tepat berdasarkan fakta UTHM.,Sebarang pertanyaan sila hubungi siapa?,"Pejabat Pengurusan Akademik, Universiti Tun Hussein Onn Malaysia, 86400 Parit Raja, Batu Pahat, Johor. Tel: +607-4537696. Faks: +607-4536085. E-mel: ppa@uthm.edu.my.",faq_ppa_contact_details,bm
Anda adalah Pembantu AI Akademik Rasmi UTHM. Jawab soalan pengguna dengan tepat berdasarkan fakta UTHM.,Sebarang pertanyaan sila hubungi siapa?,"Office of Academic Management, Universiti Tun Hussein Onn Malaysia, 86400 Parit Raja, Batu Pahat, Johor. Tel: +607-4537696. Fax: +607-4536085. Email: ppa@uthm.edu.my.",faq_ppa_contact_details,en
Anda adalah Pembantu AI Akademik Rasmi UTHM. Jawab soalan pengguna dengan tepat berdasarkan fakta UTHM.,Alamat PPA UTHM?,"Pejabat Pengurusan Akademik, Universiti Tun Hussein Onn Malaysia, 86400 Parit Raja, Batu Pahat, Johor. Tel: +607-4537696. Faks: +607-4536085. E-mel: ppa@uthm.edu.my.",faq_ppa_contact_details,bm
Anda adalah Pembantu AI Akademik Rasmi UTHM. Jawab soalan pengguna dengan tepat berdasarkan fakta UTHM.,Alamat PPA UTHM?,"Office of Academic Management, Universiti Tun Hussein Onn Malaysia, 86400 Parit Raja, Batu Pahat, Johor. Tel: +607-4537696. Fax: +607-4536085. Email: ppa@uthm.edu.my.",faq_ppa_contact_details,en
Anda adalah Pembantu AI Akademik Rasmi UTHM. Jawab soalan pengguna dengan tepat berdasarkan fakta UTHM.,Nombor telefon PPA UTHM?,"Pejabat Pengurusan Akademik, Universiti Tun Hussein Onn Malaysia, 86400 Parit Raja, Batu Pahat, Johor. Tel: +607-4537696. Faks: +607-4536085. E-mel: ppa@uthm.edu.my.",faq_ppa_contact_details,bm
Anda adalah Pembantu AI Akademik Rasmi UTHM. Jawab soalan pengguna dengan tepat berdasarkan fakta UTHM.,Nombor telefon PPA UTHM?,"Office of Academic Management, Universiti Tun Hussein Onn Malaysia, 86400 Parit Raja, Batu Pahat, Johor. Tel: +607-4537696. Fax: +607-4536085. Email: ppa@uthm.edu.my.",faq_ppa_contact_details,en
Anda adalah Pembantu AI Akademik Rasmi UTHM. Jawab soalan pengguna dengan tepat berdasarkan fakta UTHM.,Email PPA UTHM?,"Pejabat Pengurusan Akademik, Universiti Tun Hussein Onn Malaysia, 86400 Parit Raja, Batu Pahat, Johor. Tel: +607-4537696. Faks: +607-4536085. E-mel: ppa@uthm.edu.my.",faq_ppa_contact_details,bm
Anda adalah Pembantu AI Akademik Rasmi UTHM. Jawab soalan pengguna dengan tepat berdasarkan fakta UTHM.,Email PPA UTHM?,"Office of Academic Management, Universiti Tun Hussein Onn Malaysia, 86400 Parit Raja, Batu Pahat, Johor. Tel: +607-4537696. Fax: +607-4536085. Email: ppa@uthm.edu.my.",faq_ppa_contact_details,en
Anda adalah Pembantu AI Akademik Rasmi UTHM. Jawab soalan pengguna dengan tepat berdasarkan fakta UTHM.,How can I contact PPA UTHM?,"Pejabat Pengurusan Akademik, Universiti Tun Hussein Onn Malaysia, 86400 Parit Raja, Batu Pahat, Johor. Tel: +607-4537696. Faks: +607-4536085. E-mel: ppa@uthm.edu.my.",faq_ppa_contact_details,bm
Anda adalah Pembantu AI Akademik Rasmi UTHM. Jawab soalan pengguna dengan tepat berdasarkan fakta UTHM.,How can I contact PPA UTHM?,"Office of Academic Management, Universiti Tun Hussein Onn Malaysia, 86400 Parit Raja, Batu Pahat, Johor. Tel: +607-4537696. Fax: +607-4536085. Email: ppa@uthm.edu.my.",faq_ppa_contact_details,en
Anda adalah Pembantu AI Akademik Rasmi UTHM. Jawab soalan pengguna dengan tepat berdasarkan fakta UTHM.,What is PPA address?,"Pejabat Pengurusan Akademik, Universiti Tun Hussein Onn Malaysia, 86400 Parit Raja, Batu Pahat, Johor. Tel: +607-4537696. Faks: +607-4536085. E-mel: ppa@uthm.edu.my.",faq_ppa_contact_details,bm
Anda adalah Pembantu AI Akademik Rasmi UTHM. Jawab soalan pengguna dengan tepat berdasarkan fakta UTHM.,What is PPA address?,"Office of Academic Management, Universiti Tun Hussein Onn Malaysia, 86400 Parit Raja, Batu Pahat, Johor. Tel: +607-4537696. Fax: +607-4536085. Email: ppa@uthm.edu.my.",faq_ppa_contact_details,en
Anda adalah Pembantu AI Akademik Rasmi UTHM. Jawab soalan pengguna dengan tepat berdasarkan fakta UTHM.,PPA phone fax email?,"Pejabat Pengurusan Akademik, Universiti Tun Hussein Onn Malaysia, 86400 Parit Raja, Batu Pahat, Johor. Tel: +607-4537696. Faks: +607-4536085. E-mel: ppa@uthm.edu.my.",faq_ppa_contact_details,bm
Anda adalah Pembantu AI Akademik Rasmi UTHM. Jawab soalan pengguna dengan tepat berdasarkan fakta UTHM.,PPA phone fax email?,"Office of Academic Management, Universiti Tun Hussein Onn Malaysia, 86400 Parit Raja, Batu Pahat, Johor. Tel: +607-4537696. Fax: +607-4536085. Email: ppa@uthm.edu.my.",faq_ppa_contact_details,en
Anda adalah Pembantu AI Akademik Rasmi UTHM. Jawab soalan pengguna dengan tepat berdasarkan fakta UTHM.,Di mana boleh semak jadual waktu kuliah akademik?,Jadual waktu kuliah akademik boleh dirujuk melalui halaman Jadual Waktu Kuliah Akademik PPA.,ppa_class_schedule,bm
Anda adalah Pembantu AI Akademik Rasmi UTHM. Jawab soalan pengguna dengan tepat berdasarkan fakta UTHM.,Di mana boleh semak jadual waktu kuliah akademik?,Academic class schedules are provided through the PPA Academic Class Schedule page.,ppa_class_schedule,en
Anda adalah Pembantu AI Akademik Rasmi UTHM. Jawab soalan pengguna dengan tepat berdasarkan fakta UTHM.,Jadual kuliah akademik dekat mana?,Jadual waktu kuliah akademik boleh dirujuk melalui halaman Jadual Waktu Kuliah Akademik PPA.,ppa_class_schedule,bm
Anda adalah Pembantu AI Akademik Rasmi UTHM. Jawab soalan pengguna dengan tepat berdasarkan fakta UTHM.,Jadual kuliah akademik dekat mana?,Academic class schedules are provided through the PPA Academic Class Schedule page.,ppa_class_schedule,en
Anda adalah Pembantu AI Akademik Rasmi UTHM. Jawab soalan pengguna dengan tepat berdasarkan fakta UTHM.,Where can I check academic class schedule?,Jadual waktu kuliah akademik boleh dirujuk melalui halaman Jadual Waktu Kuliah Akademik PPA.,ppa_class_schedule,bm
Anda adalah Pembantu AI Akademik Rasmi UTHM. Jawab soalan pengguna dengan tepat berdasarkan fakta UTHM.,Where can I check academic class schedule?,Academic class schedules are provided through the PPA Academic Class Schedule page.,ppa_class_schedule,en
Anda adalah Pembantu AI Akademik Rasmi UTHM. Jawab soalan pengguna dengan tepat berdasarkan fakta UTHM.,Academic class schedule link?,Jadual waktu kuliah akademik boleh dirujuk melalui halaman Jadual Waktu Kuliah Akademik PPA.,ppa_class_schedule,bm
Anda adalah Pembantu AI Akademik Rasmi UTHM. Jawab soalan pengguna dengan tepat berdasarkan fakta UTHM.,Academic class schedule link?,Academic class schedules are provided through the PPA Academic Class Schedule page.,ppa_class_schedule,en
Anda adalah Pembantu AI Akademik Rasmi UTHM. Jawab soalan pengguna dengan tepat berdasarkan fakta UTHM.,nak semak jadual kuliah,Jadual waktu kuliah akademik boleh dirujuk melalui halaman Jadual Waktu Kuliah Akademik PPA.,ppa_class_schedule,bm
Anda adalah Pembantu AI Akademik Rasmi UTHM. Jawab soalan pengguna dengan tepat berdasarkan fakta UTHM.,nak semak jadual kuliah,Academic class schedules are provided through the PPA Academic Class Schedule page.,ppa_class_schedule,en
Anda adalah Pembantu AI Akademik Rasmi UTHM. Jawab soalan pengguna dengan tepat berdasarkan fakta UTHM.,class schedule UTHM where?,Jadual waktu kuliah akademik boleh dirujuk melalui halaman Jadual Waktu Kuliah Akademik PPA.,ppa_class_schedule,bm
Anda adalah Pembantu AI Akademik Rasmi UTHM. Jawab soalan pengguna dengan tepat berdasarkan fakta UTHM.,class schedule UTHM where?,Academic class schedules are provided through the PPA Academic Class Schedule page.,ppa_class_schedule,en
Anda adalah Pembantu AI Akademik Rasmi UTHM. Jawab soalan pengguna dengan tepat berdasarkan fakta UTHM.,Di mana boleh semak jadual kerja pelajar?,Maklumat jadual kerja pelajar boleh dirujuk melalui halaman Jadual Kerja Pelajar PPA.,ppa_student_work_schedule,bm
Anda adalah Pembantu AI Akademik Rasmi UTHM. Jawab soalan pengguna dengan tepat berdasarkan fakta UTHM.,Di mana boleh semak jadual kerja pelajar?,Student work schedule information can be referred to on the PPA Student Work Schedule page.,ppa_student_work_schedule,en
Anda adalah Pembantu AI Akademik Rasmi UTHM. Jawab soalan pengguna dengan tepat berdasarkan fakta UTHM.,Apa itu jadual kerja pelajar?,Maklumat jadual kerja pelajar boleh dirujuk melalui halaman Jadual Kerja Pelajar PPA.,ppa_student_work_schedule,bm
Anda adalah Pembantu AI Akademik Rasmi UTHM. Jawab soalan pengguna dengan tepat berdasarkan fakta UTHM.,Apa itu jadual kerja pelajar?,Student work schedule information can be referred to on the PPA Student Work Schedule page.,ppa_student_work_schedule,en
Anda adalah Pembantu AI Akademik Rasmi UTHM. Jawab soalan pengguna dengan tepat berdasarkan fakta UTHM.,Where can I check student work schedule?,Maklumat jadual kerja pelajar boleh dirujuk melalui halaman Jadual Kerja Pelajar PPA.,ppa_student_work_schedule,bm
Anda adalah Pembantu AI Akademik Rasmi UTHM. Jawab soalan pengguna dengan tepat berdasarkan fakta UTHM.,Where can I check student work schedule?,Student work schedule information can be referred to on the PPA Student Work Schedule page.,ppa_student_work_schedule,en
Anda adalah Pembantu AI Akademik Rasmi UTHM. Jawab soalan pengguna dengan tepat berdasarkan fakta UTHM.,Student work schedule link?,Maklumat jadual kerja pelajar boleh dirujuk melalui halaman Jadual Kerja Pelajar PPA.,ppa_student_work_schedule,bm
Anda adalah Pembantu AI Akademik Rasmi UTHM. Jawab soalan pengguna dengan tepat berdasarkan fakta UTHM.,Student work schedule link?,Student work schedule information can be referred to on the PPA Student Work Schedule page.,ppa_student_work_schedule,en
Anda adalah Pembantu AI Akademik Rasmi UTHM. Jawab soalan pengguna dengan tepat berdasarkan fakta UTHM.,jadual kerja pelajar uthm,Maklumat jadual kerja pelajar boleh dirujuk melalui halaman Jadual Kerja Pelajar PPA.,ppa_student_work_schedule,bm
Anda adalah Pembantu AI Akademik Rasmi UTHM. Jawab soalan pengguna dengan tepat berdasarkan fakta UTHM.,jadual kerja pelajar uthm,Student work schedule information can be referred to on the PPA Student Work Schedule page.,ppa_student_work_schedule,en
Anda adalah Pembantu AI Akademik Rasmi UTHM. Jawab soalan pengguna dengan tepat berdasarkan fakta UTHM.,student work schedule UTHM where?,Maklumat jadual kerja pelajar boleh dirujuk melalui halaman Jadual Kerja Pelajar PPA.,ppa_student_work_schedule,bm
Anda adalah Pembantu AI Akademik Rasmi UTHM. Jawab soalan pengguna dengan tepat berdasarkan fakta UTHM.,student work schedule UTHM where?,Student work schedule information can be referred to on the PPA Student Work Schedule page.,ppa_student_work_schedule,en
Anda adalah Pembantu AI Akademik Rasmi UTHM. Jawab soalan pengguna dengan tepat berdasarkan fakta UTHM.,Jadual rasmi peperiksaan akhir di mana?,"PPA memaparkan maklumat peperiksaan akhir termasuk notis peperiksaan, draf jadual, jadual rasmi mengikut kod kursus dan tarikh, pindaan jadual, jadual pengawas serta kedudukan nombor meja dewan peperiksaan.",ppa_final_exam_schedule,bm
Anda adalah Pembantu AI Akademik Rasmi UTHM. Jawab soalan pengguna dengan tepat berdasarkan fakta UTHM.,Jadual rasmi peperiksaan akhir di mana?,"PPA publishes final examination information including final exam notices, drafts, official timetables by course code and date, amendments, invigilator schedules, and exam hall seating information.",ppa_final_exam_schedule,en
Anda adalah Pembantu AI Akademik Rasmi UTHM. Jawab soalan pengguna dengan tepat berdasarkan fakta UTHM.,Di mana jadual rasmi final exam?,"PPA memaparkan maklumat peperiksaan akhir termasuk notis peperiksaan, draf jadual, jadual rasmi mengikut kod kursus dan tarikh, pindaan jadual, jadual pengawas serta kedudukan nombor meja dewan peperiksaan.",ppa_final_exam_schedule,bm
Anda adalah Pembantu AI Akademik Rasmi UTHM. Jawab soalan pengguna dengan tepat berdasarkan fakta UTHM.,Di mana jadual rasmi final exam?,"PPA publishes final examination information including final exam notices, drafts, official timetables by course code and date, amendments, invigilator schedules, and exam hall seating information.",ppa_final_exam_schedule,en
Anda adalah Pembantu AI Akademik Rasmi UTHM. Jawab soalan pengguna dengan tepat berdasarkan fakta UTHM.,Jadual peperiksaan mengikut kod kursus?,"PPA memaparkan maklumat peperiksaan akhir termasuk notis peperiksaan, draf jadual, jadual rasmi mengikut kod kursus dan tarikh, pindaan jadual, jadual pengawas serta kedudukan nombor meja dewan peperiksaan.",ppa_final_exam_schedule,bm
Anda adalah Pembantu AI Akademik Rasmi UTHM. Jawab soalan pengguna dengan tepat berdasarkan fakta UTHM.,Jadual peperiksaan mengikut kod kursus?,"PPA publishes final examination information including final exam notices, drafts, official timetables by course code and date, amendments, invigilator schedules, and exam hall seating information.",ppa_final_exam_schedule,en
Anda adalah Pembantu AI Akademik Rasmi UTHM. Jawab soalan pengguna dengan tepat berdasarkan fakta UTHM.,Where is the official final exam timetable?,"PPA memaparkan maklumat peperiksaan akhir termasuk notis peperiksaan, draf jadual, jadual rasmi mengikut kod kursus dan tarikh, pindaan jadual, jadual pengawas serta kedudukan nombor meja dewan peperiksaan.",ppa_final_exam_schedule,bm
Anda adalah Pembantu AI Akademik Rasmi UTHM. Jawab soalan pengguna dengan tepat berdasarkan fakta UTHM.,Where is the official final exam timetable?,"PPA publishes final examination information including final exam notices, drafts, official timetables by course code and date, amendments, invigilator schedules, and exam hall seating information.",ppa_final_exam_schedule,en
Anda adalah Pembantu AI Akademik Rasmi UTHM. Jawab soalan pengguna dengan tepat berdasarkan fakta UTHM.,Final exam timetable by course code?,"PPA memaparkan maklumat peperiksaan akhir termasuk notis peperiksaan, draf jadual, jadual rasmi mengikut kod kursus dan tarikh, pindaan jadual, jadual pengawas serta kedudukan nombor meja dewan peperiksaan.",ppa_final_exam_schedule,bm
Anda adalah Pembantu AI Akademik Rasmi UTHM. Jawab soalan pengguna dengan tepat berdasarkan fakta UTHM.,Final exam timetable by course code?,"PPA publishes final examination information including final exam notices, drafts, official timetables by course code and date, amendments, invigilator schedules, and exam hall seating information.",ppa_final_exam_schedule,en
Anda adalah Pembantu AI Akademik Rasmi UTHM. Jawab soalan pengguna dengan tepat berdasarkan fakta UTHM.,Final exam timetable by date?,"PPA memaparkan maklumat peperiksaan akhir termasuk notis peperiksaan, draf jadual, jadual rasmi mengikut kod kursus dan tarikh, pindaan jadual, jadual pengawas serta kedudukan nombor meja dewan peperiksaan.",ppa_final_exam_schedule,bm
Anda adalah Pembantu AI Akademik Rasmi UTHM. Jawab soalan pengguna dengan tepat berdasarkan fakta UTHM.,Final exam timetable by date?,"PPA publishes final examination information including final exam notices, drafts, official timetables by course code and date, amendments, invigilator schedules, and exam hall seating information.",ppa_final_exam_schedule,en
Anda adalah Pembantu AI Akademik Rasmi UTHM. Jawab soalan pengguna dengan tepat berdasarkan fakta UTHM.,Di mana kedudukan nombor meja dewan peperiksaan?,"Maklumat kedudukan nombor meja dewan peperiksaan disenaraikan di halaman Peperiksaan Akhir PPA untuk lokasi seperti DSI, F2, G3, MPH, A9 dan Pusat Konvensyen jika tersedia.",ppa_exam_hall_seating,bm
Anda adalah Pembantu AI Akademik Rasmi UTHM. Jawab soalan pengguna dengan tepat berdasarkan fakta UTHM.,Di mana kedudukan nombor meja dewan peperiksaan?,"Exam hall seating or table number information is listed on the PPA Final Examination page for venues such as DSI, F2, G3, MPH, A9 and the Convention Centre when available.",ppa_exam_hall_seating,en
Anda adalah Pembantu AI Akademik Rasmi UTHM. Jawab soalan pengguna dengan tepat berdasarkan fakta UTHM.,Kedudukan meja exam DSI mana?,"Maklumat kedudukan nombor meja dewan peperiksaan disenaraikan di halaman Peperiksaan Akhir PPA untuk lokasi seperti DSI, F2, G3, MPH, A9 dan Pusat Konvensyen jika tersedia.",ppa_exam_hall_seating,bm
Anda adalah Pembantu AI Akademik Rasmi UTHM. Jawab soalan pengguna dengan tepat berdasarkan fakta UTHM.,Kedudukan meja exam DSI mana?,"Exam hall seating or table number information is listed on the PPA Final Examination page for venues such as DSI, F2, G3, MPH, A9 and the Convention Centre when available.",ppa_exam_hall_seating,en
Anda adalah Pembantu AI Akademik Rasmi UTHM. Jawab soalan pengguna dengan tepat berdasarkan fakta UTHM.,Exam hall seating number where?,"Maklumat kedudukan nombor meja dewan peperiksaan disenaraikan di halaman Peperiksaan Akhir PPA untuk lokasi seperti DSI, F2, G3, MPH, A9 dan Pusat Konvensyen jika tersedia.",ppa_exam_hall_seating,bm
Anda adalah Pembantu AI Akademik Rasmi UTHM. Jawab soalan pengguna dengan tepat berdasarkan fakta UTHM.,Exam hall seating number where?,"Exam hall seating or table number information is listed on the PPA Final Examination page for venues such as DSI, F2, G3, MPH, A9 and the Convention Centre when available.",ppa_exam_hall_seating,en
Anda adalah Pembantu AI Akademik Rasmi UTHM. Jawab soalan pengguna dengan tepat berdasarkan fakta UTHM.,Where can I check exam hall table number?,"Maklumat kedudukan nombor meja dewan peperiksaan disenaraikan di halaman Peperiksaan Akhir PPA untuk lokasi seperti DSI, F2, G3, MPH, A9 dan Pusat Konvensyen jika tersedia.",ppa_exam_hall_seating,bm
Anda adalah Pembantu AI Akademik Rasmi UTHM. Jawab soalan pengguna dengan tepat berdasarkan fakta UTHM.,Where can I check exam hall table number?,"Exam hall seating or table number information is listed on the PPA Final Examination page for venues such as DSI, F2, G3, MPH, A9 and the Convention Centre when available.",ppa_exam_hall_seating,en
Anda adalah Pembantu AI Akademik Rasmi UTHM. Jawab soalan pengguna dengan tepat berdasarkan fakta UTHM.,nombor meja peperiksaan F2,"Maklumat kedudukan nombor meja dewan peperiksaan disenaraikan di halaman Peperiksaan Akhir PPA untuk lokasi seperti DSI, F2, G3, MPH, A9 dan Pusat Konvensyen jika tersedia.",ppa_exam_hall_seating,bm
Anda adalah Pembantu AI Akademik Rasmi UTHM. Jawab soalan pengguna dengan tepat berdasarkan fakta UTHM.,nombor meja peperiksaan F2,"Exam hall seating or table number information is listed on the PPA Final Examination page for venues such as DSI, F2, G3, MPH, A9 and the Convention Centre when available.",ppa_exam_hall_seating,en
Anda adalah Pembantu AI Akademik Rasmi UTHM. Jawab soalan pengguna dengan tepat berdasarkan fakta UTHM.,exam seating arrangement UTHM,"Maklumat kedudukan nombor meja dewan peperiksaan disenaraikan di halaman Peperiksaan Akhir PPA untuk lokasi seperti DSI, F2, G3, MPH, A9 dan Pusat Konvensyen jika tersedia.",ppa_exam_hall_seating,bm
Anda adalah Pembantu AI Akademik Rasmi UTHM. Jawab soalan pengguna dengan tepat berdasarkan fakta UTHM.,exam seating arrangement UTHM,"Exam hall seating or table number information is listed on the PPA Final Examination page for venues such as DSI, F2, G3, MPH, A9 and the Convention Centre when available.",ppa_exam_hall_seating,en
Anda adalah Pembantu AI Akademik Rasmi UTHM. Jawab soalan pengguna dengan tepat berdasarkan fakta UTHM.,Di mana boleh semak kalendar MUET?,"PPA menyediakan maklumat MUET seperti kalendar MUET terkini, hebahan keputusan, slip pendaftaran, lokasi peperiksaan serta semakan kod pusat dan bayaran yuran MUET bagi pusat UTHM.",ppa_muet_info,bm
Anda adalah Pembantu AI Akademik Rasmi UTHM. Jawab soalan pengguna dengan tepat berdasarkan fakta UTHM.,Di mana boleh semak kalendar MUET?,"PPA provides MUET information such as the latest MUET calendar, results announcements, registration slip notices, examination venue notices, and UTHM centre code/payment information.",ppa_muet_info,en
Anda adalah Pembantu AI Akademik Rasmi UTHM. Jawab soalan pengguna dengan tepat berdasarkan fakta UTHM.,Kalendar MUET 2026 mana?,"PPA menyediakan maklumat MUET seperti kalendar MUET terkini, hebahan keputusan, slip pendaftaran, lokasi peperiksaan serta semakan kod pusat dan bayaran yuran MUET bagi pusat UTHM.",ppa_muet_info,bm
Anda adalah Pembantu AI Akademik Rasmi UTHM. Jawab soalan pengguna dengan tepat berdasarkan fakta UTHM.,Kalendar MUET 2026 mana?,"PPA provides MUET information such as the latest MUET calendar, results announcements, registration slip notices, examination venue notices, and UTHM centre code/payment information.",ppa_muet_info,en
Anda adalah Pembantu AI Akademik Rasmi UTHM. Jawab soalan pengguna dengan tepat berdasarkan fakta UTHM.,Semakan kod pusat MUET UTHM?,"PPA menyediakan maklumat MUET seperti kalendar MUET terkini, hebahan keputusan, slip pendaftaran, lokasi peperiksaan serta semakan kod pusat dan bayaran yuran MUET bagi pusat UTHM.",ppa_muet_info,bm
Anda adalah Pembantu AI Akademik Rasmi UTHM. Jawab soalan pengguna dengan tepat berdasarkan fakta UTHM.,Semakan kod pusat MUET UTHM?,"PPA provides MUET information such as the latest MUET calendar, results announcements, registration slip notices, examination venue notices, and UTHM centre code/payment information.",ppa_muet_info,en
Anda adalah Pembantu AI Akademik Rasmi UTHM. Jawab soalan pengguna dengan tepat berdasarkan fakta UTHM.,Where can I check MUET calendar?,"PPA menyediakan maklumat MUET seperti kalendar MUET terkini, hebahan keputusan, slip pendaftaran, lokasi peperiksaan serta semakan kod pusat dan bayaran yuran MUET bagi pusat UTHM.",ppa_muet_info,bm
Anda adalah Pembantu AI Akademik Rasmi UTHM. Jawab soalan pengguna dengan tepat berdasarkan fakta UTHM.,Where can I check MUET calendar?,"PPA provides MUET information such as the latest MUET calendar, results announcements, registration slip notices, examination venue notices, and UTHM centre code/payment information.",ppa_muet_info,en
Anda adalah Pembantu AI Akademik Rasmi UTHM. Jawab soalan pengguna dengan tepat berdasarkan fakta UTHM.,MUET registration slip where?,"PPA menyediakan maklumat MUET seperti kalendar MUET terkini, hebahan keputusan, slip pendaftaran, lokasi peperiksaan serta semakan kod pusat dan bayaran yuran MUET bagi pusat UTHM.",ppa_muet_info,bm
Anda adalah Pembantu AI Akademik Rasmi UTHM. Jawab soalan pengguna dengan tepat berdasarkan fakta UTHM.,MUET registration slip where?,"PPA provides MUET information such as the latest MUET calendar, results announcements, registration slip notices, examination venue notices, and UTHM centre code/payment information.",ppa_muet_info,en
Anda adalah Pembantu AI Akademik Rasmi UTHM. Jawab soalan pengguna dengan tepat berdasarkan fakta UTHM.,MUET centre code and fee UTHM?,"PPA menyediakan maklumat MUET seperti kalendar MUET terkini, hebahan keputusan, slip pendaftaran, lokasi peperiksaan serta semakan kod pusat dan bayaran yuran MUET bagi pusat UTHM.",ppa_muet_info,bm
Anda adalah Pembantu AI Akademik Rasmi UTHM. Jawab soalan pengguna dengan tepat berdasarkan fakta UTHM.,MUET centre code and fee UTHM?,"PPA provides MUET information such as the latest MUET calendar, results announcements, registration slip notices, examination venue notices, and UTHM centre code/payment information.",ppa_muet_info,en
Anda adalah Pembantu AI Akademik Rasmi UTHM. Jawab soalan pengguna dengan tepat berdasarkan fakta UTHM.,Di mana senarai graduan UTHM?,Halaman Senarai Graduan UTHM PPA menyediakan senarai graduan program Sarjana Muda dan Diploma mengikut tarikh Senat bersidang.,ppa_graduate_list,bm
Anda adalah Pembantu AI Akademik Rasmi UTHM. Jawab soalan pengguna dengan tepat berdasarkan fakta UTHM.,Di mana senarai graduan UTHM?,The PPA graduate list page provides lists of Bachelor and Diploma graduates according to Senate session dates.,ppa_graduate_list,en
Anda adalah Pembantu AI Akademik Rasmi UTHM. Jawab soalan pengguna dengan tepat berdasarkan fakta UTHM.,Senarai graduan ikut tarikh senat mana?,Halaman Senarai Graduan UTHM PPA menyediakan senarai graduan program Sarjana Muda dan Diploma mengikut tarikh Senat bersidang.,ppa_graduate_list,bm
Anda adalah Pembantu AI Akademik Rasmi UTHM. Jawab soalan pengguna dengan tepat berdasarkan fakta UTHM.,Senarai graduan ikut tarikh senat mana?,The PPA graduate list page provides lists of Bachelor and Diploma graduates according to Senate session dates.,ppa_graduate_list,en
Anda adalah Pembantu AI Akademik Rasmi UTHM. Jawab soalan pengguna dengan tepat berdasarkan fakta UTHM.,Where can I check UTHM graduate list?,Halaman Senarai Graduan UTHM PPA menyediakan senarai graduan program Sarjana Muda dan Diploma mengikut tarikh Senat bersidang.,ppa_graduate_list,bm
Anda adalah Pembantu AI Akademik Rasmi UTHM. Jawab soalan pengguna dengan tepat berdasarkan fakta UTHM.,Where can I check UTHM graduate list?,The PPA graduate list page provides lists of Bachelor and Diploma graduates according to Senate session dates.,ppa_graduate_list,en
Anda adalah Pembantu AI Akademik Rasmi UTHM. Jawab soalan pengguna dengan tepat berdasarkan fakta UTHM.,List of UTHM graduates by senate date?,Halaman Senarai Graduan UTHM PPA menyediakan senarai graduan program Sarjana Muda dan Diploma mengikut tarikh Senat bersidang.,ppa_graduate_list,bm
Anda adalah Pembantu AI Akademik Rasmi UTHM. Jawab soalan pengguna dengan tepat berdasarkan fakta UTHM.,List of UTHM graduates by senate date?,The PPA graduate list page provides lists of Bachelor and Diploma graduates according to Senate session dates.,ppa_graduate_list,en
Anda adalah Pembantu AI Akademik Rasmi UTHM. Jawab soalan pengguna dengan tepat berdasarkan fakta UTHM.,semak nama graduan UTHM,Halaman Senarai Graduan UTHM PPA menyediakan senarai graduan program Sarjana Muda dan Diploma mengikut tarikh Senat bersidang.,ppa_graduate_list,bm
Anda adalah Pembantu AI Akademik Rasmi UTHM. Jawab soalan pengguna dengan tepat berdasarkan fakta UTHM.,semak nama graduan UTHM,The PPA graduate list page provides lists of Bachelor and Diploma graduates according to Senate session dates.,ppa_graduate_list,en
Anda adalah Pembantu AI Akademik Rasmi UTHM. Jawab soalan pengguna dengan tepat berdasarkan fakta UTHM.,graduate list UTHM where?,Halaman Senarai Graduan UTHM PPA menyediakan senarai graduan program Sarjana Muda dan Diploma mengikut tarikh Senat bersidang.,ppa_graduate_list,bm
Anda adalah Pembantu AI Akademik Rasmi UTHM. Jawab soalan pengguna dengan tepat berdasarkan fakta UTHM.,graduate list UTHM where?,The PPA graduate list page provides lists of Bachelor and Diploma graduates according to Senate session dates.,ppa_graduate_list,en
Anda adalah Pembantu AI Akademik Rasmi UTHM. Jawab soalan pengguna dengan tepat berdasarkan fakta UTHM.,Bagaimana pengesahan dokumen untuk pengecualian PTPTN?,"Untuk pengecualian bayaran balik PTPTN, PPA hanya membuat pengesahan dokumen hardcopy: satu salinan Sijil Akademik (Skrol), satu salinan Transkrip Akademik dan satu salinan Surat Pengesahan Penganugerahan. Graduan perlu sertakan sampul Poslaju A4 beralamat sendiri untuk pengeposan semula.",ppa_ptptn_exemption,bm
Anda adalah Pembantu AI Akademik Rasmi UTHM. Jawab soalan pengguna dengan tepat berdasarkan fakta UTHM.,Bagaimana pengesahan dokumen untuk pengecualian PTPTN?,"For PTPTN repayment exemption, PPA verifies hardcopy documents only: one copy of the academic scroll, one copy of the academic transcript, and one copy of the conferment confirmation letter. Graduates must include a self-addressed A4 Poslaju envelope for return postage.",ppa_ptptn_exemption,en
Anda adalah Pembantu AI Akademik Rasmi UTHM. Jawab soalan pengguna dengan tepat berdasarkan fakta UTHM.,Pengecualian PTPTN perlu dokumen apa?,"Untuk pengecualian bayaran balik PTPTN, PPA hanya membuat pengesahan dokumen hardcopy: satu salinan Sijil Akademik (Skrol), satu salinan Transkrip Akademik dan satu salinan Surat Pengesahan Penganugerahan. Graduan perlu sertakan sampul Poslaju A4 beralamat sendiri untuk pengeposan semula.",ppa_ptptn_exemption,bm
Anda adalah Pembantu AI Akademik Rasmi UTHM. Jawab soalan pengguna dengan tepat berdasarkan fakta UTHM.,Pengecualian PTPTN perlu dokumen apa?,"For PTPTN repayment exemption, PPA verifies hardcopy documents only: one copy of the academic scroll, one copy of the academic transcript, and one copy of the conferment confirmation letter. Graduates must include a self-addressed A4 Poslaju envelope for return postage.",ppa_ptptn_exemption,en
Anda adalah Pembantu AI Akademik Rasmi UTHM. Jawab soalan pengguna dengan tepat berdasarkan fakta UTHM.,PPA sahkan sijil untuk PTPTN?,"Untuk pengecualian bayaran balik PTPTN, PPA hanya membuat pengesahan dokumen hardcopy: satu salinan Sijil Akademik (Skrol), satu salinan Transkrip Akademik dan satu salinan Surat Pengesahan Penganugerahan. Graduan perlu sertakan sampul Poslaju A4 beralamat sendiri untuk pengeposan semula.",ppa_ptptn_exemption,bm
Anda adalah Pembantu AI Akademik Rasmi UTHM. Jawab soalan pengguna dengan tepat berdasarkan fakta UTHM.,PPA sahkan sijil untuk PTPTN?,"For PTPTN repayment exemption, PPA verifies hardcopy documents only: one copy of the academic scroll, one copy of the academic transcript, and one copy of the conferment confirmation letter. Graduates must include a self-addressed A4 Poslaju envelope for return postage.",ppa_ptptn_exemption,en
Anda adalah Pembantu AI Akademik Rasmi UTHM. Jawab soalan pengguna dengan tepat berdasarkan fakta UTHM.,How to verify documents for PTPTN exemption?,"Untuk pengecualian bayaran balik PTPTN, PPA hanya membuat pengesahan dokumen hardcopy: satu salinan Sijil Akademik (Skrol), satu salinan Transkrip Akademik dan satu salinan Surat Pengesahan Penganugerahan. Graduan perlu sertakan sampul Poslaju A4 beralamat sendiri untuk pengeposan semula.",ppa_ptptn_exemption,bm
Anda adalah Pembantu AI Akademik Rasmi UTHM. Jawab soalan pengguna dengan tepat berdasarkan fakta UTHM.,How to verify documents for PTPTN exemption?,"For PTPTN repayment exemption, PPA verifies hardcopy documents only: one copy of the academic scroll, one copy of the academic transcript, and one copy of the conferment confirmation letter. Graduates must include a self-addressed A4 Poslaju envelope for return postage.",ppa_ptptn_exemption,en
Anda adalah Pembantu AI Akademik Rasmi UTHM. Jawab soalan pengguna dengan tepat berdasarkan fakta UTHM.,What documents are needed for PTPTN repayment exemption?,"Untuk pengecualian bayaran balik PTPTN, PPA hanya membuat pengesahan dokumen hardcopy: satu salinan Sijil Akademik (Skrol), satu salinan Transkrip Akademik dan satu salinan Surat Pengesahan Penganugerahan. Graduan perlu sertakan sampul Poslaju A4 beralamat sendiri untuk pengeposan semula.",ppa_ptptn_exemption,bm
Anda adalah Pembantu AI Akademik Rasmi UTHM. Jawab soalan pengguna dengan tepat berdasarkan fakta UTHM.,What documents are needed for PTPTN repayment exemption?,"For PTPTN repayment exemption, PPA verifies hardcopy documents only: one copy of the academic scroll, one copy of the academic transcript, and one copy of the conferment confirmation letter. Graduates must include a self-addressed A4 Poslaju envelope for return postage.",ppa_ptptn_exemption,en
Anda adalah Pembantu AI Akademik Rasmi UTHM. Jawab soalan pengguna dengan tepat berdasarkan fakta UTHM.,PTPTN exemption certificate transcript verification?,"Untuk pengecualian bayaran balik PTPTN, PPA hanya membuat pengesahan dokumen hardcopy: satu salinan Sijil Akademik (Skrol), satu salinan Transkrip Akademik dan satu salinan Surat Pengesahan Penganugerahan. Graduan perlu sertakan sampul Poslaju A4 beralamat sendiri untuk pengeposan semula.",ppa_ptptn_exemption,bm
Anda adalah Pembantu AI Akademik Rasmi UTHM. Jawab soalan pengguna dengan tepat berdasarkan fakta UTHM.,PTPTN exemption certificate transcript verification?,"For PTPTN repayment exemption, PPA verifies hardcopy documents only: one copy of the academic scroll, one copy of the academic transcript, and one copy of the conferment confirmation letter. Graduates must include a self-addressed A4 Poslaju envelope for return postage.",ppa_ptptn_exemption,en
Anda adalah Pembantu AI Akademik Rasmi UTHM. Jawab soalan pengguna dengan tepat berdasarkan fakta UTHM.,Kalendar akademik sesi 2026 2027 ada?,"Halaman Kalendar Akademik PPA menyediakan Kalendar Akademik Sesi 2026/2027 untuk program Diploma dan Sarjana Muda dalam Bahasa Melayu dan English, arkib kalendar akademik serta takwim mesyuarat Senat, JPA dan akademik.",ppa_academic_calendar_current,bm
Anda adalah Pembantu AI Akademik Rasmi UTHM. Jawab soalan pengguna dengan tepat berdasarkan fakta UTHM.,Kalendar akademik sesi 2026 2027 ada?,"The PPA Academic Calendar page provides the 2026/2027 Academic Calendar for Diploma and Bachelor programmes in Malay and English, archived academic calendars, and Senate/JPA/academic meeting calendars.",ppa_academic_calendar_current,en
Anda adalah Pembantu AI Akademik Rasmi UTHM. Jawab soalan pengguna dengan tepat berdasarkan fakta UTHM.,Academic calendar 2026/2027 where?,"Halaman Kalendar Akademik PPA menyediakan Kalendar Akademik Sesi 2026/2027 untuk program Diploma dan Sarjana Muda dalam Bahasa Melayu dan English, arkib kalendar akademik serta takwim mesyuarat Senat, JPA dan akademik.",ppa_academic_calendar_current,bm
Anda adalah Pembantu AI Akademik Rasmi UTHM. Jawab soalan pengguna dengan tepat berdasarkan fakta UTHM.,Academic calendar 2026/2027 where?,"The PPA Academic Calendar page provides the 2026/2027 Academic Calendar for Diploma and Bachelor programmes in Malay and English, archived academic calendars, and Senate/JPA/academic meeting calendars.",ppa_academic_calendar_current,en
Anda adalah Pembantu AI Akademik Rasmi UTHM. Jawab soalan pengguna dengan tepat berdasarkan fakta UTHM.,Kalendar akademik BM dan English?,"Halaman Kalendar Akademik PPA menyediakan Kalendar Akademik Sesi 2026/2027 untuk program Diploma dan Sarjana Muda dalam Bahasa Melayu dan English, arkib kalendar akademik serta takwim mesyuarat Senat, JPA dan akademik.",ppa_academic_calendar_current,bm
Anda adalah Pembantu AI Akademik Rasmi UTHM. Jawab soalan pengguna dengan tepat berdasarkan fakta UTHM.,Kalendar akademik BM dan English?,"The PPA Academic Calendar page provides the 2026/2027 Academic Calendar for Diploma and Bachelor programmes in Malay and English, archived academic calendars, and Senate/JPA/academic meeting calendars.",ppa_academic_calendar_current,en
Anda adalah Pembantu AI Akademik Rasmi UTHM. Jawab soalan pengguna dengan tepat berdasarkan fakta UTHM.,Where is UTHM academic calendar 2026/2027?,"Halaman Kalendar Akademik PPA menyediakan Kalendar Akademik Sesi 2026/2027 untuk program Diploma dan Sarjana Muda dalam Bahasa Melayu dan English, arkib kalendar akademik serta takwim mesyuarat Senat, JPA dan akademik.",ppa_academic_calendar_current,bm
Anda adalah Pembantu AI Akademik Rasmi UTHM. Jawab soalan pengguna dengan tepat berdasarkan fakta UTHM.,Where is UTHM academic calendar 2026/2027?,"The PPA Academic Calendar page provides the 2026/2027 Academic Calendar for Diploma and Bachelor programmes in Malay and English, archived academic calendars, and Senate/JPA/academic meeting calendars.",ppa_academic_calendar_current,en
Anda adalah Pembantu AI Akademik Rasmi UTHM. Jawab soalan pengguna dengan tepat berdasarkan fakta UTHM.,takwim mesyuarat senat 2026 mana?,"Halaman Kalendar Akademik PPA menyediakan Kalendar Akademik Sesi 2026/2027 untuk program Diploma dan Sarjana Muda dalam Bahasa Melayu dan English, arkib kalendar akademik serta takwim mesyuarat Senat, JPA dan akademik.",ppa_academic_calendar_current,bm
Anda adalah Pembantu AI Akademik Rasmi UTHM. Jawab soalan pengguna dengan tepat berdasarkan fakta UTHM.,takwim mesyuarat senat 2026 mana?,"The PPA Academic Calendar page provides the 2026/2027 Academic Calendar for Diploma and Bachelor programmes in Malay and English, archived academic calendars, and Senate/JPA/academic meeting calendars.",ppa_academic_calendar_current,en
Anda adalah Pembantu AI Akademik Rasmi UTHM. Jawab soalan pengguna dengan tepat berdasarkan fakta UTHM.,takwim akademik PPA mana?,"Halaman Kalendar Akademik PPA menyediakan Kalendar Akademik Sesi 2026/2027 untuk program Diploma dan Sarjana Muda dalam Bahasa Melayu dan English, arkib kalendar akademik serta takwim mesyuarat Senat, JPA dan akademik.",ppa_academic_calendar_current,bm
Anda adalah Pembantu AI Akademik Rasmi UTHM. Jawab soalan pengguna dengan tepat berdasarkan fakta UTHM.,takwim akademik PPA mana?,"The PPA Academic Calendar page provides the 2026/2027 Academic Calendar for Diploma and Bachelor programmes in Malay and English, archived academic calendars, and Senate/JPA/academic meeting calendars.",ppa_academic_calendar_current,en
Anda adalah Pembantu AI Akademik Rasmi UTHM. Jawab soalan pengguna dengan tepat berdasarkan fakta UTHM.,Peraturan akademik edisi ke 8 mana?,PPA memaklumkan bahawa UTHM menggunakan Peraturan Akademik Program Sarjana Muda dan Diploma Edisi Ke-8 serta Garis Panduan Pindah Kredit UTHM mulai Semester I Sesi 2021/2022. Halaman tersebut menyediakan pautan PDF dan flipbook.,ppa_academic_regulations_8th,bm
Anda adalah Pembantu AI Akademik Rasmi UTHM. Jawab soalan pengguna dengan tepat berdasarkan fakta UTHM.,Peraturan akademik edisi ke 8 mana?,"PPA states that UTHM uses Academic Regulations for Bachelor Degree and Diploma Programmes, 8th Edition, and the UTHM Credit Transfer Guidelines from Semester I Session 2021/2022. The page provides PDF and flipbook links.",ppa_academic_regulations_8th,en
Anda adalah Pembantu AI Akademik Rasmi UTHM. Jawab soalan pengguna dengan tepat berdasarkan fakta UTHM.,Academic Regulations 8th Edition PDF?,PPA memaklumkan bahawa UTHM menggunakan Peraturan Akademik Program Sarjana Muda dan Diploma Edisi Ke-8 serta Garis Panduan Pindah Kredit UTHM mulai Semester I Sesi 2021/2022. Halaman tersebut menyediakan pautan PDF dan flipbook.,ppa_academic_regulations_8th,bm
Anda adalah Pembantu AI Akademik Rasmi UTHM. Jawab soalan pengguna dengan tepat berdasarkan fakta UTHM.,Academic Regulations 8th Edition PDF?,"PPA states that UTHM uses Academic Regulations for Bachelor Degree and Diploma Programmes, 8th Edition, and the UTHM Credit Transfer Guidelines from Semester I Session 2021/2022. The page provides PDF and flipbook links.",ppa_academic_regulations_8th,en
Anda adalah Pembantu AI Akademik Rasmi UTHM. Jawab soalan pengguna dengan tepat berdasarkan fakta UTHM.,Garis panduan pindah kredit mana?,PPA memaklumkan bahawa UTHM menggunakan Peraturan Akademik Program Sarjana Muda dan Diploma Edisi Ke-8 serta Garis Panduan Pindah Kredit UTHM mulai Semester I Sesi 2021/2022. Halaman tersebut menyediakan pautan PDF dan flipbook.,ppa_academic_regulations_8th,bm
Anda adalah Pembantu AI Akademik Rasmi UTHM. Jawab soalan pengguna dengan tepat berdasarkan fakta UTHM.,Garis panduan pindah kredit mana?,"PPA states that UTHM uses Academic Regulations for Bachelor Degree and Diploma Programmes, 8th Edition, and the UTHM Credit Transfer Guidelines from Semester I Session 2021/2022. The page provides PDF and flipbook links.",ppa_academic_regulations_8th,en
Anda adalah Pembantu AI Akademik Rasmi UTHM. Jawab soalan pengguna dengan tepat berdasarkan fakta UTHM.,Where is Academic Regulations 8th Edition?,PPA memaklumkan bahawa UTHM menggunakan Peraturan Akademik Program Sarjana Muda dan Diploma Edisi Ke-8 serta Garis Panduan Pindah Kredit UTHM mulai Semester I Sesi 2021/2022. Halaman tersebut menyediakan pautan PDF dan flipbook.,ppa_academic_regulations_8th,bm
Anda adalah Pembantu AI Akademik Rasmi UTHM. Jawab soalan pengguna dengan tepat berdasarkan fakta UTHM.,Where is Academic Regulations 8th Edition?,"PPA states that UTHM uses Academic Regulations for Bachelor Degree and Diploma Programmes, 8th Edition, and the UTHM Credit Transfer Guidelines from Semester I Session 2021/2022. The page provides PDF and flipbook links.",ppa_academic_regulations_8th,en
Anda adalah Pembantu AI Akademik Rasmi UTHM. Jawab soalan pengguna dengan tepat berdasarkan fakta UTHM.,Credit transfer guideline UTHM?,PPA memaklumkan bahawa UTHM menggunakan Peraturan Akademik Program Sarjana Muda dan Diploma Edisi Ke-8 serta Garis Panduan Pindah Kredit UTHM mulai Semester I Sesi 2021/2022. Halaman tersebut menyediakan pautan PDF dan flipbook.,ppa_academic_regulations_8th,bm
Anda adalah Pembantu AI Akademik Rasmi UTHM. Jawab soalan pengguna dengan tepat berdasarkan fakta UTHM.,Credit transfer guideline UTHM?,"PPA states that UTHM uses Academic Regulations for Bachelor Degree and Diploma Programmes, 8th Edition, and the UTHM Credit Transfer Guidelines from Semester I Session 2021/2022. The page provides PDF and flipbook links.",ppa_academic_regulations_8th,en
Anda adalah Pembantu AI Akademik Rasmi UTHM. Jawab soalan pengguna dengan tepat berdasarkan fakta UTHM.,peraturan akademik bachelor diploma UTHM,PPA memaklumkan bahawa UTHM menggunakan Peraturan Akademik Program Sarjana Muda dan Diploma Edisi Ke-8 serta Garis Panduan Pindah Kredit UTHM mulai Semester I Sesi 2021/2022. Halaman tersebut menyediakan pautan PDF dan flipbook.,ppa_academic_regulations_8th,bm
Anda adalah Pembantu AI Akademik Rasmi UTHM. Jawab soalan pengguna dengan tepat berdasarkan fakta UTHM.,peraturan akademik bachelor diploma UTHM,"PPA states that UTHM uses Academic Regulations for Bachelor Degree and Diploma Programmes, 8th Edition, and the UTHM Credit Transfer Guidelines from Semester I Session 2021/2022. The page provides PDF and flipbook links.",ppa_academic_regulations_8th,en
Anda adalah Pembantu AI Akademik Rasmi UTHM. Jawab soalan pengguna dengan tepat berdasarkan fakta UTHM.,Senarai ruang kuliah gunasama mana?,"Halaman Ruang Kuliah Gunasama PPA menyediakan senarai ruang guna sama Kampus Induk dan Kampus Pagoh, senarai ruang makmal pengajaran dan pembelajaran Kampus Pagoh serta pelan lokasi ruang kuliah.",ppa_shared_lecture_room,bm
Anda adalah Pembantu AI Akademik Rasmi UTHM. Jawab soalan pengguna dengan tepat berdasarkan fakta UTHM.,Senarai ruang kuliah gunasama mana?,"The PPA Shared Lecture Room page provides lists of shared rooms for the main campus and Pagoh campus, teaching and learning laboratory rooms at Pagoh, and lecture room location plans.",ppa_shared_lecture_room,en
Anda adalah Pembantu AI Akademik Rasmi UTHM. Jawab soalan pengguna dengan tepat berdasarkan fakta UTHM.,Ruang guna sama kampus induk?,"Halaman Ruang Kuliah Gunasama PPA menyediakan senarai ruang guna sama Kampus Induk dan Kampus Pagoh, senarai ruang makmal pengajaran dan pembelajaran Kampus Pagoh serta pelan lokasi ruang kuliah.",ppa_shared_lecture_room,bm
Anda adalah Pembantu AI Akademik Rasmi UTHM. Jawab soalan pengguna dengan tepat berdasarkan fakta UTHM.,Ruang guna sama kampus induk?,"The PPA Shared Lecture Room page provides lists of shared rooms for the main campus and Pagoh campus, teaching and learning laboratory rooms at Pagoh, and lecture room location plans.",ppa_shared_lecture_room,en
Anda adalah Pembantu AI Akademik Rasmi UTHM. Jawab soalan pengguna dengan tepat berdasarkan fakta UTHM.,Ruang guna sama kampus Pagoh?,"Halaman Ruang Kuliah Gunasama PPA menyediakan senarai ruang guna sama Kampus Induk dan Kampus Pagoh, senarai ruang makmal pengajaran dan pembelajaran Kampus Pagoh serta pelan lokasi ruang kuliah.",ppa_shared_lecture_room,bm
Anda adalah Pembantu AI Akademik Rasmi UTHM. Jawab soalan pengguna dengan tepat berdasarkan fakta UTHM.,Ruang guna sama kampus Pagoh?,"The PPA Shared Lecture Room page provides lists of shared rooms for the main campus and Pagoh campus, teaching and learning laboratory rooms at Pagoh, and lecture room location plans.",ppa_shared_lecture_room,en
Anda adalah Pembantu AI Akademik Rasmi UTHM. Jawab soalan pengguna dengan tepat berdasarkan fakta UTHM.,Where can I check shared lecture rooms?,"Halaman Ruang Kuliah Gunasama PPA menyediakan senarai ruang guna sama Kampus Induk dan Kampus Pagoh, senarai ruang makmal pengajaran dan pembelajaran Kampus Pagoh serta pelan lokasi ruang kuliah.",ppa_shared_lecture_room,bm
Anda adalah Pembantu AI Akademik Rasmi UTHM. Jawab soalan pengguna dengan tepat berdasarkan fakta UTHM.,Where can I check shared lecture rooms?,"The PPA Shared Lecture Room page provides lists of shared rooms for the main campus and Pagoh campus, teaching and learning laboratory rooms at Pagoh, and lecture room location plans.",ppa_shared_lecture_room,en
Anda adalah Pembantu AI Akademik Rasmi UTHM. Jawab soalan pengguna dengan tepat berdasarkan fakta UTHM.,Shared lecture room list UTHM?,"Halaman Ruang Kuliah Gunasama PPA menyediakan senarai ruang guna sama Kampus Induk dan Kampus Pagoh, senarai ruang makmal pengajaran dan pembelajaran Kampus Pagoh serta pelan lokasi ruang kuliah.",ppa_shared_lecture_room,bm
Anda adalah Pembantu AI Akademik Rasmi UTHM. Jawab soalan pengguna dengan tepat berdasarkan fakta UTHM.,Shared lecture room list UTHM?,"The PPA Shared Lecture Room page provides lists of shared rooms for the main campus and Pagoh campus, teaching and learning laboratory rooms at Pagoh, and lecture room location plans.",ppa_shared_lecture_room,en
Anda adalah Pembantu AI Akademik Rasmi UTHM. Jawab soalan pengguna dengan tepat berdasarkan fakta UTHM.,pelan lokasi ruang kuliah mana?,"Halaman Ruang Kuliah Gunasama PPA menyediakan senarai ruang guna sama Kampus Induk dan Kampus Pagoh, senarai ruang makmal pengajaran dan pembelajaran Kampus Pagoh serta pelan lokasi ruang kuliah.",ppa_shared_lecture_room,bm
Anda adalah Pembantu AI Akademik Rasmi UTHM. Jawab soalan pengguna dengan tepat berdasarkan fakta UTHM.,pelan lokasi ruang kuliah mana?,"The PPA Shared Lecture Room page provides lists of shared rooms for the main campus and Pagoh campus, teaching and learning laboratory rooms at Pagoh, and lecture room location plans.",ppa_shared_lecture_room,en
Anda adalah Pembantu AI Akademik Rasmi UTHM. Jawab soalan pengguna dengan tepat berdasarkan fakta UTHM.,Senarai keahlian Senat UTHM mana?,Senarai Keahlian Senat UTHM boleh dirujuk melalui halaman Senarai Keahlian Senat PPA.,ppa_senate_membership,bm
Anda adalah Pembantu AI Akademik Rasmi UTHM. Jawab soalan pengguna dengan tepat berdasarkan fakta UTHM.,Senarai keahlian Senat UTHM mana?,The UTHM Senate membership list can be referred to through the PPA Senate Membership List page.,ppa_senate_membership,en
Anda adalah Pembantu AI Akademik Rasmi UTHM. Jawab soalan pengguna dengan tepat berdasarkan fakta UTHM.,Siapa ahli Senat UTHM?,Senarai Keahlian Senat UTHM boleh dirujuk melalui halaman Senarai Keahlian Senat PPA.,ppa_senate_membership,bm
Anda adalah Pembantu AI Akademik Rasmi UTHM. Jawab soalan pengguna dengan tepat berdasarkan fakta UTHM.,Siapa ahli Senat UTHM?,The UTHM Senate membership list can be referred to through the PPA Senate Membership List page.,ppa_senate_membership,en
Anda adalah Pembantu AI Akademik Rasmi UTHM. Jawab soalan pengguna dengan tepat berdasarkan fakta UTHM.,Where is UTHM Senate membership list?,Senarai Keahlian Senat UTHM boleh dirujuk melalui halaman Senarai Keahlian Senat PPA.,ppa_senate_membership,bm
Anda adalah Pembantu AI Akademik Rasmi UTHM. Jawab soalan pengguna dengan tepat berdasarkan fakta UTHM.,Where is UTHM Senate membership list?,The UTHM Senate membership list can be referred to through the PPA Senate Membership List page.,ppa_senate_membership,en
Anda adalah Pembantu AI Akademik Rasmi UTHM. Jawab soalan pengguna dengan tepat berdasarkan fakta UTHM.,UTHM Senate members list?,Senarai Keahlian Senat UTHM boleh dirujuk melalui halaman Senarai Keahlian Senat PPA.,ppa_senate_membership,bm
Anda adalah Pembantu AI Akademik Rasmi UTHM. Jawab soalan pengguna dengan tepat berdasarkan fakta UTHM.,UTHM Senate members list?,The UTHM Senate membership list can be referred to through the PPA Senate Membership List page.,ppa_senate_membership,en
Anda adalah Pembantu AI Akademik Rasmi UTHM. Jawab soalan pengguna dengan tepat berdasarkan fakta UTHM.,senate membership UTHM,Senarai Keahlian Senat UTHM boleh dirujuk melalui halaman Senarai Keahlian Senat PPA.,ppa_senate_membership,bm
Anda adalah Pembantu AI Akademik Rasmi UTHM. Jawab soalan pengguna dengan tepat berdasarkan fakta UTHM.,senate membership UTHM,The UTHM Senate membership list can be referred to through the PPA Senate Membership List page.,ppa_senate_membership,en
Anda adalah Pembantu AI Akademik Rasmi UTHM. Jawab soalan pengguna dengan tepat berdasarkan fakta UTHM.,senarai ahli senat ppa,Senarai Keahlian Senat UTHM boleh dirujuk melalui halaman Senarai Keahlian Senat PPA.,ppa_senate_membership,bm
Anda adalah Pembantu AI Akademik Rasmi UTHM. Jawab soalan pengguna dengan tepat berdasarkan fakta UTHM.,senarai ahli senat ppa,The UTHM Senate membership list can be referred to through the PPA Senate Membership List page.,ppa_senate_membership,en
Anda adalah Pembantu AI Akademik Rasmi UTHM. Jawab soalan pengguna dengan tepat berdasarkan fakta UTHM.,Senarai program dan syarat kemasukan UTHM mana?,Halaman Senarai Program dan Syarat Kemasukan PPA menyediakan maklumat program Diploma dan Sarjana Muda serta syarat kemasukan untuk pemohon warganegara.,ppa_program_list_requirements,bm
Anda adalah Pembantu AI Akademik Rasmi UTHM. Jawab soalan pengguna dengan tepat berdasarkan fakta UTHM.,Senarai program dan syarat kemasukan UTHM mana?,The PPA Programme List and Admission Requirements page provides information on Diploma and Bachelor programmes and entry requirements for Malaysian applicants.,ppa_program_list_requirements,en
Anda adalah Pembantu AI Akademik Rasmi UTHM. Jawab soalan pengguna dengan tepat berdasarkan fakta UTHM.,Program diploma dan sarjana muda UTHM?,Halaman Senarai Program dan Syarat Kemasukan PPA menyediakan maklumat program Diploma dan Sarjana Muda serta syarat kemasukan untuk pemohon warganegara.,ppa_program_list_requirements,bm
Anda adalah Pembantu AI Akademik Rasmi UTHM. Jawab soalan pengguna dengan tepat berdasarkan fakta UTHM.,Program diploma dan sarjana muda UTHM?,The PPA Programme List and Admission Requirements page provides information on Diploma and Bachelor programmes and entry requirements for Malaysian applicants.,ppa_program_list_requirements,en
Anda adalah Pembantu AI Akademik Rasmi UTHM. Jawab soalan pengguna dengan tepat berdasarkan fakta UTHM.,Where is UTHM programme list and admission requirements?,Halaman Senarai Program dan Syarat Kemasukan PPA menyediakan maklumat program Diploma dan Sarjana Muda serta syarat kemasukan untuk pemohon warganegara.,ppa_program_list_requirements,bm
Anda adalah Pembantu AI Akademik Rasmi UTHM. Jawab soalan pengguna dengan tepat berdasarkan fakta UTHM.,Where is UTHM programme list and admission requirements?,The PPA Programme List and Admission Requirements page provides information on Diploma and Bachelor programmes and entry requirements for Malaysian applicants.,ppa_program_list_requirements,en
Anda adalah Pembantu AI Akademik Rasmi UTHM. Jawab soalan pengguna dengan tepat berdasarkan fakta UTHM.,Diploma and bachelor programme list UTHM?,Halaman Senarai Program dan Syarat Kemasukan PPA menyediakan maklumat program Diploma dan Sarjana Muda serta syarat kemasukan untuk pemohon warganegara.,ppa_program_list_requirements,bm
Anda adalah Pembantu AI Akademik Rasmi UTHM. Jawab soalan pengguna dengan tepat berdasarkan fakta UTHM.,Diploma and bachelor programme list UTHM?,The PPA Programme List and Admission Requirements page provides information on Diploma and Bachelor programmes and entry requirements for Malaysian applicants.,ppa_program_list_requirements,en
Anda adalah Pembantu AI Akademik Rasmi UTHM. Jawab soalan pengguna dengan tepat berdasarkan fakta UTHM.,syarat kemasukan warganegara UTHM,Halaman Senarai Program dan Syarat Kemasukan PPA menyediakan maklumat program Diploma dan Sarjana Muda serta syarat kemasukan untuk pemohon warganegara.,ppa_program_list_requirements,bm
Anda adalah Pembantu AI Akademik Rasmi UTHM. Jawab soalan pengguna dengan tepat berdasarkan fakta UTHM.,syarat kemasukan warganegara UTHM,The PPA Programme List and Admission Requirements page provides information on Diploma and Bachelor programmes and entry requirements for Malaysian applicants.,ppa_program_list_requirements,en
Anda adalah Pembantu AI Akademik Rasmi UTHM. Jawab soalan pengguna dengan tepat berdasarkan fakta UTHM.,program list UTHM admission requirements,Halaman Senarai Program dan Syarat Kemasukan PPA menyediakan maklumat program Diploma dan Sarjana Muda serta syarat kemasukan untuk pemohon warganegara.,ppa_program_list_requirements,bm
Anda adalah Pembantu AI Akademik Rasmi UTHM. Jawab soalan pengguna dengan tepat berdasarkan fakta UTHM.,program list UTHM admission requirements,The PPA Programme List and Admission Requirements page provides information on Diploma and Bachelor programmes and entry requirements for Malaysian applicants.,ppa_program_list_requirements,en
Anda adalah Pembantu AI Akademik Rasmi UTHM. Jawab soalan pengguna dengan tepat berdasarkan fakta UTHM.,Syarat kemasukan international UTHM apa?,"Untuk kemasukan sarjana muda antarabangsa, PPA menyenaraikan kelayakan seperti GCE A Level, International Baccalaureate, Diploma atau kelayakan setara yang diiktiraf oleh Malaysia dan diluluskan Senat Universiti. Syarat English termasuk MUET Band 3 ke atas, IELTS 4.5 ke atas, syarat skor TOEFL iBT dan ujian English lain yang diterima.",ppa_international_admission_requirements,bm
Anda adalah Pembantu AI Akademik Rasmi UTHM. Jawab soalan pengguna dengan tepat berdasarkan fakta UTHM.,Syarat kemasukan international UTHM apa?,"For international undergraduate admission, PPA lists recognised qualifications such as GCE A Level, International Baccalaureate, Diploma or equivalent qualifications recognised by Malaysia and approved by the University Senate. English requirements include MUET Band 3 and above, IELTS 4.5 and above, TOEFL iBT score requirements, and other accepted English tests.",ppa_international_admission_requirements,en
Anda adalah Pembantu AI Akademik Rasmi UTHM. Jawab soalan pengguna dengan tepat berdasarkan fakta UTHM.,International admission requirements UTHM?,"Untuk kemasukan sarjana muda antarabangsa, PPA menyenaraikan kelayakan seperti GCE A Level, International Baccalaureate, Diploma atau kelayakan setara yang diiktiraf oleh Malaysia dan diluluskan Senat Universiti. Syarat English termasuk MUET Band 3 ke atas, IELTS 4.5 ke atas, syarat skor TOEFL iBT dan ujian English lain yang diterima.",ppa_international_admission_requirements,bm
Anda adalah Pembantu AI Akademik Rasmi UTHM. Jawab soalan pengguna dengan tepat berdasarkan fakta UTHM.,International admission requirements UTHM?,"For international undergraduate admission, PPA lists recognised qualifications such as GCE A Level, International Baccalaureate, Diploma or equivalent qualifications recognised by Malaysia and approved by the University Senate. English requirements include MUET Band 3 and above, IELTS 4.5 and above, TOEFL iBT score requirements, and other accepted English tests.",ppa_international_admission_requirements,en
Anda adalah Pembantu AI Akademik Rasmi UTHM. Jawab soalan pengguna dengan tepat berdasarkan fakta UTHM.,English requirement international UTHM?,"Untuk kemasukan sarjana muda antarabangsa, PPA menyenaraikan kelayakan seperti GCE A Level, International Baccalaureate, Diploma atau kelayakan setara yang diiktiraf oleh Malaysia dan diluluskan Senat Universiti. Syarat English termasuk MUET Band 3 ke atas, IELTS 4.5 ke atas, syarat skor TOEFL iBT dan ujian English lain yang diterima.",ppa_international_admission_requirements,bm
Anda adalah Pembantu AI Akademik Rasmi UTHM. Jawab soalan pengguna dengan tepat berdasarkan fakta UTHM.,English requirement international UTHM?,"For international undergraduate admission, PPA lists recognised qualifications such as GCE A Level, International Baccalaureate, Diploma or equivalent qualifications recognised by Malaysia and approved by the University Senate. English requirements include MUET Band 3 and above, IELTS 4.5 and above, TOEFL iBT score requirements, and other accepted English tests.",ppa_international_admission_requirements,en
Anda adalah Pembantu AI Akademik Rasmi UTHM. Jawab soalan pengguna dengan tepat berdasarkan fakta UTHM.,MUET IELTS TOEFL requirement UTHM international?,"Untuk kemasukan sarjana muda antarabangsa, PPA menyenaraikan kelayakan seperti GCE A Level, International Baccalaureate, Diploma atau kelayakan setara yang diiktiraf oleh Malaysia dan diluluskan Senat Universiti. Syarat English termasuk MUET Band 3 ke atas, IELTS 4.5 ke atas, syarat skor TOEFL iBT dan ujian English lain yang diterima.",ppa_international_admission_requirements,bm
Anda adalah Pembantu AI Akademik Rasmi UTHM. Jawab soalan pengguna dengan tepat berdasarkan fakta UTHM.,MUET IELTS TOEFL requirement UTHM international?,"For international undergraduate admission, PPA lists recognised qualifications such as GCE A Level, International Baccalaureate, Diploma or equivalent qualifications recognised by Malaysia and approved by the University Senate. English requirements include MUET Band 3 and above, IELTS 4.5 and above, TOEFL iBT score requirements, and other accepted English tests.",ppa_international_admission_requirements,en
Anda adalah Pembantu AI Akademik Rasmi UTHM. Jawab soalan pengguna dengan tepat berdasarkan fakta UTHM.,syarat English pelajar antarabangsa UTHM,"Untuk kemasukan sarjana muda antarabangsa, PPA menyenaraikan kelayakan seperti GCE A Level, International Baccalaureate, Diploma atau kelayakan setara yang diiktiraf oleh Malaysia dan diluluskan Senat Universiti. Syarat English termasuk MUET Band 3 ke atas, IELTS 4.5 ke atas, syarat skor TOEFL iBT dan ujian English lain yang diterima.",ppa_international_admission_requirements,bm
Anda adalah Pembantu AI Akademik Rasmi UTHM. Jawab soalan pengguna dengan tepat berdasarkan fakta UTHM.,syarat English pelajar antarabangsa UTHM,"For international undergraduate admission, PPA lists recognised qualifications such as GCE A Level, International Baccalaureate, Diploma or equivalent qualifications recognised by Malaysia and approved by the University Senate. English requirements include MUET Band 3 and above, IELTS 4.5 and above, TOEFL iBT score requirements, and other accepted English tests.",ppa_international_admission_requirements,en
Anda adalah Pembantu AI Akademik Rasmi UTHM. Jawab soalan pengguna dengan tepat berdasarkan fakta UTHM.,undergraduate admission requirements international UTHM,"Untuk kemasukan sarjana muda antarabangsa, PPA menyenaraikan kelayakan seperti GCE A Level, International Baccalaureate, Diploma atau kelayakan setara yang diiktiraf oleh Malaysia dan diluluskan Senat Universiti. Syarat English termasuk MUET Band 3 ke atas, IELTS 4.5 ke atas, syarat skor TOEFL iBT dan ujian English lain yang diterima.",ppa_international_admission_requirements,bm
Anda adalah Pembantu AI Akademik Rasmi UTHM. Jawab soalan pengguna dengan tepat berdasarkan fakta UTHM.,undergraduate admission requirements international UTHM,"For international undergraduate admission, PPA lists recognised qualifications such as GCE A Level, International Baccalaureate, Diploma or equivalent qualifications recognised by Malaysia and approved by the University Senate. English requirements include MUET Band 3 and above, IELTS 4.5 and above, TOEFL iBT score requirements, and other accepted English tests.",ppa_international_admission_requirements,en
Anda adalah Pembantu AI Akademik Rasmi UTHM. Jawab soalan pengguna dengan tepat berdasarkan fakta UTHM.,Apakah peraturan tarik diri kursus?,"Tarik diri kursus memerlukan persetujuan Penasihat Akademik dan Kerjaya atau Pentadbir Akademik Fakulti, tertakluk kepada syarat jumlah kredit minimum, dan yuran yang telah dibayar tidak dikembalikan. Status TD akan dicatatkan pada Slip Pendaftaran Kursus dan Transkrip Akademik.",ppa_course_withdrawal_rules,bm
Anda adalah Pembantu AI Akademik Rasmi UTHM. Jawab soalan pengguna dengan tepat berdasarkan fakta UTHM.,Apakah peraturan tarik diri kursus?,"Course withdrawal requires the consent of the Academic and Career Advisor or faculty Academic Administrator, is subject to the minimum credit requirement, and paid fees are not refundable. TD status is recorded in the course registration slip and academic transcript.",ppa_course_withdrawal_rules,en
Anda adalah Pembantu AI Akademik Rasmi UTHM. Jawab soalan pengguna dengan tepat berdasarkan fakta UTHM.,Bila boleh tarik diri kursus?,"Tarik diri kursus memerlukan persetujuan Penasihat Akademik dan Kerjaya atau Pentadbir Akademik Fakulti, tertakluk kepada syarat jumlah kredit minimum, dan yuran yang telah dibayar tidak dikembalikan. Status TD akan dicatatkan pada Slip Pendaftaran Kursus dan Transkrip Akademik.",ppa_course_withdrawal_rules,bm
Anda adalah Pembantu AI Akademik Rasmi UTHM. Jawab soalan pengguna dengan tepat berdasarkan fakta UTHM.,Bila boleh tarik diri kursus?,"Course withdrawal requires the consent of the Academic and Career Advisor or faculty Academic Administrator, is subject to the minimum credit requirement, and paid fees are not refundable. TD status is recorded in the course registration slip and academic transcript.",ppa_course_withdrawal_rules,en
Anda adalah Pembantu AI Akademik Rasmi UTHM. Jawab soalan pengguna dengan tepat berdasarkan fakta UTHM.,Adakah yuran dikembalikan jika tarik diri kursus?,"Tarik diri kursus memerlukan persetujuan Penasihat Akademik dan Kerjaya atau Pentadbir Akademik Fakulti, tertakluk kepada syarat jumlah kredit minimum, dan yuran yang telah dibayar tidak dikembalikan. Status TD akan dicatatkan pada Slip Pendaftaran Kursus dan Transkrip Akademik.",ppa_course_withdrawal_rules,bm
Anda adalah Pembantu AI Akademik Rasmi UTHM. Jawab soalan pengguna dengan tepat berdasarkan fakta UTHM.,Adakah yuran dikembalikan jika tarik diri kursus?,"Course withdrawal requires the consent of the Academic and Career Advisor or faculty Academic Administrator, is subject to the minimum credit requirement, and paid fees are not refundable. TD status is recorded in the course registration slip and academic transcript.",ppa_course_withdrawal_rules,en
Anda adalah Pembantu AI Akademik Rasmi UTHM. Jawab soalan pengguna dengan tepat berdasarkan fakta UTHM.,What are course withdrawal rules?,"Tarik diri kursus memerlukan persetujuan Penasihat Akademik dan Kerjaya atau Pentadbir Akademik Fakulti, tertakluk kepada syarat jumlah kredit minimum, dan yuran yang telah dibayar tidak dikembalikan. Status TD akan dicatatkan pada Slip Pendaftaran Kursus dan Transkrip Akademik.",ppa_course_withdrawal_rules,bm
Anda adalah Pembantu AI Akademik Rasmi UTHM. Jawab soalan pengguna dengan tepat berdasarkan fakta UTHM.,What are course withdrawal rules?,"Course withdrawal requires the consent of the Academic and Career Advisor or faculty Academic Administrator, is subject to the minimum credit requirement, and paid fees are not refundable. TD status is recorded in the course registration slip and academic transcript.",ppa_course_withdrawal_rules,en
Anda adalah Pembantu AI Akademik Rasmi UTHM. Jawab soalan pengguna dengan tepat berdasarkan fakta UTHM.,When can I withdraw from a course?,"Tarik diri kursus memerlukan persetujuan Penasihat Akademik dan Kerjaya atau Pentadbir Akademik Fakulti, tertakluk kepada syarat jumlah kredit minimum, dan yuran yang telah dibayar tidak dikembalikan. Status TD akan dicatatkan pada Slip Pendaftaran Kursus dan Transkrip Akademik.",ppa_course_withdrawal_rules,bm
Anda adalah Pembantu AI Akademik Rasmi UTHM. Jawab soalan pengguna dengan tepat berdasarkan fakta UTHM.,When can I withdraw from a course?,"Course withdrawal requires the consent of the Academic and Career Advisor or faculty Academic Administrator, is subject to the minimum credit requirement, and paid fees are not refundable. TD status is recorded in the course registration slip and academic transcript.",ppa_course_withdrawal_rules,en
Anda adalah Pembantu AI Akademik Rasmi UTHM. Jawab soalan pengguna dengan tepat berdasarkan fakta UTHM.,Will fees be refunded after course withdrawal?,"Tarik diri kursus memerlukan persetujuan Penasihat Akademik dan Kerjaya atau Pentadbir Akademik Fakulti, tertakluk kepada syarat jumlah kredit minimum, dan yuran yang telah dibayar tidak dikembalikan. Status TD akan dicatatkan pada Slip Pendaftaran Kursus dan Transkrip Akademik.",ppa_course_withdrawal_rules,bm
Anda adalah Pembantu AI Akademik Rasmi UTHM. Jawab soalan pengguna dengan tepat berdasarkan fakta UTHM.,Will fees be refunded after course withdrawal?,"Course withdrawal requires the consent of the Academic and Career Advisor or faculty Academic Administrator, is subject to the minimum credit requirement, and paid fees are not refundable. TD status is recorded in the course registration slip and academic transcript.",ppa_course_withdrawal_rules,en
Anda adalah Pembantu AI Akademik Rasmi UTHM. Jawab soalan pengguna dengan tepat berdasarkan fakta UTHM.,Bagaimana peraturan tangguh pengajian?,"Permohonan tangguh pengajian hendaklah menggunakan Borang Tangguh Pengajian kecuali penangguhan di bawah Peraturan 17(4), dan perlu dikemukakan kepada Pejabat Pengurusan Akademik untuk kelulusan. Penangguhan atas alasan kesihatan memerlukan pengesahan dan sokongan Pegawai Perubatan Hospital Kerajaan atau Pusat Kesihatan Universiti.",ppa_defer_study_rules,bm
Anda adalah Pembantu AI Akademik Rasmi UTHM. Jawab soalan pengguna dengan tepat berdasarkan fakta UTHM.,Bagaimana peraturan tangguh pengajian?,"Applications for deferment of study must use the Deferment of Study Form, except for deferment under Regulation 17(4), and must be submitted to the Office of Academic Management for approval. Health-related deferment requires confirmation and support from a Medical Officer of a Government Hospital or the University Health Centre.",ppa_defer_study_rules,en
Anda adalah Pembantu AI Akademik Rasmi UTHM. Jawab soalan pengguna dengan tepat berdasarkan fakta UTHM.,Tangguh pengajian sebab kesihatan perlu apa?,"Permohonan tangguh pengajian hendaklah menggunakan Borang Tangguh Pengajian kecuali penangguhan di bawah Peraturan 17(4), dan perlu dikemukakan kepada Pejabat Pengurusan Akademik untuk kelulusan. Penangguhan atas alasan kesihatan memerlukan pengesahan dan sokongan Pegawai Perubatan Hospital Kerajaan atau Pusat Kesihatan Universiti.",ppa_defer_study_rules,bm
Anda adalah Pembantu AI Akademik Rasmi UTHM. Jawab soalan pengguna dengan tepat berdasarkan fakta UTHM.,Tangguh pengajian sebab kesihatan perlu apa?,"Applications for deferment of study must use the Deferment of Study Form, except for deferment under Regulation 17(4), and must be submitted to the Office of Academic Management for approval. Health-related deferment requires confirmation and support from a Medical Officer of a Government Hospital or the University Health Centre.",ppa_defer_study_rules,en
Anda adalah Pembantu AI Akademik Rasmi UTHM. Jawab soalan pengguna dengan tepat berdasarkan fakta UTHM.,Borang tangguh pengajian hantar mana?,"Permohonan tangguh pengajian hendaklah menggunakan Borang Tangguh Pengajian kecuali penangguhan di bawah Peraturan 17(4), dan perlu dikemukakan kepada Pejabat Pengurusan Akademik untuk kelulusan. Penangguhan atas alasan kesihatan memerlukan pengesahan dan sokongan Pegawai Perubatan Hospital Kerajaan atau Pusat Kesihatan Universiti.",ppa_defer_study_rules,bm
Anda adalah Pembantu AI Akademik Rasmi UTHM. Jawab soalan pengguna dengan tepat berdasarkan fakta UTHM.,Borang tangguh pengajian hantar mana?,"Applications for deferment of study must use the Deferment of Study Form, except for deferment under Regulation 17(4), and must be submitted to the Office of Academic Management for approval. Health-related deferment requires confirmation and support from a Medical Officer of a Government Hospital or the University Health Centre.",ppa_defer_study_rules,en
Anda adalah Pembantu AI Akademik Rasmi UTHM. Jawab soalan pengguna dengan tepat berdasarkan fakta UTHM.,What are deferment of study rules?,"Permohonan tangguh pengajian hendaklah menggunakan Borang Tangguh Pengajian kecuali penangguhan di bawah Peraturan 17(4), dan perlu dikemukakan kepada Pejabat Pengurusan Akademik untuk kelulusan. Penangguhan atas alasan kesihatan memerlukan pengesahan dan sokongan Pegawai Perubatan Hospital Kerajaan atau Pusat Kesihatan Universiti.",ppa_defer_study_rules,bm
Anda adalah Pembantu AI Akademik Rasmi UTHM. Jawab soalan pengguna dengan tepat berdasarkan fakta UTHM.,What are deferment of study rules?,"Applications for deferment of study must use the Deferment of Study Form, except for deferment under Regulation 17(4), and must be submitted to the Office of Academic Management for approval. Health-related deferment requires confirmation and support from a Medical Officer of a Government Hospital or the University Health Centre.",ppa_defer_study_rules,en
Anda adalah Pembantu AI Akademik Rasmi UTHM. Jawab soalan pengguna dengan tepat berdasarkan fakta UTHM.,How to apply deferment on health grounds?,"Permohonan tangguh pengajian hendaklah menggunakan Borang Tangguh Pengajian kecuali penangguhan di bawah Peraturan 17(4), dan perlu dikemukakan kepada Pejabat Pengurusan Akademik untuk kelulusan. Penangguhan atas alasan kesihatan memerlukan pengesahan dan sokongan Pegawai Perubatan Hospital Kerajaan atau Pusat Kesihatan Universiti.",ppa_defer_study_rules,bm
Anda adalah Pembantu AI Akademik Rasmi UTHM. Jawab soalan pengguna dengan tepat berdasarkan fakta UTHM.,How to apply deferment on health grounds?,"Applications for deferment of study must use the Deferment of Study Form, except for deferment under Regulation 17(4), and must be submitted to the Office of Academic Management for approval. Health-related deferment requires confirmation and support from a Medical Officer of a Government Hospital or the University Health Centre.",ppa_defer_study_rules,en
Anda adalah Pembantu AI Akademik Rasmi UTHM. Jawab soalan pengguna dengan tepat berdasarkan fakta UTHM.,Where to submit deferment of study form?,"Permohonan tangguh pengajian hendaklah menggunakan Borang Tangguh Pengajian kecuali penangguhan di bawah Peraturan 17(4), dan perlu dikemukakan kepada Pejabat Pengurusan Akademik untuk kelulusan. Penangguhan atas alasan kesihatan memerlukan pengesahan dan sokongan Pegawai Perubatan Hospital Kerajaan atau Pusat Kesihatan Universiti.",ppa_defer_study_rules,bm
Anda adalah Pembantu AI Akademik Rasmi UTHM. Jawab soalan pengguna dengan tepat berdasarkan fakta UTHM.,Where to submit deferment of study form?,"Applications for deferment of study must use the Deferment of Study Form, except for deferment under Regulation 17(4), and must be submitted to the Office of Academic Management for approval. Health-related deferment requires confirmation and support from a Medical Officer of a Government Hospital or the University Health Centre.",ppa_defer_study_rules,en
Anda adalah Pembantu AI Akademik Rasmi UTHM. Jawab soalan pengguna dengan tepat berdasarkan fakta UTHM.,Bagaimana peraturan berhenti pengajian?,"Pelajar boleh memohon berhenti pengajian pada bila-bila masa, tetapi tidak dibenarkan meninggalkan pengajian sehingga permohonan diluluskan oleh Universiti. Bayaran berkaitan pengajian tidak akan dikembalikan dan Universiti berhak menuntut hutang yang belum dijelaskan.",ppa_quit_study_rules,bm
Anda adalah Pembantu AI Akademik Rasmi UTHM. Jawab soalan pengguna dengan tepat berdasarkan fakta UTHM.,Bagaimana peraturan berhenti pengajian?,"A student may apply to withdraw from studies at any time, but is not allowed to leave until the application is approved by the University. Payments related to the studies are not refunded and the University may claim any outstanding debt.",ppa_quit_study_rules,en
Anda adalah Pembantu AI Akademik Rasmi UTHM. Jawab soalan pengguna dengan tepat berdasarkan fakta UTHM.,Boleh berhenti pengajian bila bila masa?,"Pelajar boleh memohon berhenti pengajian pada bila-bila masa, tetapi tidak dibenarkan meninggalkan pengajian sehingga permohonan diluluskan oleh Universiti. Bayaran berkaitan pengajian tidak akan dikembalikan dan Universiti berhak menuntut hutang yang belum dijelaskan.",ppa_quit_study_rules,bm
Anda adalah Pembantu AI Akademik Rasmi UTHM. Jawab soalan pengguna dengan tepat berdasarkan fakta UTHM.,Boleh berhenti pengajian bila bila masa?,"A student may apply to withdraw from studies at any time, but is not allowed to leave until the application is approved by the University. Payments related to the studies are not refunded and the University may claim any outstanding debt.",ppa_quit_study_rules,en
Anda adalah Pembantu AI Akademik Rasmi UTHM. Jawab soalan pengguna dengan tepat berdasarkan fakta UTHM.,Adakah boleh tinggalkan pengajian sebelum diluluskan?,"Pelajar boleh memohon berhenti pengajian pada bila-bila masa, tetapi tidak dibenarkan meninggalkan pengajian sehingga permohonan diluluskan oleh Universiti. Bayaran berkaitan pengajian tidak akan dikembalikan dan Universiti berhak menuntut hutang yang belum dijelaskan.",ppa_quit_study_rules,bm
Anda adalah Pembantu AI Akademik Rasmi UTHM. Jawab soalan pengguna dengan tepat berdasarkan fakta UTHM.,Adakah boleh tinggalkan pengajian sebelum diluluskan?,"A student may apply to withdraw from studies at any time, but is not allowed to leave until the application is approved by the University. Payments related to the studies are not refunded and the University may claim any outstanding debt.",ppa_quit_study_rules,en
Anda adalah Pembantu AI Akademik Rasmi UTHM. Jawab soalan pengguna dengan tepat berdasarkan fakta UTHM.,What are withdrawal from studies rules?,"Pelajar boleh memohon berhenti pengajian pada bila-bila masa, tetapi tidak dibenarkan meninggalkan pengajian sehingga permohonan diluluskan oleh Universiti. Bayaran berkaitan pengajian tidak akan dikembalikan dan Universiti berhak menuntut hutang yang belum dijelaskan.",ppa_quit_study_rules,bm
Anda adalah Pembantu AI Akademik Rasmi UTHM. Jawab soalan pengguna dengan tepat berdasarkan fakta UTHM.,What are withdrawal from studies rules?,"A student may apply to withdraw from studies at any time, but is not allowed to leave until the application is approved by the University. Payments related to the studies are not refunded and the University may claim any outstanding debt.",ppa_quit_study_rules,en
Anda adalah Pembantu AI Akademik Rasmi UTHM. Jawab soalan pengguna dengan tepat berdasarkan fakta UTHM.,Can I quit my studies anytime?,"Pelajar boleh memohon berhenti pengajian pada bila-bila masa, tetapi tidak dibenarkan meninggalkan pengajian sehingga permohonan diluluskan oleh Universiti. Bayaran berkaitan pengajian tidak akan dikembalikan dan Universiti berhak menuntut hutang yang belum dijelaskan.",ppa_quit_study_rules,bm
Anda adalah Pembantu AI Akademik Rasmi UTHM. Jawab soalan pengguna dengan tepat berdasarkan fakta UTHM.,Can I quit my studies anytime?,"A student may apply to withdraw from studies at any time, but is not allowed to leave until the application is approved by the University. Payments related to the studies are not refunded and the University may claim any outstanding debt.",ppa_quit_study_rules,en
Anda adalah Pembantu AI Akademik Rasmi UTHM. Jawab soalan pengguna dengan tepat berdasarkan fakta UTHM.,Can I leave before withdrawal is approved?,"Pelajar boleh memohon berhenti pengajian pada bila-bila masa, tetapi tidak dibenarkan meninggalkan pengajian sehingga permohonan diluluskan oleh Universiti. Bayaran berkaitan pengajian tidak akan dikembalikan dan Universiti berhak menuntut hutang yang belum dijelaskan.",ppa_quit_study_rules,bm
Anda adalah Pembantu AI Akademik Rasmi UTHM. Jawab soalan pengguna dengan tepat berdasarkan fakta UTHM.,Can I leave before withdrawal is approved?,"A student may apply to withdraw from studies at any time, but is not allowed to leave until the application is approved by the University. Payments related to the studies are not refunded and the University may claim any outstanding debt.",ppa_quit_study_rules,en
Anda adalah Pembantu AI Akademik Rasmi UTHM. Jawab soalan pengguna dengan tepat berdasarkan fakta UTHM.,Kenapa pelajar boleh diberhentikan daripada pengajian?,"Pelajar boleh diberhentikan jika Universiti memberikan Kedudukan Gagal kerana GPA kurang daripada 1.00 dan CGPA antara 1.70 hingga kurang daripada 2.00, mendapat Kedudukan Bersyarat tiga kali berturut-turut, atau berhutang dengan Universiti.",ppa_termination_rules,bm
Anda adalah Pembantu AI Akademik Rasmi UTHM. Jawab soalan pengguna dengan tepat berdasarkan fakta UTHM.,Kenapa pelajar boleh diberhentikan daripada pengajian?,"A student may be terminated if the University awards Failed status due to GPA less than 1.00 with CGPA between 1.70 and less than 2.00, if the student receives Conditional Status three times consecutively, or if the student owes debt to the University.",ppa_termination_rules,en
Anda adalah Pembantu AI Akademik Rasmi UTHM. Jawab soalan pengguna dengan tepat berdasarkan fakta UTHM.,Apa maksud kedudukan gagal diberhentikan?,"Pelajar boleh diberhentikan jika Universiti memberikan Kedudukan Gagal kerana GPA kurang daripada 1.00 dan CGPA antara 1.70 hingga kurang daripada 2.00, mendapat Kedudukan Bersyarat tiga kali berturut-turut, atau berhutang dengan Universiti.",ppa_termination_rules,bm
Anda adalah Pembantu AI Akademik Rasmi UTHM. Jawab soalan pengguna dengan tepat berdasarkan fakta UTHM.,Apa maksud kedudukan gagal diberhentikan?,"A student may be terminated if the University awards Failed status due to GPA less than 1.00 with CGPA between 1.70 and less than 2.00, if the student receives Conditional Status three times consecutively, or if the student owes debt to the University.",ppa_termination_rules,en
Anda adalah Pembantu AI Akademik Rasmi UTHM. Jawab soalan pengguna dengan tepat berdasarkan fakta UTHM.,What causes termination from studies?,"Pelajar boleh diberhentikan jika Universiti memberikan Kedudukan Gagal kerana GPA kurang daripada 1.00 dan CGPA antara 1.70 hingga kurang daripada 2.00, mendapat Kedudukan Bersyarat tiga kali berturut-turut, atau berhutang dengan Universiti.",ppa_termination_rules,bm
Anda adalah Pembantu AI Akademik Rasmi UTHM. Jawab soalan pengguna dengan tepat berdasarkan fakta UTHM.,What causes termination from studies?,"A student may be terminated if the University awards Failed status due to GPA less than 1.00 with CGPA between 1.70 and less than 2.00, if the student receives Conditional Status three times consecutively, or if the student owes debt to the University.",ppa_termination_rules,en
Anda adalah Pembantu AI Akademik Rasmi UTHM. Jawab soalan pengguna dengan tepat berdasarkan fakta UTHM.,Can debt cause termination from studies?,"Pelajar boleh diberhentikan jika Universiti memberikan Kedudukan Gagal kerana GPA kurang daripada 1.00 dan CGPA antara 1.70 hingga kurang daripada 2.00, mendapat Kedudukan Bersyarat tiga kali berturut-turut, atau berhutang dengan Universiti.",ppa_termination_rules,bm
Anda adalah Pembantu AI Akademik Rasmi UTHM. Jawab soalan pengguna dengan tepat berdasarkan fakta UTHM.,Can debt cause termination from studies?,"A student may be terminated if the University awards Failed status due to GPA less than 1.00 with CGPA between 1.70 and less than 2.00, if the student receives Conditional Status three times consecutively, or if the student owes debt to the University.",ppa_termination_rules,en
Anda adalah Pembantu AI Akademik Rasmi UTHM. Jawab soalan pengguna dengan tepat berdasarkan fakta UTHM.,KS tiga kali berturut turut jadi apa?,"Pelajar boleh diberhentikan jika Universiti memberikan Kedudukan Gagal kerana GPA kurang daripada 1.00 dan CGPA antara 1.70 hingga kurang daripada 2.00, mendapat Kedudukan Bersyarat tiga kali berturut-turut, atau berhutang dengan Universiti.",ppa_termination_rules,bm
Anda adalah Pembantu AI Akademik Rasmi UTHM. Jawab soalan pengguna dengan tepat berdasarkan fakta UTHM.,KS tiga kali berturut turut jadi apa?,"A student may be terminated if the University awards Failed status due to GPA less than 1.00 with CGPA between 1.70 and less than 2.00, if the student receives Conditional Status three times consecutively, or if the student owes debt to the University.",ppa_termination_rules,en
Anda adalah Pembantu AI Akademik Rasmi UTHM. Jawab soalan pengguna dengan tepat berdasarkan fakta UTHM.,GPA CGPA berapa boleh diberhentikan?,"Pelajar boleh diberhentikan jika Universiti memberikan Kedudukan Gagal kerana GPA kurang daripada 1.00 dan CGPA antara 1.70 hingga kurang daripada 2.00, mendapat Kedudukan Bersyarat tiga kali berturut-turut, atau berhutang dengan Universiti.",ppa_termination_rules,bm
Anda adalah Pembantu AI Akademik Rasmi UTHM. Jawab soalan pengguna dengan tepat berdasarkan fakta UTHM.,GPA CGPA berapa boleh diberhentikan?,"A student may be terminated if the University awards Failed status due to GPA less than 1.00 with CGPA between 1.70 and less than 2.00, if the student receives Conditional Status three times consecutively, or if the student owes debt to the University.",ppa_termination_rules,en
Anda adalah Pembantu AI Akademik Rasmi UTHM. Jawab soalan pengguna dengan tepat berdasarkan fakta UTHM.,Bagaimana mohon transkrip akademik awal?,"PPA menyediakan maklumat permohonan transkrip akademik awal dan sijil akademik gantian. Untuk sijil gantian, dokumen diperlukan termasuk laporan polis, surat akuan bersumpah, surat rasmi permohonan, borang permohonan dan resit bayaran. Bayaran sijil gantian ialah RM200, dengan bayaran pos RM12 untuk Semenanjung Malaysia dan RM18 untuk Sabah/Sarawak.",ppa_transcript_certificate,bm
Anda adalah Pembantu AI Akademik Rasmi UTHM. Jawab soalan pengguna dengan tepat berdasarkan fakta UTHM.,Bagaimana mohon transkrip akademik awal?,"PPA provides information for early academic transcript applications and replacement academic certificates. For replacement certificates, required documents include a police report, statutory declaration, official application letter, application form and payment receipt. The replacement certificate fee is RM200, with postage fee RM12 for Peninsular Malaysia and RM18 for Sabah/Sarawak.",ppa_transcript_certificate,en
Anda adalah Pembantu AI Akademik Rasmi UTHM. Jawab soalan pengguna dengan tepat berdasarkan fakta UTHM.,Bagaimana mohon sijil akademik gantian?,"PPA menyediakan maklumat permohonan transkrip akademik awal dan sijil akademik gantian. Untuk sijil gantian, dokumen diperlukan termasuk laporan polis, surat akuan bersumpah, surat rasmi permohonan, borang permohonan dan resit bayaran. Bayaran sijil gantian ialah RM200, dengan bayaran pos RM12 untuk Semenanjung Malaysia dan RM18 untuk Sabah/Sarawak.",ppa_transcript_certificate,bm
Anda adalah Pembantu AI Akademik Rasmi UTHM. Jawab soalan pengguna dengan tepat berdasarkan fakta UTHM.,Bagaimana mohon sijil akademik gantian?,"PPA provides information for early academic transcript applications and replacement academic certificates. For replacement certificates, required documents include a police report, statutory declaration, official application letter, application form and payment receipt. The replacement certificate fee is RM200, with postage fee RM12 for Peninsular Malaysia and RM18 for Sabah/Sarawak.",ppa_transcript_certificate,en
Anda adalah Pembantu AI Akademik Rasmi UTHM. Jawab soalan pengguna dengan tepat berdasarkan fakta UTHM.,Berapa bayaran sijil akademik gantian?,"PPA menyediakan maklumat permohonan transkrip akademik awal dan sijil akademik gantian. Untuk sijil gantian, dokumen diperlukan termasuk laporan polis, surat akuan bersumpah, surat rasmi permohonan, borang permohonan dan resit bayaran. Bayaran sijil gantian ialah RM200, dengan bayaran pos RM12 untuk Semenanjung Malaysia dan RM18 untuk Sabah/Sarawak.",ppa_transcript_certificate,bm
Anda adalah Pembantu AI Akademik Rasmi UTHM. Jawab soalan pengguna dengan tepat berdasarkan fakta UTHM.,Berapa bayaran sijil akademik gantian?,"PPA provides information for early academic transcript applications and replacement academic certificates. For replacement certificates, required documents include a police report, statutory declaration, official application letter, application form and payment receipt. The replacement certificate fee is RM200, with postage fee RM12 for Peninsular Malaysia and RM18 for Sabah/Sarawak.",ppa_transcript_certificate,en
Anda adalah Pembantu AI Akademik Rasmi UTHM. Jawab soalan pengguna dengan tepat berdasarkan fakta UTHM.,How to apply early academic transcript?,"PPA menyediakan maklumat permohonan transkrip akademik awal dan sijil akademik gantian. Untuk sijil gantian, dokumen diperlukan termasuk laporan polis, surat akuan bersumpah, surat rasmi permohonan, borang permohonan dan resit bayaran. Bayaran sijil gantian ialah RM200, dengan bayaran pos RM12 untuk Semenanjung Malaysia dan RM18 untuk Sabah/Sarawak.",ppa_transcript_certificate,bm
Anda adalah Pembantu AI Akademik Rasmi UTHM. Jawab soalan pengguna dengan tepat berdasarkan fakta UTHM.,How to apply early academic transcript?,"PPA provides information for early academic transcript applications and replacement academic certificates. For replacement certificates, required documents include a police report, statutory declaration, official application letter, application form and payment receipt. The replacement certificate fee is RM200, with postage fee RM12 for Peninsular Malaysia and RM18 for Sabah/Sarawak.",ppa_transcript_certificate,en
Anda adalah Pembantu AI Akademik Rasmi UTHM. Jawab soalan pengguna dengan tepat berdasarkan fakta UTHM.,How to apply replacement academic certificate?,"PPA menyediakan maklumat permohonan transkrip akademik awal dan sijil akademik gantian. Untuk sijil gantian, dokumen diperlukan termasuk laporan polis, surat akuan bersumpah, surat rasmi permohonan, borang permohonan dan resit bayaran. Bayaran sijil gantian ialah RM200, dengan bayaran pos RM12 untuk Semenanjung Malaysia dan RM18 untuk Sabah/Sarawak.",ppa_transcript_certificate,bm
Anda adalah Pembantu AI Akademik Rasmi UTHM. Jawab soalan pengguna dengan tepat berdasarkan fakta UTHM.,How to apply replacement academic certificate?,"PPA provides information for early academic transcript applications and replacement academic certificates. For replacement certificates, required documents include a police report, statutory declaration, official application letter, application form and payment receipt. The replacement certificate fee is RM200, with postage fee RM12 for Peninsular Malaysia and RM18 for Sabah/Sarawak.",ppa_transcript_certificate,en
Anda adalah Pembantu AI Akademik Rasmi UTHM. Jawab soalan pengguna dengan tepat berdasarkan fakta UTHM.,Replacement certificate fee UTHM?,"PPA menyediakan maklumat permohonan transkrip akademik awal dan sijil akademik gantian. Untuk sijil gantian, dokumen diperlukan termasuk laporan polis, surat akuan bersumpah, surat rasmi permohonan, borang permohonan dan resit bayaran. Bayaran sijil gantian ialah RM200, dengan bayaran pos RM12 untuk Semenanjung Malaysia dan RM18 untuk Sabah/Sarawak.",ppa_transcript_certificate,bm
Anda adalah Pembantu AI Akademik Rasmi UTHM. Jawab soalan pengguna dengan tepat berdasarkan fakta UTHM.,Replacement certificate fee UTHM?,"PPA provides information for early academic transcript applications and replacement academic certificates. For replacement certificates, required documents include a police report, statutory declaration, official application letter, application form and payment receipt. The replacement certificate fee is RM200, with postage fee RM12 for Peninsular Malaysia and RM18 for Sabah/Sarawak.",ppa_transcript_certificate,en
Anda adalah Pembantu AI Akademik Rasmi UTHM. Jawab soalan pengguna dengan tepat berdasarkan fakta UTHM.,Bagaimana mohon surat pengesahan pelajar?,Permohonan surat pengesahan pelajar bagi pelajar Diploma dan Sarjana Muda boleh dibuat melalui SMAP Online di https://smap.uthm.edu.my/ melalui menu Online Application. Surat boleh dimuat turun melalui SMAP Online dalam tempoh lima hari bekerja.,ppa_student_verification_letter,bm
Anda adalah Pembantu AI Akademik Rasmi UTHM. Jawab soalan pengguna dengan tepat berdasarkan fakta UTHM.,Bagaimana mohon surat pengesahan pelajar?,Student verification letter applications for Diploma and Bachelor students can be made through SMAP Online at https://smap.uthm.edu.my/ via the Online Application menu. The letter can be downloaded through SMAP Online within five working days.,ppa_student_verification_letter,en
Anda adalah Pembantu AI Akademik Rasmi UTHM. Jawab soalan pengguna dengan tepat berdasarkan fakta UTHM.,Surat pengesahan pelajar boleh mohon online?,Permohonan surat pengesahan pelajar bagi pelajar Diploma dan Sarjana Muda boleh dibuat melalui SMAP Online di https://smap.uthm.edu.my/ melalui menu Online Application. Surat boleh dimuat turun melalui SMAP Online dalam tempoh lima hari bekerja.,ppa_student_verification_letter,bm
Anda adalah Pembantu AI Akademik Rasmi UTHM. Jawab soalan pengguna dengan tepat berdasarkan fakta UTHM.,Surat pengesahan pelajar boleh mohon online?,Student verification letter applications for Diploma and Bachelor students can be made through SMAP Online at https://smap.uthm.edu.my/ via the Online Application menu. The letter can be downloaded through SMAP Online within five working days.,ppa_student_verification_letter,en
Anda adalah Pembantu AI Akademik Rasmi UTHM. Jawab soalan pengguna dengan tepat berdasarkan fakta UTHM.,Berapa lama surat pengesahan pelajar siap?,Permohonan surat pengesahan pelajar bagi pelajar Diploma dan Sarjana Muda boleh dibuat melalui SMAP Online di https://smap.uthm.edu.my/ melalui menu Online Application. Surat boleh dimuat turun melalui SMAP Online dalam tempoh lima hari bekerja.,ppa_student_verification_letter,bm
Anda adalah Pembantu AI Akademik Rasmi UTHM. Jawab soalan pengguna dengan tepat berdasarkan fakta UTHM.,Berapa lama surat pengesahan pelajar siap?,Student verification letter applications for Diploma and Bachelor students can be made through SMAP Online at https://smap.uthm.edu.my/ via the Online Application menu. The letter can be downloaded through SMAP Online within five working days.,ppa_student_verification_letter,en
Anda adalah Pembantu AI Akademik Rasmi UTHM. Jawab soalan pengguna dengan tepat berdasarkan fakta UTHM.,How to apply student verification letter?,Permohonan surat pengesahan pelajar bagi pelajar Diploma dan Sarjana Muda boleh dibuat melalui SMAP Online di https://smap.uthm.edu.my/ melalui menu Online Application. Surat boleh dimuat turun melalui SMAP Online dalam tempoh lima hari bekerja.,ppa_student_verification_letter,bm
Anda adalah Pembantu AI Akademik Rasmi UTHM. Jawab soalan pengguna dengan tepat berdasarkan fakta UTHM.,How to apply student verification letter?,Student verification letter applications for Diploma and Bachelor students can be made through SMAP Online at https://smap.uthm.edu.my/ via the Online Application menu. The letter can be downloaded through SMAP Online within five working days.,ppa_student_verification_letter,en
Anda adalah Pembantu AI Akademik Rasmi UTHM. Jawab soalan pengguna dengan tepat berdasarkan fakta UTHM.,Can I apply student verification letter online?,Permohonan surat pengesahan pelajar bagi pelajar Diploma dan Sarjana Muda boleh dibuat melalui SMAP Online di https://smap.uthm.edu.my/ melalui menu Online Application. Surat boleh dimuat turun melalui SMAP Online dalam tempoh lima hari bekerja.,ppa_student_verification_letter,bm
Anda adalah Pembantu AI Akademik Rasmi UTHM. Jawab soalan pengguna dengan tepat berdasarkan fakta UTHM.,Can I apply student verification letter online?,Student verification letter applications for Diploma and Bachelor students can be made through SMAP Online at https://smap.uthm.edu.my/ via the Online Application menu. The letter can be downloaded through SMAP Online within five working days.,ppa_student_verification_letter,en
Anda adalah Pembantu AI Akademik Rasmi UTHM. Jawab soalan pengguna dengan tepat berdasarkan fakta UTHM.,How long to download student verification letter?,Permohonan surat pengesahan pelajar bagi pelajar Diploma dan Sarjana Muda boleh dibuat melalui SMAP Online di https://smap.uthm.edu.my/ melalui menu Online Application. Surat boleh dimuat turun melalui SMAP Online dalam tempoh lima hari bekerja.,ppa_student_verification_letter,bm
Anda adalah Pembantu AI Akademik Rasmi UTHM. Jawab soalan pengguna dengan tepat berdasarkan fakta UTHM.,How long to download student verification letter?,Student verification letter applications for Diploma and Bachelor students can be made through SMAP Online at https://smap.uthm.edu.my/ via the Online Application menu. The letter can be downloaded through SMAP Online within five working days.,ppa_student_verification_letter,en
Anda adalah Pembantu AI Akademik Rasmi UTHM. Jawab soalan pengguna dengan tepat berdasarkan fakta UTHM.,Di mana surat pengesahan penganugerahan?,Surat Pengesahan Penganugerahan boleh dimuat turun melalui SMAP Online di bawah Files Repository.,ppa_conferment_letter,bm
Anda adalah Pembantu AI Akademik Rasmi UTHM. Jawab soalan pengguna dengan tepat berdasarkan fakta UTHM.,Di mana surat pengesahan penganugerahan?,The conferment of degree letter can be downloaded through SMAP Online under Files Repository.,ppa_conferment_letter,en
Anda adalah Pembantu AI Akademik Rasmi UTHM. Jawab soalan pengguna dengan tepat berdasarkan fakta UTHM.,Surat pengesahan penganugerahan download mana?,Surat Pengesahan Penganugerahan boleh dimuat turun melalui SMAP Online di bawah Files Repository.,ppa_conferment_letter,bm
Anda adalah Pembantu AI Akademik Rasmi UTHM. Jawab soalan pengguna dengan tepat berdasarkan fakta UTHM.,Surat pengesahan penganugerahan download mana?,The conferment of degree letter can be downloaded through SMAP Online under Files Repository.,ppa_conferment_letter,en
Anda adalah Pembantu AI Akademik Rasmi UTHM. Jawab soalan pengguna dengan tepat berdasarkan fakta UTHM.,Where can I download conferment letter?,Surat Pengesahan Penganugerahan boleh dimuat turun melalui SMAP Online di bawah Files Repository.,ppa_conferment_letter,bm
Anda adalah Pembantu AI Akademik Rasmi UTHM. Jawab soalan pengguna dengan tepat berdasarkan fakta UTHM.,Where can I download conferment letter?,The conferment of degree letter can be downloaded through SMAP Online under Files Repository.,ppa_conferment_letter,en
Anda adalah Pembantu AI Akademik Rasmi UTHM. Jawab soalan pengguna dengan tepat berdasarkan fakta UTHM.,Conferment of degree letter where?,Surat Pengesahan Penganugerahan boleh dimuat turun melalui SMAP Online di bawah Files Repository.,ppa_conferment_letter,bm
Anda adalah Pembantu AI Akademik Rasmi UTHM. Jawab soalan pengguna dengan tepat berdasarkan fakta UTHM.,Conferment of degree letter where?,The conferment of degree letter can be downloaded through SMAP Online under Files Repository.,ppa_conferment_letter,en
Anda adalah Pembantu AI Akademik Rasmi UTHM. Jawab soalan pengguna dengan tepat berdasarkan fakta UTHM.,surat award confirmation mana?,Surat Pengesahan Penganugerahan boleh dimuat turun melalui SMAP Online di bawah Files Repository.,ppa_conferment_letter,bm
Anda adalah Pembantu AI Akademik Rasmi UTHM. Jawab soalan pengguna dengan tepat berdasarkan fakta UTHM.,surat award confirmation mana?,The conferment of degree letter can be downloaded through SMAP Online under Files Repository.,ppa_conferment_letter,en
Anda adalah Pembantu AI Akademik Rasmi UTHM. Jawab soalan pengguna dengan tepat berdasarkan fakta UTHM.,letter of award confirmation SMAP?,Surat Pengesahan Penganugerahan boleh dimuat turun melalui SMAP Online di bawah Files Repository.,ppa_conferment_letter,bm
Anda adalah Pembantu AI Akademik Rasmi UTHM. Jawab soalan pengguna dengan tepat berdasarkan fakta UTHM.,letter of award confirmation SMAP?,The conferment of degree letter can be downloaded through SMAP Online under Files Repository.,ppa_conferment_letter,en
Anda adalah Pembantu AI Akademik Rasmi UTHM. Jawab soalan pengguna dengan tepat berdasarkan fakta UTHM.,Apakah aplikasi online PPA?,"Halaman Aplikasi Online PPA menyenaraikan pautan seperti Email Pelajar, SMAP Online, SPAK Online, TCIS, Library, E-JPA dan E-Senat.",ppa_online_applications,bm
Anda adalah Pembantu AI Akademik Rasmi UTHM. Jawab soalan pengguna dengan tepat berdasarkan fakta UTHM.,Apakah aplikasi online PPA?,"The PPA Online Applications page lists links such as Student Email, SMAP Online, SPAK Online, TCIS, Library, E-JPA and E-Senat.",ppa_online_applications,en
Anda adalah Pembantu AI Akademik Rasmi UTHM. Jawab soalan pengguna dengan tepat berdasarkan fakta UTHM.,Pautan aplikasi online UTHM apa?,"Halaman Aplikasi Online PPA menyenaraikan pautan seperti Email Pelajar, SMAP Online, SPAK Online, TCIS, Library, E-JPA dan E-Senat.",ppa_online_applications,bm
Anda adalah Pembantu AI Akademik Rasmi UTHM. Jawab soalan pengguna dengan tepat berdasarkan fakta UTHM.,Pautan aplikasi online UTHM apa?,"The PPA Online Applications page lists links such as Student Email, SMAP Online, SPAK Online, TCIS, Library, E-JPA and E-Senat.",ppa_online_applications,en
Anda adalah Pembantu AI Akademik Rasmi UTHM. Jawab soalan pengguna dengan tepat berdasarkan fakta UTHM.,Where are PPA online applications?,"Halaman Aplikasi Online PPA menyenaraikan pautan seperti Email Pelajar, SMAP Online, SPAK Online, TCIS, Library, E-JPA dan E-Senat.",ppa_online_applications,bm
Anda adalah Pembantu AI Akademik Rasmi UTHM. Jawab soalan pengguna dengan tepat berdasarkan fakta UTHM.,Where are PPA online applications?,"The PPA Online Applications page lists links such as Student Email, SMAP Online, SPAK Online, TCIS, Library, E-JPA and E-Senat.",ppa_online_applications,en
Anda adalah Pembantu AI Akademik Rasmi UTHM. Jawab soalan pengguna dengan tepat berdasarkan fakta UTHM.,What online applications are listed by PPA?,"Halaman Aplikasi Online PPA menyenaraikan pautan seperti Email Pelajar, SMAP Online, SPAK Online, TCIS, Library, E-JPA dan E-Senat.",ppa_online_applications,bm
Anda adalah Pembantu AI Akademik Rasmi UTHM. Jawab soalan pengguna dengan tepat berdasarkan fakta UTHM.,What online applications are listed by PPA?,"The PPA Online Applications page lists links such as Student Email, SMAP Online, SPAK Online, TCIS, Library, E-JPA and E-Senat.",ppa_online_applications,en
Anda adalah Pembantu AI Akademik Rasmi UTHM. Jawab soalan pengguna dengan tepat berdasarkan fakta UTHM.,SMAP SPAK TCIS E JPA E Senat link?,"Halaman Aplikasi Online PPA menyenaraikan pautan seperti Email Pelajar, SMAP Online, SPAK Online, TCIS, Library, E-JPA dan E-Senat.",ppa_online_applications,bm
Anda adalah Pembantu AI Akademik Rasmi UTHM. Jawab soalan pengguna dengan tepat berdasarkan fakta UTHM.,SMAP SPAK TCIS E JPA E Senat link?,"The PPA Online Applications page lists links such as Student Email, SMAP Online, SPAK Online, TCIS, Library, E-JPA and E-Senat.",ppa_online_applications,en
Anda adalah Pembantu AI Akademik Rasmi UTHM. Jawab soalan pengguna dengan tepat berdasarkan fakta UTHM.,email pelajar smap spak online mana?,"Halaman Aplikasi Online PPA menyenaraikan pautan seperti Email Pelajar, SMAP Online, SPAK Online, TCIS, Library, E-JPA dan E-Senat.",ppa_online_applications,bm
Anda adalah Pembantu AI Akademik Rasmi UTHM. Jawab soalan pengguna dengan tepat berdasarkan fakta UTHM.,email pelajar smap spak online mana?,"The PPA Online Applications page lists links such as Student Email, SMAP Online, SPAK Online, TCIS, Library, E-JPA and E-Senat.",ppa_online_applications,en
Anda adalah Pembantu AI Akademik Rasmi UTHM. Jawab soalan pengguna dengan tepat berdasarkan fakta UTHM.,jadual waktu kuliah akademik,Jadual waktu kuliah akademik boleh dirujuk melalui halaman Jadual Waktu Kuliah Akademik PPA.,ppa_class_schedule,bm
Anda adalah Pembantu AI Akademik Rasmi UTHM. Jawab soalan pengguna dengan tepat berdasarkan fakta UTHM.,jadual waktu kuliah akademik,Academic class schedules are provided through the PPA Academic Class Schedule page.,ppa_class_schedule,en
Anda adalah Pembantu AI Akademik Rasmi UTHM. Jawab soalan pengguna dengan tepat berdasarkan fakta UTHM.,jadual kuliah akademik,Jadual waktu kuliah akademik boleh dirujuk melalui halaman Jadual Waktu Kuliah Akademik PPA.,ppa_class_schedule,bm
Anda adalah Pembantu AI Akademik Rasmi UTHM. Jawab soalan pengguna dengan tepat berdasarkan fakta UTHM.,jadual kuliah akademik,Academic class schedules are provided through the PPA Academic Class Schedule page.,ppa_class_schedule,en
Anda adalah Pembantu AI Akademik Rasmi UTHM. Jawab soalan pengguna dengan tepat berdasarkan fakta UTHM.,academic class schedule,Jadual waktu kuliah akademik boleh dirujuk melalui halaman Jadual Waktu Kuliah Akademik PPA.,ppa_class_schedule,bm
Anda adalah Pembantu AI Akademik Rasmi UTHM. Jawab soalan pengguna dengan tepat berdasarkan fakta UTHM.,academic class schedule,Academic class schedules are provided through the PPA Academic Class Schedule page.,ppa_class_schedule,en
Anda adalah Pembantu AI Akademik Rasmi UTHM. Jawab soalan pengguna dengan tepat berdasarkan fakta UTHM.,jadual kerja pelajar,Maklumat jadual kerja pelajar boleh dirujuk melalui halaman Jadual Kerja Pelajar PPA.,ppa_student_work_schedule,bm
Anda adalah Pembantu AI Akademik Rasmi UTHM. Jawab soalan pengguna dengan tepat berdasarkan fakta UTHM.,jadual kerja pelajar,Student work schedule information can be referred to on the PPA Student Work Schedule page.,ppa_student_work_schedule,en
Anda adalah Pembantu AI Akademik Rasmi UTHM. Jawab soalan pengguna dengan tepat berdasarkan fakta UTHM.,student work schedule,Maklumat jadual kerja pelajar boleh dirujuk melalui halaman Jadual Kerja Pelajar PPA.,ppa_student_work_schedule,bm
Anda adalah Pembantu AI Akademik Rasmi UTHM. Jawab soalan pengguna dengan tepat berdasarkan fakta UTHM.,student work schedule,Student work schedule information can be referred to on the PPA Student Work Schedule page.,ppa_student_work_schedule,en
Anda adalah Pembantu AI Akademik Rasmi UTHM. Jawab soalan pengguna dengan tepat berdasarkan fakta UTHM.,kalendar muet,"PPA menyediakan maklumat MUET seperti kalendar MUET terkini, hebahan keputusan, slip pendaftaran, lokasi peperiksaan serta semakan kod pusat dan bayaran yuran MUET bagi pusat UTHM.",ppa_muet_info,bm
Anda adalah Pembantu AI Akademik Rasmi UTHM. Jawab soalan pengguna dengan tepat berdasarkan fakta UTHM.,kalendar muet,"PPA provides MUET information such as the latest MUET calendar, results announcements, registration slip notices, examination venue notices, and UTHM centre code/payment information.",ppa_muet_info,en
Anda adalah Pembantu AI Akademik Rasmi UTHM. Jawab soalan pengguna dengan tepat berdasarkan fakta UTHM.,senarai graduan uthm,Halaman Senarai Graduan UTHM PPA menyediakan senarai graduan program Sarjana Muda dan Diploma mengikut tarikh Senat bersidang.,ppa_graduate_list,bm
Anda adalah Pembantu AI Akademik Rasmi UTHM. Jawab soalan pengguna dengan tepat berdasarkan fakta UTHM.,senarai graduan uthm,The PPA graduate list page provides lists of Bachelor and Diploma graduates according to Senate session dates.,ppa_graduate_list,en
Anda adalah Pembantu AI Akademik Rasmi UTHM. Jawab soalan pengguna dengan tepat berdasarkan fakta UTHM.,How do I apply for credit transfer?,Permohonan Pindah Kredit di UTHM membolehkan anda memindahkan kredit dari pengajian terdahulu. Syarat minimum gred ialah C+ dengan sekurang-kurangnya 80% kesetaraan silibus. Permohonan hendaklah dibuat pada semester pertama pengajian melalui Borang Pengecualian Kredit Kursus.,credit_transfer,bm
Anda adalah Pembantu AI Akademik Rasmi UTHM. Jawab soalan pengguna dengan tepat berdasarkan fakta UTHM.,How do I apply for credit transfer?,Credit Transfer at UTHM allows you to transfer credits from prior studies. Minimum grade requirement is C+ with at least 80% syllabus similarity. Applications must be submitted in the first semester via the Course Credit Exemption Form.,credit_transfer,en
Anda adalah Pembantu AI Akademik Rasmi UTHM. Jawab soalan pengguna dengan tepat berdasarkan fakta UTHM.,Bagaimana cara mohon pindah kredit?,Permohonan Pindah Kredit di UTHM membolehkan anda memindahkan kredit dari pengajian terdahulu. Syarat minimum gred ialah C+ dengan sekurang-kurangnya 80% kesetaraan silibus. Permohonan hendaklah dibuat pada semester pertama pengajian melalui Borang Pengecualian Kredit Kursus.,credit_transfer,bm
Anda adalah Pembantu AI Akademik Rasmi UTHM. Jawab soalan pengguna dengan tepat berdasarkan fakta UTHM.,Bagaimana cara mohon pindah kredit?,Credit Transfer at UTHM allows you to transfer credits from prior studies. Minimum grade requirement is C+ with at least 80% syllabus similarity. Applications must be submitted in the first semester via the Course Credit Exemption Form.,credit_transfer,en
Anda adalah Pembantu AI Akademik Rasmi UTHM. Jawab soalan pengguna dengan tepat berdasarkan fakta UTHM.,Apakah syarat pindah kredit UTHM?,"Syarat Pindah Kredit UTHM: 1) Lulus gred minimum C+ bagi kursus setara dari IPT diiktiraf, 2) Kesetaraan silibus sekurang-kurangnya 80%, 3) Nilai kredit setara sama atau lebih tinggi, 4) Dibuat pada semester 1 pengajian. Jumlah maksimum pindah kredit ialah 30% hingga 50% tertakluk akreditasi MQA.",credit_transfer,bm
Anda adalah Pembantu AI Akademik Rasmi UTHM. Jawab soalan pengguna dengan tepat berdasarkan fakta UTHM.,Apakah syarat pindah kredit UTHM?,"UTHM Credit Transfer requirements: 1) Minimum grade C+ in equivalent course from recognised institution, 2) At least 80% syllabus similarity, 3) Same or higher credit value, 4) Submitted in the 1st semester. Maximum credit transfer is 30% to 50% depending on MQA accreditation.",credit_transfer,en
Anda adalah Pembantu AI Akademik Rasmi UTHM. Jawab soalan pengguna dengan tepat berdasarkan fakta UTHM.,What are the credit transfer requirements?,"Syarat Pindah Kredit UTHM: 1) Lulus gred minimum C+ bagi kursus setara dari IPT diiktiraf, 2) Kesetaraan silibus sekurang-kurangnya 80%, 3) Nilai kredit setara sama atau lebih tinggi, 4) Dibuat pada semester 1 pengajian. Jumlah maksimum pindah kredit ialah 30% hingga 50% tertakluk akreditasi MQA.",credit_transfer,bm
Anda adalah Pembantu AI Akademik Rasmi UTHM. Jawab soalan pengguna dengan tepat berdasarkan fakta UTHM.,What are the credit transfer requirements?,"UTHM Credit Transfer requirements: 1) Minimum grade C+ in equivalent course from recognised institution, 2) At least 80% syllabus similarity, 3) Same or higher credit value, 4) Submitted in the 1st semester. Maximum credit transfer is 30% to 50% depending on MQA accreditation.",credit_transfer,en
Anda adalah Pembantu AI Akademik Rasmi UTHM. Jawab soalan pengguna dengan tepat berdasarkan fakta UTHM.,Apakah kategori pindah kredit di UTHM?,"UTHM menggariskan 4 kategori Pindah Kredit: 1) Menegak (Diploma ke Sarjana Muda), 2) Mendatar (Diploma ke Diploma / Sarjana Muda ke Sarjana Muda), 3) Kursus Kendiri (MOOC dan Micro-credentials), serta 4) APEL (C) berdasarkan pengalaman kerja/pembelajaran terdahulu.",credit_transfer,bm
Anda adalah Pembantu AI Akademik Rasmi UTHM. Jawab soalan pengguna dengan tepat berdasarkan fakta UTHM.,Apakah kategori pindah kredit di UTHM?,"UTHM has 4 Credit Transfer categories: 1) Vertical (Diploma/Advanced Diploma to Bachelor Degree), 2) Horizontal (Diploma to Diploma or Bachelor to Bachelor), 3) Independent Courses (MOOC and Micro-credentials), and 4) APEL (C) for prior work experience.",credit_transfer,en
Anda adalah Pembantu AI Akademik Rasmi UTHM. Jawab soalan pengguna dengan tepat berdasarkan fakta UTHM.,Bolehkah pindah kredit dengan gred?,Boleh. Pindah Kredit Dengan Gred mengambil kira gred yang diperoleh bagi pengiraan GPA/CGPA. Manakala Pindah Kredit Tanpa Gred (Pengecualian Kredit) mengecualikan anda daripada mengambil kursus tanpa menjejaskan kiraan GPA/CGPA.,credit_transfer,bm
Anda adalah Pembantu AI Akademik Rasmi UTHM. Jawab soalan pengguna dengan tepat berdasarkan fakta UTHM.,Bolehkah pindah kredit dengan gred?,"Yes. Credit Transfer With Grade carries grade points that count into your GPA/CGPA. Credit Transfer Without Grade (Credit Exemption) exempts you from taking the course and awards graduation credits, but does not affect GPA/CGPA.",credit_transfer,en
Anda adalah Pembantu AI Akademik Rasmi UTHM. Jawab soalan pengguna dengan tepat berdasarkan fakta UTHM.,How is GPA and CGPA calculated?,GPA dikira setiap semester: GPA = Jumlah Nilai Mata (JMN) / Jumlah Kredit Kira (JKK). CGPA pulak ialah purata himpunan keseluruhan semester: CGPA = Jumlah JMN semua semester / Jumlah JKK semua semester. Gred lulus minimum ialah Gred D (1.00).,cgpa_gpa,bm
Anda adalah Pembantu AI Akademik Rasmi UTHM. Jawab soalan pengguna dengan tepat berdasarkan fakta UTHM.,How is GPA and CGPA calculated?,GPA is calculated per semester: GPA = Total Grade Points (JMN) / Total Credits Counted (JKK). CGPA is the cumulative average across all completed semesters: CGPA = Sum of JMN for all semesters / Sum of JKK for all semesters. Passing grade is Grade D (1.00) or higher.,cgpa_gpa,en
Anda adalah Pembantu AI Akademik Rasmi UTHM. Jawab soalan pengguna dengan tepat berdasarkan fakta UTHM.,Bagaimana cara pengiraan GPA dan CGPA?,GPA dikira setiap semester: GPA = Jumlah Nilai Mata (JMN) / Jumlah Kredit Kira (JKK). CGPA pulak ialah purata himpunan keseluruhan semester: CGPA = Jumlah JMN semua semester / Jumlah JKK semua semester. Gred lulus minimum ialah Gred D (1.00).,cgpa_gpa,bm
Anda adalah Pembantu AI Akademik Rasmi UTHM. Jawab soalan pengguna dengan tepat berdasarkan fakta UTHM.,Bagaimana cara pengiraan GPA dan CGPA?,GPA is calculated per semester: GPA = Total Grade Points (JMN) / Total Credits Counted (JKK). CGPA is the cumulative average across all completed semesters: CGPA = Sum of JMN for all semesters / Sum of JKK for all semesters. Passing grade is Grade D (1.00) or higher.,cgpa_gpa,en
Anda adalah Pembantu AI Akademik Rasmi UTHM. Jawab soalan pengguna dengan tepat berdasarkan fakta UTHM.,Apakah syarat Kedudukan Baik KB dan Kedudukan Bersyarat KS?,"Kedudukan Akademik UTHM: 1) Kedudukan Baik (KB): CGPA >= 2.00, 2) Kedudukan Bersyarat (KS): 1.70 <= CGPA < 2.00 (had kredit dibenarkan max 13 kredit), 3) Kedudukan Gagal/Diberhentikan (KG): CGPA < 1.70 atau mendapat KS sebanyak 3 kali berturut-turut.",academic_standing,bm
Anda adalah Pembantu AI Akademik Rasmi UTHM. Jawab soalan pengguna dengan tepat berdasarkan fakta UTHM.,Apakah syarat Kedudukan Baik KB dan Kedudukan Bersyarat KS?,"UTHM Academic Standing status: 1) Good Standing (KB): CGPA >= 2.00, 2) Conditional Pass (KS): 1.70 <= CGPA < 2.00 (allowed max 13 credits), 3) Fail Standing (KG/Terminated): CGPA < 1.70 or obtaining KS status 3 consecutive times.",academic_standing,en
Anda adalah Pembantu AI Akademik Rasmi UTHM. Jawab soalan pengguna dengan tepat berdasarkan fakta UTHM.,What are UTHM academic standing statuses KB KS KG?,"Kedudukan Akademik UTHM: 1) Kedudukan Baik (KB): CGPA >= 2.00, 2) Kedudukan Bersyarat (KS): 1.70 <= CGPA < 2.00 (had kredit dibenarkan max 13 kredit), 3) Kedudukan Gagal/Diberhentikan (KG): CGPA < 1.70 atau mendapat KS sebanyak 3 kali berturut-turut.",academic_standing,bm
Anda adalah Pembantu AI Akademik Rasmi UTHM. Jawab soalan pengguna dengan tepat berdasarkan fakta UTHM.,What are UTHM academic standing statuses KB KS KG?,"UTHM Academic Standing status: 1) Good Standing (KB): CGPA >= 2.00, 2) Conditional Pass (KS): 1.70 <= CGPA < 2.00 (allowed max 13 credits), 3) Fail Standing (KG/Terminated): CGPA < 1.70 or obtaining KS status 3 consecutive times.",academic_standing,en
Anda adalah Pembantu AI Akademik Rasmi UTHM. Jawab soalan pengguna dengan tepat berdasarkan fakta UTHM.,Berapa kredit maksimum pelajar KS boleh ambil?,"Pelajar dalam Kedudukan Bersyarat (KS) HANYA dibenarkan mendaftar antara 9 hingga 13 kredit sahaja bagi sesuatu semester, serta TIDAK DIBENARKAN mendaftar kursus berstatus Hadir Sahaja (HS).",academic_standing,bm
Anda adalah Pembantu AI Akademik Rasmi UTHM. Jawab soalan pengguna dengan tepat berdasarkan fakta UTHM.,Berapa kredit maksimum pelajar KS boleh ambil?,"Students in Conditional Position (KS) are only allowed to register between 9 and 13 credits per semester, and are NOT allowed to register for Audit (HS) courses.",academic_standing,en
Anda adalah Pembantu AI Akademik Rasmi UTHM. Jawab soalan pengguna dengan tepat berdasarkan fakta UTHM.,Apakah sistem gred peratus markah dan nilai mata UTHM?,"Sistem Gred UTHM: A+ (85-100, 4.00), A (80-84, 4.00), A- (75-79, 3.70-3.94), B+ (70-74, 3.30-3.62), B (65-69, 3.00-3.24), B- (60-64, 2.70-2.94), C+ (55-59, 2.30-2.62), C (50-54, 2.00-2.24), C- (45-49, 1.50-1.90), D (40-44, 1.00-1.40), E (0-39, 0.00 Gagal). Gred lulus minimum ialah D (1.00).",grading_system,bm
Anda adalah Pembantu AI Akademik Rasmi UTHM. Jawab soalan pengguna dengan tepat berdasarkan fakta UTHM.,Apakah sistem gred peratus markah dan nilai mata UTHM?,"UTHM Grading Scale: A+ (85-100, 4.00), A (80-84, 4.00), A- (75-79, 3.70-3.94), B+ (70-74, 3.30-3.62), B (65-69, 3.00-3.24), B- (60-64, 2.70-2.94), C+ (55-59, 2.30-2.62), C (50-54, 2.00-2.24), C- (45-49, 1.50-1.90), D (40-44, 1.00-1.40), E (0-39, 0.00 Fail). Minimum passing grade is D (1.00).",grading_system,en
Anda adalah Pembantu AI Akademik Rasmi UTHM. Jawab soalan pengguna dengan tepat berdasarkan fakta UTHM.,What is the grading system mark scale for UTHM?,"Sistem Gred UTHM: A+ (85-100, 4.00), A (80-84, 4.00), A- (75-79, 3.70-3.94), B+ (70-74, 3.30-3.62), B (65-69, 3.00-3.24), B- (60-64, 2.70-2.94), C+ (55-59, 2.30-2.62), C (50-54, 2.00-2.24), C- (45-49, 1.50-1.90), D (40-44, 1.00-1.40), E (0-39, 0.00 Gagal). Gred lulus minimum ialah D (1.00).",grading_system,bm
Anda adalah Pembantu AI Akademik Rasmi UTHM. Jawab soalan pengguna dengan tepat berdasarkan fakta UTHM.,What is the grading system mark scale for UTHM?,"UTHM Grading Scale: A+ (85-100, 4.00), A (80-84, 4.00), A- (75-79, 3.70-3.94), B+ (70-74, 3.30-3.62), B (65-69, 3.00-3.24), B- (60-64, 2.70-2.94), C+ (55-59, 2.30-2.62), C (50-54, 2.00-2.24), C- (45-49, 1.50-1.90), D (40-44, 1.00-1.40), E (0-39, 0.00 Fail). Minimum passing grade is D (1.00).",grading_system,en
Anda adalah Pembantu AI Akademik Rasmi UTHM. Jawab soalan pengguna dengan tepat berdasarkan fakta UTHM.,Apakah syarat kehadiran kuliah dan etika pemakaian di UTHM?,"Pelajar perlu memastikan kehadiran kuliah, tutorial, dan amali tidak kurang daripada 80% daripada Jumlah Jam Pertemuan. Ketidakhadiran melebihi 20% tanpa cuti sakit/pelepasan rasmi menyebabkan pelajar DIHALANG menduduki peperiksaan akhir dan diberikan gred HG (Hadir Gagal) atau markah sifar (0).",attendance_rules,bm
Anda adalah Pembantu AI Akademik Rasmi UTHM. Jawab soalan pengguna dengan tepat berdasarkan fakta UTHM.,Apakah syarat kehadiran kuliah dan etika pemakaian di UTHM?,"Students must maintain at least 80% attendance of Total Contact Hours in lectures, tutorials, and labs. Absences > 20% without approved medical certificate or official permission result in being barred from final exams and receiving grade HG (Hadir Gagal) or 0.",attendance_rules,en
Anda adalah Pembantu AI Akademik Rasmi UTHM. Jawab soalan pengguna dengan tepat berdasarkan fakta UTHM.,What is the lecture attendance requirement percentage?,"Pelajar perlu memastikan kehadiran kuliah, tutorial, dan amali tidak kurang daripada 80% daripada Jumlah Jam Pertemuan. Ketidakhadiran melebihi 20% tanpa cuti sakit/pelepasan rasmi menyebabkan pelajar DIHALANG menduduki peperiksaan akhir dan diberikan gred HG (Hadir Gagal) atau markah sifar (0).",attendance_rules,bm
Anda adalah Pembantu AI Akademik Rasmi UTHM. Jawab soalan pengguna dengan tepat berdasarkan fakta UTHM.,What is the lecture attendance requirement percentage?,"Students must maintain at least 80% attendance of Total Contact Hours in lectures, tutorials, and labs. Absences > 20% without approved medical certificate or official permission result in being barred from final exams and receiving grade HG (Hadir Gagal) or 0.",attendance_rules,en
Anda adalah Pembantu AI Akademik Rasmi UTHM. Jawab soalan pengguna dengan tepat berdasarkan fakta UTHM.,Apakah syarat mendapat Anugerah Dekan?,Syarat Anugerah Dekan: Pelajar sepenuh masa yang mendaftar sekurang-kurangnya 12 kredit pada sesuatu semester (tidak termasuk kredit Tambah Baik) dan mencapai GPA 3.50 atau ke atas layak mendapat Anugerah Dekan yang akan dicatatkan dalam transkrip akademik.,deans_award,bm
Anda adalah Pembantu AI Akademik Rasmi UTHM. Jawab soalan pengguna dengan tepat berdasarkan fakta UTHM.,Apakah syarat mendapat Anugerah Dekan?,"Dean's List Award requirements: Full-time students who register for at least 12 credits in a semester (excluding Upgrade courses) and achieve a GPA of 3.50 or higher earn the Dean's List Award, recorded in their official academic transcript.",deans_award,en
Anda adalah Pembantu AI Akademik Rasmi UTHM. Jawab soalan pengguna dengan tepat berdasarkan fakta UTHM.,How to get Dean's List Award in UTHM?,Syarat Anugerah Dekan: Pelajar sepenuh masa yang mendaftar sekurang-kurangnya 12 kredit pada sesuatu semester (tidak termasuk kredit Tambah Baik) dan mencapai GPA 3.50 atau ke atas layak mendapat Anugerah Dekan yang akan dicatatkan dalam transkrip akademik.,deans_award,bm
Anda adalah Pembantu AI Akademik Rasmi UTHM. Jawab soalan pengguna dengan tepat berdasarkan fakta UTHM.,How to get Dean's List Award in UTHM?,"Dean's List Award requirements: Full-time students who register for at least 12 credits in a semester (excluding Upgrade courses) and achieve a GPA of 3.50 or higher earn the Dean's List Award, recorded in their official academic transcript.",deans_award,en
Anda adalah Pembantu AI Akademik Rasmi UTHM. Jawab soalan pengguna dengan tepat berdasarkan fakta UTHM.,Bagaimana cara memohon penangguhan pengajian?,Permohonan Penangguhan Pengajian hendaklah dibuat melalui Pejabat Pengurusan Akademik (PPA) menggunakan Borang Tangguh Pengajian. Penangguhan kesihatan memerlukan pengesahan pegawai perubatan dan tidak dikira dalam tempoh maksimum pengajian. Penangguhan peribadi dibenarkan maksimum 4 semester.,deferment_studies,bm
Anda adalah Pembantu AI Akademik Rasmi UTHM. Jawab soalan pengguna dengan tepat berdasarkan fakta UTHM.,Bagaimana cara memohon penangguhan pengajian?,Applications for Deferment of Study must be made via the Office of Academic Management (PPA) using the Deferment Form. Deferments on health grounds require hospital medical endorsement and do not count toward maximum study duration. Maximum personal deferment allowed is 4 semesters.,deferment_studies,en
Anda adalah Pembantu AI Akademik Rasmi UTHM. Jawab soalan pengguna dengan tepat berdasarkan fakta UTHM.,Bolehkah membaiki gred kursus atau ulang subjek?,Boleh. Kursus Tambah Baik (TB) membenarkan pelajar mengulangi kursus gred C- dan ke bawah untuk membaiki GPA/CGPA (dibenarkan sekali sahaja setiap kursus). Manakala kursus yang gagal (UK) wajib diulang semula sehingga lulus.,repeat_upgrade_course,bm
Anda adalah Pembantu AI Akademik Rasmi UTHM. Jawab soalan pengguna dengan tepat berdasarkan fakta UTHM.,Bolehkah membaiki gred kursus atau ulang subjek?,Yes. Upgrade Courses (TB status) allow students to repeat a course with Grade C- or below to improve GPA/CGPA (allowed once per course). Failed courses (UK status) must be repeated until passed.,repeat_upgrade_course,en
Anda adalah Pembantu AI Akademik Rasmi UTHM. Jawab soalan pengguna dengan tepat berdasarkan fakta UTHM.,Syarat kehadiran kuliah 80 peratus,"Pelajar perlu memastikan kehadiran kuliah, tutorial, dan amali tidak kurang daripada 80% daripada Jumlah Jam Pertemuan. Ketidakhadiran melebihi 20% tanpa cuti sakit/pelepasan rasmi menyebabkan pelajar DIHALANG menduduki peperiksaan akhir dan diberikan gred HG (Hadir Gagal) atau markah sifar (0).",attendance_rules,bm
Anda adalah Pembantu AI Akademik Rasmi UTHM. Jawab soalan pengguna dengan tepat berdasarkan fakta UTHM.,Syarat kehadiran kuliah 80 peratus,"Students must maintain at least 80% attendance of Total Contact Hours in lectures, tutorials, and labs. Absences > 20% without approved medical certificate or official permission result in being barred from final exams and receiving grade HG (Hadir Gagal) or 0.",attendance_rules,en
Anda adalah Pembantu AI Akademik Rasmi UTHM. Jawab soalan pengguna dengan tepat berdasarkan fakta UTHM.,Berapa peratus kena hadir kuliah?,"Pelajar perlu memastikan kehadiran kuliah, tutorial, dan amali tidak kurang daripada 80% daripada Jumlah Jam Pertemuan. Ketidakhadiran melebihi 20% tanpa cuti sakit/pelepasan rasmi menyebabkan pelajar DIHALANG menduduki peperiksaan akhir dan diberikan gred HG (Hadir Gagal) atau markah sifar (0).",attendance_rules,bm
Anda adalah Pembantu AI Akademik Rasmi UTHM. Jawab soalan pengguna dengan tepat berdasarkan fakta UTHM.,Berapa peratus kena hadir kuliah?,"Students must maintain at least 80% attendance of Total Contact Hours in lectures, tutorials, and labs. Absences > 20% without approved medical certificate or official permission result in being barred from final exams and receiving grade HG (Hadir Gagal) or 0.",attendance_rules,en
Anda adalah Pembantu AI Akademik Rasmi UTHM. Jawab soalan pengguna dengan tepat berdasarkan fakta UTHM.,Apakah akibat jika bar kuliah sebab tak hadir?,"Pelajar perlu memastikan kehadiran kuliah, tutorial, dan amali tidak kurang daripada 80% daripada Jumlah Jam Pertemuan. Ketidakhadiran melebihi 20% tanpa cuti sakit/pelepasan rasmi menyebabkan pelajar DIHALANG menduduki peperiksaan akhir dan diberikan gred HG (Hadir Gagal) atau markah sifar (0).",attendance_rules,bm
Anda adalah Pembantu AI Akademik Rasmi UTHM. Jawab soalan pengguna dengan tepat berdasarkan fakta UTHM.,Apakah akibat jika bar kuliah sebab tak hadir?,"Students must maintain at least 80% attendance of Total Contact Hours in lectures, tutorials, and labs. Absences > 20% without approved medical certificate or official permission result in being barred from final exams and receiving grade HG (Hadir Gagal) or 0.",attendance_rules,en
Anda adalah Pembantu AI Akademik Rasmi UTHM. Jawab soalan pengguna dengan tepat berdasarkan fakta UTHM.,Apakah syarat penuh pemindahan kredit UTHM?,"Syarat Pindah Kredit UTHM: 1) Lulus gred minimum C+ bagi kursus setara dari IPT diiktiraf, 2) Kesetaraan silibus sekurang-kurangnya 80%, 3) Nilai kredit setara sama atau lebih tinggi, 4) Dibuat pada semester 1 pengajian. Jumlah maksimum pindah kredit ialah 30% hingga 50% tertakluk akreditasi MQA.",credit_transfer,bm
Anda adalah Pembantu AI Akademik Rasmi UTHM. Jawab soalan pengguna dengan tepat berdasarkan fakta UTHM.,Apakah syarat penuh pemindahan kredit UTHM?,"UTHM Credit Transfer requirements: 1) Minimum grade C+ in equivalent course from recognised institution, 2) At least 80% syllabus similarity, 3) Same or higher credit value, 4) Submitted in the 1st semester. Maximum credit transfer is 30% to 50% depending on MQA accreditation.",credit_transfer,en
Anda adalah Pembantu AI Akademik Rasmi UTHM. Jawab soalan pengguna dengan tepat berdasarkan fakta UTHM.,Berapa gred minimum untuk pindah kredit?,Gred minimum yang diperlukan untuk Pindah Kredit ialah Gred C+ (mengikut sistem penggredan Universiti) daripada institusi yang diiktiraf dengan sekurang-kurangnya 80% kesetaraan silibus.,credit_transfer,bm
Anda adalah Pembantu AI Akademik Rasmi UTHM. Jawab soalan pengguna dengan tepat berdasarkan fakta UTHM.,Berapa gred minimum untuk pindah kredit?,Minimum grade required for Credit Transfer is Grade C+ (following University grading system) from a recognized institution with at least 80% syllabus similarity.,credit_transfer,en
Anda adalah Pembantu AI Akademik Rasmi UTHM. Jawab soalan pengguna dengan tepat berdasarkan fakta UTHM.,Berapa peratus silibus kena sama untuk pindah kredit?,Isi kandungan kursus yang setara hendaklah setaraf dan sekurang-kurangnya 80% sama dengan sukatan pelajaran (silibus) kursus yang dipohon.,credit_transfer,bm
Anda adalah Pembantu AI Akademik Rasmi UTHM. Jawab soalan pengguna dengan tepat berdasarkan fakta UTHM.,Berapa peratus silibus kena sama untuk pindah kredit?,Syllabus content of equivalent course must be equal to or at least 80% similar to the course applied for.,credit_transfer,en
Anda adalah Pembantu AI Akademik Rasmi UTHM. Jawab soalan pengguna dengan tepat berdasarkan fakta UTHM.,Apakah gred minimum untuk pindah kredit UTHM?,Syarat gred minimum bagi Pindah Kredit di UTHM ialah Gred C+ daripada institusi yang diiktiraf oleh Senat.,credit_transfer,bm
Anda adalah Pembantu AI Akademik Rasmi UTHM. Jawab soalan pengguna dengan tepat berdasarkan fakta UTHM.,Apakah gred minimum untuk pindah kredit UTHM?,Minimum grade requirement for Credit Transfer is Grade C+ from a Senate-recognised institution.,credit_transfer,en
Anda adalah Pembantu AI Akademik Rasmi UTHM. Jawab soalan pengguna dengan tepat berdasarkan fakta UTHM.,Bila waktu sesuai mohon pindah kredit?,Permohonan Pindah Kredit bagi pengajian terdahulu hendaklah dibuat dalam semester pertama pengajian pelajar sahaja.,credit_transfer,bm
Anda adalah Pembantu AI Akademik Rasmi UTHM. Jawab soalan pengguna dengan tepat berdasarkan fakta UTHM.,Bila waktu sesuai mohon pindah kredit?,Application for Credit Transfer for prior study must be made in the first semester of study only.,credit_transfer,en
Anda adalah Pembantu AI Akademik Rasmi UTHM. Jawab soalan pengguna dengan tepat berdasarkan fakta UTHM.,Berapa had maksimum peratus pindah kredit dari Diploma ke Sarjana Muda?,Jumlah Pindah Kredit daripada program Diploma ke Sarjana Muda hendaklah tidak melebihi 30% daripada jumlah keseluruhan kredit bergraduat (sehingga 50% maksimum bagi program diiktiraf MQA mengikut Jadual 1).,credit_transfer,bm
Anda adalah Pembantu AI Akademik Rasmi UTHM. Jawab soalan pengguna dengan tepat berdasarkan fakta UTHM.,Berapa had maksimum peratus pindah kredit dari Diploma ke Sarjana Muda?,Total Credit Transfer from Diploma to Bachelor Degree programmes must not exceed 30% of total graduation credits (up to 50% for MQA-accredited programmes based on Table 1).,credit_transfer,en
Anda adalah Pembantu AI Akademik Rasmi UTHM. Jawab soalan pengguna dengan tepat berdasarkan fakta UTHM.,Apakah pindah kredit APEL C MOOC Micro-credentials?,"Gabungan Pindah Kredit melalui MOOC, Micro-credentials, dan APEL (C) tidak boleh melebihi 30% daripada jumlah Kredit Bergraduat. Gabungan keseluruhan pengecualian kredit tidak boleh melebihi 60%.",credit_transfer,bm
Anda adalah Pembantu AI Akademik Rasmi UTHM. Jawab soalan pengguna dengan tepat berdasarkan fakta UTHM.,Apakah pindah kredit APEL C MOOC Micro-credentials?,"Credit Transfer for MOOC, Micro-credentials, and APEL (C) is allowed up to a maximum of 30% of total graduation credits. Combination with regular credit exemption cannot exceed 60%.",credit_transfer,en
Anda adalah Pembantu AI Akademik Rasmi UTHM. Jawab soalan pengguna dengan tepat berdasarkan fakta UTHM.,Apakah definisi Kedudukan Baik KB Kedudukan Bersyarat KS dan Kedudukan Gagal KG?,"Kedudukan Akademik UTHM: 1) Kedudukan Baik (KB): CGPA >= 2.00, 2) Kedudukan Bersyarat (KS): 1.70 <= CGPA < 2.00, 3) Kedudukan Gagal / Diberhentikan (KG): CGPA < 1.70 atau mendapat KS 3 kali berturut-turut.",academic_standing,bm
Anda adalah Pembantu AI Akademik Rasmi UTHM. Jawab soalan pengguna dengan tepat berdasarkan fakta UTHM.,Apakah definisi Kedudukan Baik KB Kedudukan Bersyarat KS dan Kedudukan Gagal KG?,"UTHM Academic Standing: 1) Good Standing (KB): CGPA >= 2.00, 2) Conditional Pass (KS): 1.70 <= CGPA < 2.00, 3) Fail Standing (KG / Terminated): CGPA < 1.70 or obtaining KS 3 consecutive times.",academic_standing,en
Anda adalah Pembantu AI Akademik Rasmi UTHM. Jawab soalan pengguna dengan tepat berdasarkan fakta UTHM.,Berapa CGPA untuk lulus Kedudukan Baik KB?,Pelajar mendapat Kedudukan Baik (KB) sekiranya memperoleh CGPA 2.00 dan ke atas.,academic_standing,bm
Anda adalah Pembantu AI Akademik Rasmi UTHM. Jawab soalan pengguna dengan tepat berdasarkan fakta UTHM.,Berapa CGPA untuk lulus Kedudukan Baik KB?,Students achieve Good Standing (KB) status when obtaining a CGPA of 2.00 or higher.,academic_standing,en
Anda adalah Pembantu AI Akademik Rasmi UTHM. Jawab soalan pengguna dengan tepat berdasarkan fakta UTHM.,Apakah akibat jika dapat KS tiga kali berturut-turut?,Pelajar yang mendapat Kedudukan Bersyarat (KS) sebanyak tiga (3) kali berturut-turut akan diberikan Kedudukan Gagal (KG) dan diberhentikan daripada pengajian.,academic_standing,bm
Anda adalah Pembantu AI Akademik Rasmi UTHM. Jawab soalan pengguna dengan tepat berdasarkan fakta UTHM.,Apakah akibat jika dapat KS tiga kali berturut-turut?,Students who obtain Conditional Position (KS) three (3) consecutive times will be awarded Fail Standing (KG) and terminated from study.,academic_standing,en
Anda adalah Pembantu AI Akademik Rasmi UTHM. Jawab soalan pengguna dengan tepat berdasarkan fakta UTHM.,Apakah syarat kehadiran kuliah 80 peratus?,Kehadiran kuliah/tutorial/makmal mestilah tidak kurang daripada 80% daripada Jumlah Jam Pertemuan. Ketidakhadiran melebihi 20% tanpa cuti sakit/pelepasan rasmi menyebabkan pelajar DIHALANG menduduki peperiksaan akhir dan diberikan gred HG (Hadir Gagal) atau markah sifar (0).,attendance_rules,bm
Anda adalah Pembantu AI Akademik Rasmi UTHM. Jawab soalan pengguna dengan tepat berdasarkan fakta UTHM.,Apakah syarat kehadiran kuliah 80 peratus?,Lecture/tutorial/lab attendance must not be less than 80% of Total Contact Hours. Absence > 20% without approved leave results in being barred from exams and receiving grade HG (Hadir Gagal) or 0 mark.,attendance_rules,en
Anda adalah Pembantu AI Akademik Rasmi UTHM. Jawab soalan pengguna dengan tepat berdasarkan fakta UTHM.,Apakah akibat bar kuliah jika hadir kurang 80%?,"Pelajar yang tidak hadir melebihi 20% tidak dibenarkan menduduki sebarang pentaksiran/peperiksaan akhir, diberikan gred Hadir Gagal (HG) untuk kursus Hadir Wajib atau gred Gagal Hadir (GH) / markah sifar (0).",attendance_rules,bm
Anda adalah Pembantu AI Akademik Rasmi UTHM. Jawab soalan pengguna dengan tepat berdasarkan fakta UTHM.,Apakah akibat bar kuliah jika hadir kurang 80%?,"Students with absence exceeding 20% are barred from taking assessments/exams, given Failed Attendance (HG) for Mandatory Attendance courses or zero (0) mark.",attendance_rules,en
Anda adalah Pembantu AI Akademik Rasmi UTHM. Jawab soalan pengguna dengan tepat berdasarkan fakta UTHM.,Apakah syarat kelayakan Anugerah Dekan UTHM?,Syarat Anugerah Dekan UTHM: Pelajar sepenuh masa yang mendaftar sekurang-kurangnya 12 kredit pada sesuatu semester (tidak termasuk kredit Tambah Baik) dan mencapai GPA 3.50 atau ke atas layak mendapat Anugerah Dekan.,deans_award,bm
Anda adalah Pembantu AI Akademik Rasmi UTHM. Jawab soalan pengguna dengan tepat berdasarkan fakta UTHM.,Apakah syarat kelayakan Anugerah Dekan UTHM?,Dean's List Award requirements: Full-time students registering for at least 12 credits in a semester (excluding Upgrade courses) obtaining a GPA of 3.50 or higher earn the Dean's List Award.,deans_award,en
Anda adalah Pembantu AI Akademik Rasmi UTHM. Jawab soalan pengguna dengan tepat berdasarkan fakta UTHM.,Apakah syarat tangguh pengajian kesihatan dan peribadi?,Penangguhan pengajian: Penangguhan kesihatan memerlukan pengesahan Pegawai Perubatan Hospital/Pusat Kesihatan Universiti (tidak dikira dalam bilangan semester guna). Penangguhan peribadi dibenarkan maksimum 4 semester (perlu dipohon selewat-lewatnya minggu ke-7).,deferment_studies,bm
Anda adalah Pembantu AI Akademik Rasmi UTHM. Jawab soalan pengguna dengan tepat berdasarkan fakta UTHM.,Apakah syarat tangguh pengajian kesihatan dan peribadi?,Deferment of study: Health deferment requires hospital medical endorsement (does not count towards maximum study duration). Personal deferment allowed max 4 semesters (must apply no later than Week 7).,deferment_studies,en
Anda adalah Pembantu AI Akademik Rasmi UTHM. Jawab soalan pengguna dengan tepat berdasarkan fakta UTHM.,Bagaimana nak buat Tambah Baik gred TB atau Ulang Kursus UK?,"Tambah Baik (TB): Dibenarkan bagi kursus gred C- dan ke bawah untuk membaiki GPA/CGPA (dibenarkan sekali sahaja setiap kursus, gred tertinggi diambil kira). Ulang Kursus (UK): Wajib mengulangi semula kursus yang gagal sehingga lulus.",repeat_upgrade_course,bm
Anda adalah Pembantu AI Akademik Rasmi UTHM. Jawab soalan pengguna dengan tepat berdasarkan fakta UTHM.,Bagaimana nak buat Tambah Baik gred TB atau Ulang Kursus UK?,"Course Upgrade (TB): Permitted for courses with Grade C- or below to improve GPA/CGPA (once per course, highest grade taken). Repeat Course (UK): Compulsory to repeat any failed course until passed.",repeat_upgrade_course,en
Anda adalah Pembantu AI Akademik Rasmi UTHM. Jawab soalan pengguna dengan tepat berdasarkan fakta UTHM.,Apakah pengkelasan gred Ijazah Sarjana Muda dan Diploma UTHM?,"Pengkelasan Ijazah Sarjana Muda UTHM: Kepujian Kelas Pertama (CGPA >= 3.70), Kelas Kedua Tinggi (3.00 <= CGPA < 3.70), Kelas Kedua Rendah (2.30 <= CGPA < 3.00), Kelas Ketiga (2.00 <= CGPA < 2.30). Diploma: Kelas Pertama (CGPA >= 3.50), Kelas Kedua (2.00 <= CGPA < 3.50).",degree_classification,bm
Anda adalah Pembantu AI Akademik Rasmi UTHM. Jawab soalan pengguna dengan tepat berdasarkan fakta UTHM.,Apakah pengkelasan gred Ijazah Sarjana Muda dan Diploma UTHM?,"Bachelor Degree Classification: First Class Honours (CGPA >= 3.70), Second Upper (3.00 <= CGPA < 3.70), Second Lower (2.30 <= CGPA < 3.00), Third Class (2.00 <= CGPA < 2.30). Diploma Classification: First Class (CGPA >= 3.50), Second Class (2.00 <= CGPA < 3.50).",degree_classification,en
Anda adalah Pembantu AI Akademik Rasmi UTHM. Jawab soalan pengguna dengan tepat berdasarkan fakta UTHM.,Berapa CGPA untuk First Class Ijazah Sarjana Muda?,Kepujian Kelas Pertama bagi Ijazah Sarjana Muda memerlukan pencapaian CGPA akhir 3.70 dan ke atas.,degree_classification,bm
Anda adalah Pembantu AI Akademik Rasmi UTHM. Jawab soalan pengguna dengan tepat berdasarkan fakta UTHM.,Berapa CGPA untuk First Class Ijazah Sarjana Muda?,First Class Honours for Bachelor Degree requires a final CGPA of 3.70 or higher.,degree_classification,en
Anda adalah Pembantu AI Akademik Rasmi UTHM. Jawab soalan pengguna dengan tepat berdasarkan fakta UTHM.,Apakah syarat peperiksaan khas dan rayuan semakan gred?,"Peperiksaan Khas diadakan atas sebab kesihatan (sijil sakit disahkan dalam 3 hari bekerja), kematian waris terdekat, atau pelajar semester akhir yang gagal maksimum 6 kredit. Rayuan Semakan Gred dikenakan bayaran RM50 sekursus dalam tempoh 7 hari bekerja selepas keputusan diumumkan.",special_exam_appeal,bm
Anda adalah Pembantu AI Akademik Rasmi UTHM. Jawab soalan pengguna dengan tepat berdasarkan fakta UTHM.,Apakah syarat peperiksaan khas dan rayuan semakan gred?,"Special Examination is held for health reasons (MC submitted within 3 working days), death of immediate family, or final semester students failing max 6 credits. Grade Review Appeal fee is RM50 per course submitted within 7 working days.",special_exam_appeal,en
Anda adalah Pembantu AI Akademik Rasmi UTHM. Jawab soalan pengguna dengan tepat berdasarkan fakta UTHM.,Berapa bayaran rayuan semakan gred kursus?,"Kadar bayaran rayuan semakan gred kursus ialah RM50.00 bagi satu kursus di Pejabat Bendahari, dikemukakan dalam tempoh 7 hari bekerja selepas keputusan rasmi diumumkan.",special_exam_appeal,bm
Anda adalah Pembantu AI Akademik Rasmi UTHM. Jawab soalan pengguna dengan tepat berdasarkan fakta UTHM.,Berapa bayaran rayuan semakan gred kursus?,"The fee for course grade review appeal is RM50.00 per course at the Treasurer's Office, submitted within 7 working days after official results announcement.",special_exam_appeal,en
Anda adalah Pembantu AI Akademik Rasmi UTHM. Jawab soalan pengguna dengan tepat berdasarkan fakta UTHM.,Apakah denda pendaftaran lewat kursus?,Denda Pendaftaran Wajib Berdenda (Minggu 1): RM20.00 per kursus. Pendaftaran Lewat Berdenda (Minggu 2 ke atas dengan kelulusan Dekan): RM100.00 per kursus sehingga maksimum RM500.00.,course_registration_penalties,bm
Anda adalah Pembantu AI Akademik Rasmi UTHM. Jawab soalan pengguna dengan tepat berdasarkan fakta UTHM.,Apakah denda pendaftaran lewat kursus?,Penalised Mandatory Registration (Week 1): RM20.00 per course. Penalised Late Registration (Week 2 onwards upon Dean approval): RM100.00 per course up to a maximum of RM500.00.,course_registration_penalties,en
Anda adalah Pembantu AI Akademik Rasmi UTHM. Jawab soalan pengguna dengan tepat berdasarkan fakta UTHM.,Bila tarikh tarik diri kursus TD?,Permohonan Tarik Diri (TD) kursus hendaklah dibuat mengguna Borang Tarik Diri Kursus bermula minggu ke-7 hingga minggu ke-9 semester. Sebarang yuran tidak dibayar balik.,course_withdrawal_td,bm
Anda adalah Pembantu AI Akademik Rasmi UTHM. Jawab soalan pengguna dengan tepat berdasarkan fakta UTHM.,Bila tarikh tarik diri kursus TD?,Application for Course Withdrawal (TD status) must be submitted using the Course Withdrawal Form from Week 7 to Week 9 of the semester. Withdrawal fees are non-refundable.,course_withdrawal_td,en
Anda adalah Pembantu AI Akademik Rasmi UTHM. Jawab soalan pengguna dengan tepat berdasarkan fakta UTHM.,Apakah syarat Anugerah Pelajaran Diraja Pingat Jaya Cemerlang?,"Anugerah Pelajaran Diraja (Pingat Jaya Cemerlang) ialah pengiktirafan tertinggi Majlis Raja-Raja Malaysia kepada dua graduan terbaik (seorang Bumiputera dan seorang Bukan Bumiputera). Penilaian merangkumi CGPA amat cemerlang, penglibatan aktif kokurikulum di peringkat kebangsaan/antarabangsa, dan kualiti kepimpinan yang terbukti.",anugerah_diraja,bm
Anda adalah Pembantu AI Akademik Rasmi UTHM. Jawab soalan pengguna dengan tepat berdasarkan fakta UTHM.,Apakah syarat Anugerah Pelajaran Diraja Pingat Jaya Cemerlang?,"Royal Education Award (Pingat Jaya Cemerlang) is the highest recognition by the Conference of Rulers of Malaysia awarded to two top graduates (one Bumiputera and one Non-Bumiputera). Criteria include outstanding CGPA, active co-curricular involvement at national/international levels, and proven leadership qualities.",anugerah_diraja,en
Anda adalah Pembantu AI Akademik Rasmi UTHM. Jawab soalan pengguna dengan tepat berdasarkan fakta UTHM.,apa syarat anugerah pelajaran diraja,"Anugerah Pelajaran Diraja (Pingat Jaya Cemerlang) ialah pengiktirafan tertinggi Majlis Raja-Raja Malaysia kepada dua graduan terbaik (seorang Bumiputera dan seorang Bukan Bumiputera). Penilaian merangkumi CGPA amat cemerlang, penglibatan aktif kokurikulum di peringkat kebangsaan/antarabangsa, dan kualiti kepimpinan yang terbukti.",anugerah_diraja,bm
Anda adalah Pembantu AI Akademik Rasmi UTHM. Jawab soalan pengguna dengan tepat berdasarkan fakta UTHM.,apa syarat anugerah pelajaran diraja,"Royal Education Award (Pingat Jaya Cemerlang) is the highest recognition by the Conference of Rulers of Malaysia awarded to two top graduates (one Bumiputera and one Non-Bumiputera). Criteria include outstanding CGPA, active co-curricular involvement at national/international levels, and proven leadership qualities.",anugerah_diraja,en
Anda adalah Pembantu AI Akademik Rasmi UTHM. Jawab soalan pengguna dengan tepat berdasarkan fakta UTHM.,syarat anugerah diraja,"Anugerah Pelajaran Diraja (Pingat Jaya Cemerlang) ialah pengiktirafan tertinggi Majlis Raja-Raja Malaysia kepada dua graduan terbaik (seorang Bumiputera dan seorang Bukan Bumiputera). Penilaian merangkumi CGPA amat cemerlang, penglibatan aktif kokurikulum di peringkat kebangsaan/antarabangsa, dan kualiti kepimpinan yang terbukti.",anugerah_diraja,bm
Anda adalah Pembantu AI Akademik Rasmi UTHM. Jawab soalan pengguna dengan tepat berdasarkan fakta UTHM.,syarat anugerah diraja,"Royal Education Award (Pingat Jaya Cemerlang) is the highest recognition by the Conference of Rulers of Malaysia awarded to two top graduates (one Bumiputera and one Non-Bumiputera). Criteria include outstanding CGPA, active co-curricular involvement at national/international levels, and proven leadership qualities.",anugerah_diraja,en
Anda adalah Pembantu AI Akademik Rasmi UTHM. Jawab soalan pengguna dengan tepat berdasarkan fakta UTHM.,siapa layak anugerah diraja,"Anugerah Pelajaran Diraja (Pingat Jaya Cemerlang) ialah pengiktirafan tertinggi Majlis Raja-Raja Malaysia kepada dua graduan terbaik (seorang Bumiputera dan seorang Bukan Bumiputera). Penilaian merangkumi CGPA amat cemerlang, penglibatan aktif kokurikulum di peringkat kebangsaan/antarabangsa, dan kualiti kepimpinan yang terbukti.",anugerah_diraja,bm
Anda adalah Pembantu AI Akademik Rasmi UTHM. Jawab soalan pengguna dengan tepat berdasarkan fakta UTHM.,siapa layak anugerah diraja,"Royal Education Award (Pingat Jaya Cemerlang) is the highest recognition by the Conference of Rulers of Malaysia awarded to two top graduates (one Bumiputera and one Non-Bumiputera). Criteria include outstanding CGPA, active co-curricular involvement at national/international levels, and proven leadership qualities.",anugerah_diraja,en
Anda adalah Pembantu AI Akademik Rasmi UTHM. Jawab soalan pengguna dengan tepat berdasarkan fakta UTHM.,What is the Royal Education Award UTHM?,"Anugerah Pelajaran Diraja (Pingat Jaya Cemerlang) ialah pengiktirafan tertinggi Majlis Raja-Raja Malaysia kepada dua graduan terbaik (seorang Bumiputera dan seorang Bukan Bumiputera). Penilaian merangkumi CGPA amat cemerlang, penglibatan aktif kokurikulum di peringkat kebangsaan/antarabangsa, dan kualiti kepimpinan yang terbukti.",anugerah_diraja,bm
Anda adalah Pembantu AI Akademik Rasmi UTHM. Jawab soalan pengguna dengan tepat berdasarkan fakta UTHM.,What is the Royal Education Award UTHM?,"Royal Education Award (Pingat Jaya Cemerlang) is the highest recognition by the Conference of Rulers of Malaysia awarded to two top graduates (one Bumiputera and one Non-Bumiputera). Criteria include outstanding CGPA, active co-curricular involvement at national/international levels, and proven leadership qualities.",anugerah_diraja,en
Anda adalah Pembantu AI Akademik Rasmi UTHM. Jawab soalan pengguna dengan tepat berdasarkan fakta UTHM.,Apakah Anugerah Canselor UTHM dan syarat kelayakan?,"Anugerah Canselor UTHM dianugerahkan kepada graduan berstatus Ijazah Kelas Pertama (CGPA >= 3.70) yang mempamerkan kecemerlangan holistik secara konsisten merangkumi akademik, sahsiah peribadi, dan sumbangan luar dewan kuliah sepanjang tempoh pengajian.",anugerah_canselor,bm
Anda adalah Pembantu AI Akademik Rasmi UTHM. Jawab soalan pengguna dengan tepat berdasarkan fakta UTHM.,Apakah Anugerah Canselor UTHM dan syarat kelayakan?,"Chancellor Award is presented to First Class Honours graduates (CGPA >= 3.70) demonstrating consistent holistic excellence across academics, personal character, and extracurricular contributions throughout their study period at UTHM.",anugerah_canselor,en
Anda adalah Pembantu AI Akademik Rasmi UTHM. Jawab soalan pengguna dengan tepat berdasarkan fakta UTHM.,siapa layak anugerah canselor,"Anugerah Canselor UTHM dianugerahkan kepada graduan berstatus Ijazah Kelas Pertama (CGPA >= 3.70) yang mempamerkan kecemerlangan holistik secara konsisten merangkumi akademik, sahsiah peribadi, dan sumbangan luar dewan kuliah sepanjang tempoh pengajian.",anugerah_canselor,bm
Anda adalah Pembantu AI Akademik Rasmi UTHM. Jawab soalan pengguna dengan tepat berdasarkan fakta UTHM.,siapa layak anugerah canselor,"Chancellor Award is presented to First Class Honours graduates (CGPA >= 3.70) demonstrating consistent holistic excellence across academics, personal character, and extracurricular contributions throughout their study period at UTHM.",anugerah_canselor,en
Anda adalah Pembantu AI Akademik Rasmi UTHM. Jawab soalan pengguna dengan tepat berdasarkan fakta UTHM.,syarat anugerah canselor,"Anugerah Canselor UTHM dianugerahkan kepada graduan berstatus Ijazah Kelas Pertama (CGPA >= 3.70) yang mempamerkan kecemerlangan holistik secara konsisten merangkumi akademik, sahsiah peribadi, dan sumbangan luar dewan kuliah sepanjang tempoh pengajian.",anugerah_canselor,bm
Anda adalah Pembantu AI Akademik Rasmi UTHM. Jawab soalan pengguna dengan tepat berdasarkan fakta UTHM.,syarat anugerah canselor,"Chancellor Award is presented to First Class Honours graduates (CGPA >= 3.70) demonstrating consistent holistic excellence across academics, personal character, and extracurricular contributions throughout their study period at UTHM.",anugerah_canselor,en
Anda adalah Pembantu AI Akademik Rasmi UTHM. Jawab soalan pengguna dengan tepat berdasarkan fakta UTHM.,What is the Chancellor Award UTHM?,"Anugerah Canselor UTHM dianugerahkan kepada graduan berstatus Ijazah Kelas Pertama (CGPA >= 3.70) yang mempamerkan kecemerlangan holistik secara konsisten merangkumi akademik, sahsiah peribadi, dan sumbangan luar dewan kuliah sepanjang tempoh pengajian.",anugerah_canselor,bm
Anda adalah Pembantu AI Akademik Rasmi UTHM. Jawab soalan pengguna dengan tepat berdasarkan fakta UTHM.,What is the Chancellor Award UTHM?,"Chancellor Award is presented to First Class Honours graduates (CGPA >= 3.70) demonstrating consistent holistic excellence across academics, personal character, and extracurricular contributions throughout their study period at UTHM.",anugerah_canselor,en
Anda adalah Pembantu AI Akademik Rasmi UTHM. Jawab soalan pengguna dengan tepat berdasarkan fakta UTHM.,Apakah Anugerah Naib Canselor UTHM?,Anugerah Naib Canselor UTHM diberikan kepada graduan Ijazah Kelas Pertama yang dinobatkan sebagai graduan terbaik secara keseluruhan di dalam fakulti masing-masing.,anugerah_naib_canselor,bm
Anda adalah Pembantu AI Akademik Rasmi UTHM. Jawab soalan pengguna dengan tepat berdasarkan fakta UTHM.,Apakah Anugerah Naib Canselor UTHM?,Vice-Chancellor Award is presented to First Class Honours graduates who are crowned as the overall top best graduate within their respective faculty.,anugerah_naib_canselor,en
Anda adalah Pembantu AI Akademik Rasmi UTHM. Jawab soalan pengguna dengan tepat berdasarkan fakta UTHM.,syarat anugerah naib canselor,Anugerah Naib Canselor UTHM diberikan kepada graduan Ijazah Kelas Pertama yang dinobatkan sebagai graduan terbaik secara keseluruhan di dalam fakulti masing-masing.,anugerah_naib_canselor,bm
Anda adalah Pembantu AI Akademik Rasmi UTHM. Jawab soalan pengguna dengan tepat berdasarkan fakta UTHM.,syarat anugerah naib canselor,Vice-Chancellor Award is presented to First Class Honours graduates who are crowned as the overall top best graduate within their respective faculty.,anugerah_naib_canselor,en
Anda adalah Pembantu AI Akademik Rasmi UTHM. Jawab soalan pengguna dengan tepat berdasarkan fakta UTHM.,siapa layak anugerah naib canselor,Anugerah Naib Canselor UTHM diberikan kepada graduan Ijazah Kelas Pertama yang dinobatkan sebagai graduan terbaik secara keseluruhan di dalam fakulti masing-masing.,anugerah_naib_canselor,bm
Anda adalah Pembantu AI Akademik Rasmi UTHM. Jawab soalan pengguna dengan tepat berdasarkan fakta UTHM.,siapa layak anugerah naib canselor,Vice-Chancellor Award is presented to First Class Honours graduates who are crowned as the overall top best graduate within their respective faculty.,anugerah_naib_canselor,en
Anda adalah Pembantu AI Akademik Rasmi UTHM. Jawab soalan pengguna dengan tepat berdasarkan fakta UTHM.,What is the Vice Chancellor Award?,Anugerah Naib Canselor UTHM diberikan kepada graduan Ijazah Kelas Pertama yang dinobatkan sebagai graduan terbaik secara keseluruhan di dalam fakulti masing-masing.,anugerah_naib_canselor,bm
Anda adalah Pembantu AI Akademik Rasmi UTHM. Jawab soalan pengguna dengan tepat berdasarkan fakta UTHM.,What is the Vice Chancellor Award?,Vice-Chancellor Award is presented to First Class Honours graduates who are crowned as the overall top best graduate within their respective faculty.,anugerah_naib_canselor,en
Anda adalah Pembantu AI Akademik Rasmi UTHM. Jawab soalan pengguna dengan tepat berdasarkan fakta UTHM.,Apakah syarat Anugerah Alumni UTHM?,"Anugerah Alumni UTHM diberikan kepada graduan yang aktif dalam persatuan pelajar, mempunyai sifat kepimpinan yang tinggi, serta banyak memberi sumbangan kepada nama baik universiti.",anugerah_alumni,bm
Anda adalah Pembantu AI Akademik Rasmi UTHM. Jawab soalan pengguna dengan tepat berdasarkan fakta UTHM.,Apakah syarat Anugerah Alumni UTHM?,"Alumni Award recognizes graduates who were highly active in student associations, demonstrated strong leadership, and contributed significantly to the university's reputation.",anugerah_alumni,en
Anda adalah Pembantu AI Akademik Rasmi UTHM. Jawab soalan pengguna dengan tepat berdasarkan fakta UTHM.,anugerah alumni,"Anugerah Alumni UTHM diberikan kepada graduan yang aktif dalam persatuan pelajar, mempunyai sifat kepimpinan yang tinggi, serta banyak memberi sumbangan kepada nama baik universiti.",anugerah_alumni,bm
Anda adalah Pembantu AI Akademik Rasmi UTHM. Jawab soalan pengguna dengan tepat berdasarkan fakta UTHM.,anugerah alumni,"Alumni Award recognizes graduates who were highly active in student associations, demonstrated strong leadership, and contributed significantly to the university's reputation.",anugerah_alumni,en
Anda adalah Pembantu AI Akademik Rasmi UTHM. Jawab soalan pengguna dengan tepat berdasarkan fakta UTHM.,siapa layak anugerah alumni,"Anugerah Alumni UTHM diberikan kepada graduan yang aktif dalam persatuan pelajar, mempunyai sifat kepimpinan yang tinggi, serta banyak memberi sumbangan kepada nama baik universiti.",anugerah_alumni,bm
Anda adalah Pembantu AI Akademik Rasmi UTHM. Jawab soalan pengguna dengan tepat berdasarkan fakta UTHM.,siapa layak anugerah alumni,"Alumni Award recognizes graduates who were highly active in student associations, demonstrated strong leadership, and contributed significantly to the university's reputation.",anugerah_alumni,en
Anda adalah Pembantu AI Akademik Rasmi UTHM. Jawab soalan pengguna dengan tepat berdasarkan fakta UTHM.,Apakah kriteria Anugerah Projek Sarjana Muda PSM Terbaik?,"Anugerah Projek Sarjana Muda (PSM) Terbaik diberikan oleh setiap fakulti kepada pelajar yang menghasilkan kajian atau pembangunan projek tahun akhir paling cemerlang dan berimpak tinggi. Kriteria merangkumi inovasi teknikal, pembangunan perisian/mudah alih, kerumitan pangkalan data, atau integrasi model machine learning.",anugerah_psm_terbaik,bm
Anda adalah Pembantu AI Akademik Rasmi UTHM. Jawab soalan pengguna dengan tepat berdasarkan fakta UTHM.,Apakah kriteria Anugerah Projek Sarjana Muda PSM Terbaik?,"Best Final Year Project (PSM) Award is presented by each faculty to students producing the most outstanding, high-impact research or software development. Criteria focus on technical innovation, mobile app fluidity, database design complexity, or successful machine learning integration.",anugerah_psm_terbaik,en
Anda adalah Pembantu AI Akademik Rasmi UTHM. Jawab soalan pengguna dengan tepat berdasarkan fakta UTHM.,syarat anugerah psm terbaik,"Anugerah Projek Sarjana Muda (PSM) Terbaik diberikan oleh setiap fakulti kepada pelajar yang menghasilkan kajian atau pembangunan projek tahun akhir paling cemerlang dan berimpak tinggi. Kriteria merangkumi inovasi teknikal, pembangunan perisian/mudah alih, kerumitan pangkalan data, atau integrasi model machine learning.",anugerah_psm_terbaik,bm
Anda adalah Pembantu AI Akademik Rasmi UTHM. Jawab soalan pengguna dengan tepat berdasarkan fakta UTHM.,syarat anugerah psm terbaik,"Best Final Year Project (PSM) Award is presented by each faculty to students producing the most outstanding, high-impact research or software development. Criteria focus on technical innovation, mobile app fluidity, database design complexity, or successful machine learning integration.",anugerah_psm_terbaik,en
Anda adalah Pembantu AI Akademik Rasmi UTHM. Jawab soalan pengguna dengan tepat berdasarkan fakta UTHM.,anugerah psm,"Anugerah Projek Sarjana Muda (PSM) Terbaik diberikan oleh setiap fakulti kepada pelajar yang menghasilkan kajian atau pembangunan projek tahun akhir paling cemerlang dan berimpak tinggi. Kriteria merangkumi inovasi teknikal, pembangunan perisian/mudah alih, kerumitan pangkalan data, atau integrasi model machine learning.",anugerah_psm_terbaik,bm
Anda adalah Pembantu AI Akademik Rasmi UTHM. Jawab soalan pengguna dengan tepat berdasarkan fakta UTHM.,anugerah psm,"Best Final Year Project (PSM) Award is presented by each faculty to students producing the most outstanding, high-impact research or software development. Criteria focus on technical innovation, mobile app fluidity, database design complexity, or successful machine learning integration.",anugerah_psm_terbaik,en
Anda adalah Pembantu AI Akademik Rasmi UTHM. Jawab soalan pengguna dengan tepat berdasarkan fakta UTHM.,How to get Best PSM Award in UTHM?,"Anugerah Projek Sarjana Muda (PSM) Terbaik diberikan oleh setiap fakulti kepada pelajar yang menghasilkan kajian atau pembangunan projek tahun akhir paling cemerlang dan berimpak tinggi. Kriteria merangkumi inovasi teknikal, pembangunan perisian/mudah alih, kerumitan pangkalan data, atau integrasi model machine learning.",anugerah_psm_terbaik,bm
Anda adalah Pembantu AI Akademik Rasmi UTHM. Jawab soalan pengguna dengan tepat berdasarkan fakta UTHM.,How to get Best PSM Award in UTHM?,"Best Final Year Project (PSM) Award is presented by each faculty to students producing the most outstanding, high-impact research or software development. Criteria focus on technical innovation, mobile app fluidity, database design complexity, or successful machine learning integration.",anugerah_psm_terbaik,en
Anda adalah Pembantu AI Akademik Rasmi UTHM. Jawab soalan pengguna dengan tepat berdasarkan fakta UTHM.,Apakah Anugerah Tokoh Siswa ATS HEPA UTHM?,"Anugerah Tokoh Siswa (ATS HEPA UTHM) mengiktiraf pemimpin pelajar terbaik melalui majlis tahunan Malam Anugerah Tokoh Siswa (ATS). Kategori merangkumi Anugerah Perdana (Tokoh Siswa), Kepimpinan MPP, Kolej Kediaman (MKP), Kelab & Persatuan, Sukarelawan Terbaik, Keusahawanan, Pengucapan Awam/Debat, Sukan (PSU), dan Kebudayaan (PKU).",anugerah_tokoh_siswa,bm
Anda adalah Pembantu AI Akademik Rasmi UTHM. Jawab soalan pengguna dengan tepat berdasarkan fakta UTHM.,Apakah Anugerah Tokoh Siswa ATS HEPA UTHM?,"UTHM Student Icon Awards (Anugerah Tokoh Siswa HEPA) recognize outstanding student leaders across categories: Anugerah Perdana (Tokoh Siswa), MPP Leadership, Residential College (MKP) Leadership, Club/Association Leadership, Best Volunteer, Student Entrepreneurship, Public Speaking/Debate, Sports (Olahragawan/Olahragawati), and Cultural Performance (PKU). Evaluated via merit system at the annual ATS gala.",anugerah_tokoh_siswa,en
Anda adalah Pembantu AI Akademik Rasmi UTHM. Jawab soalan pengguna dengan tepat berdasarkan fakta UTHM.,anugerah tokoh siswa hepa,"Anugerah Tokoh Siswa (ATS HEPA UTHM) mengiktiraf pemimpin pelajar terbaik melalui majlis tahunan Malam Anugerah Tokoh Siswa (ATS). Kategori merangkumi Anugerah Perdana (Tokoh Siswa), Kepimpinan MPP, Kolej Kediaman (MKP), Kelab & Persatuan, Sukarelawan Terbaik, Keusahawanan, Pengucapan Awam/Debat, Sukan (PSU), dan Kebudayaan (PKU).",anugerah_tokoh_siswa,bm
Anda adalah Pembantu AI Akademik Rasmi UTHM. Jawab soalan pengguna dengan tepat berdasarkan fakta UTHM.,anugerah tokoh siswa hepa,"UTHM Student Icon Awards (Anugerah Tokoh Siswa HEPA) recognize outstanding student leaders across categories: Anugerah Perdana (Tokoh Siswa), MPP Leadership, Residential College (MKP) Leadership, Club/Association Leadership, Best Volunteer, Student Entrepreneurship, Public Speaking/Debate, Sports (Olahragawan/Olahragawati), and Cultural Performance (PKU). Evaluated via merit system at the annual ATS gala.",anugerah_tokoh_siswa,en
Anda adalah Pembantu AI Akademik Rasmi UTHM. Jawab soalan pengguna dengan tepat berdasarkan fakta UTHM.,syarat anugerah tokoh siswa,"Anugerah Tokoh Siswa (ATS HEPA UTHM) mengiktiraf pemimpin pelajar terbaik melalui majlis tahunan Malam Anugerah Tokoh Siswa (ATS). Kategori merangkumi Anugerah Perdana (Tokoh Siswa), Kepimpinan MPP, Kolej Kediaman (MKP), Kelab & Persatuan, Sukarelawan Terbaik, Keusahawanan, Pengucapan Awam/Debat, Sukan (PSU), dan Kebudayaan (PKU).",anugerah_tokoh_siswa,bm
Anda adalah Pembantu AI Akademik Rasmi UTHM. Jawab soalan pengguna dengan tepat berdasarkan fakta UTHM.,syarat anugerah tokoh siswa,"UTHM Student Icon Awards (Anugerah Tokoh Siswa HEPA) recognize outstanding student leaders across categories: Anugerah Perdana (Tokoh Siswa), MPP Leadership, Residential College (MKP) Leadership, Club/Association Leadership, Best Volunteer, Student Entrepreneurship, Public Speaking/Debate, Sports (Olahragawan/Olahragawati), and Cultural Performance (PKU). Evaluated via merit system at the annual ATS gala.",anugerah_tokoh_siswa,en
Anda adalah Pembantu AI Akademik Rasmi UTHM. Jawab soalan pengguna dengan tepat berdasarkan fakta UTHM.,What is Tokoh Siswa HEPA Award UTHM?,"Anugerah Tokoh Siswa (ATS HEPA UTHM) mengiktiraf pemimpin pelajar terbaik melalui majlis tahunan Malam Anugerah Tokoh Siswa (ATS). Kategori merangkumi Anugerah Perdana (Tokoh Siswa), Kepimpinan MPP, Kolej Kediaman (MKP), Kelab & Persatuan, Sukarelawan Terbaik, Keusahawanan, Pengucapan Awam/Debat, Sukan (PSU), dan Kebudayaan (PKU).",anugerah_tokoh_siswa,bm
Anda adalah Pembantu AI Akademik Rasmi UTHM. Jawab soalan pengguna dengan tepat berdasarkan fakta UTHM.,What is Tokoh Siswa HEPA Award UTHM?,"UTHM Student Icon Awards (Anugerah Tokoh Siswa HEPA) recognize outstanding student leaders across categories: Anugerah Perdana (Tokoh Siswa), MPP Leadership, Residential College (MKP) Leadership, Club/Association Leadership, Best Volunteer, Student Entrepreneurship, Public Speaking/Debate, Sports (Olahragawan/Olahragawati), and Cultural Performance (PKU). Evaluated via merit system at the annual ATS gala.",anugerah_tokoh_siswa,en
Anda adalah Pembantu AI Akademik Rasmi UTHM. Jawab soalan pengguna dengan tepat berdasarkan fakta UTHM.,Apakah Pingat Inovasi dan Pertandingan RITEC UTHM?,"Pingat Inovasi (Pingat Emas, Perak, dan Gangsa) dimenangi secara langsung oleh pelajar melalui pameran pertandingan inovasi, teknologi, dan reka cipta peringkat universiti (seperti RITEC) apabila membentangkan prototaip perisian atau hasil penyelidikan.",anugerah_inovasi_ritec,bm
Anda adalah Pembantu AI Akademik Rasmi UTHM. Jawab soalan pengguna dengan tepat berdasarkan fakta UTHM.,Apakah Pingat Inovasi dan Pertandingan RITEC UTHM?,"Innovation Medals (Gold, Silver, Bronze) are awarded to students participating in UTHM innovation, technology, and invention exhibitions (such as RITEC) when presenting software prototypes, engineering solutions, or research findings.",anugerah_inovasi_ritec,en
Anda adalah Pembantu AI Akademik Rasmi UTHM. Jawab soalan pengguna dengan tepat berdasarkan fakta UTHM.,pingat inovasi ritec uthm,"Pingat Inovasi (Pingat Emas, Perak, dan Gangsa) dimenangi secara langsung oleh pelajar melalui pameran pertandingan inovasi, teknologi, dan reka cipta peringkat universiti (seperti RITEC) apabila membentangkan prototaip perisian atau hasil penyelidikan.",anugerah_inovasi_ritec,bm
Anda adalah Pembantu AI Akademik Rasmi UTHM. Jawab soalan pengguna dengan tepat berdasarkan fakta UTHM.,pingat inovasi ritec uthm,"Innovation Medals (Gold, Silver, Bronze) are awarded to students participating in UTHM innovation, technology, and invention exhibitions (such as RITEC) when presenting software prototypes, engineering solutions, or research findings.",anugerah_inovasi_ritec,en
Anda adalah Pembantu AI Akademik Rasmi UTHM. Jawab soalan pengguna dengan tepat berdasarkan fakta UTHM.,What is UTHM Innovation Medal RITEC Award?,"Pingat Inovasi (Pingat Emas, Perak, dan Gangsa) dimenangi secara langsung oleh pelajar melalui pameran pertandingan inovasi, teknologi, dan reka cipta peringkat universiti (seperti RITEC) apabila membentangkan prototaip perisian atau hasil penyelidikan.",anugerah_inovasi_ritec,bm
Anda adalah Pembantu AI Akademik Rasmi UTHM. Jawab soalan pengguna dengan tepat berdasarkan fakta UTHM.,What is UTHM Innovation Medal RITEC Award?,"Innovation Medals (Gold, Silver, Bronze) are awarded to students participating in UTHM innovation, technology, and invention exhibitions (such as RITEC) when presenting software prototypes, engineering solutions, or research findings.",anugerah_inovasi_ritec,en
Anda adalah Pembantu AI Akademik Rasmi UTHM. Jawab soalan pengguna dengan tepat berdasarkan fakta UTHM.,berapa cgpa untuk dekan,Anugerah Dekan (Dean's List Award) UTHM dianugerahkan kepada pelajar yang mencapai GPA semester sekurang-kurangnya 3.50 dan mendaftar sekurang-kurangnya 12 jam kredit pada semester berkenaan.,deans_award,bm
Anda adalah Pembantu AI Akademik Rasmi UTHM. Jawab soalan pengguna dengan tepat berdasarkan fakta UTHM.,berapa cgpa untuk dekan,The Dean's List Award at UTHM is presented to students who achieve a semester GPA of at least 3.50 while registered for a minimum of 12 credit hours in that semester.,deans_award,en
Anda adalah Pembantu AI Akademik Rasmi UTHM. Jawab soalan pengguna dengan tepat berdasarkan fakta UTHM.,berapa gpa untuk dekan,Anugerah Dekan (Dean's List Award) UTHM dianugerahkan kepada pelajar yang mencapai GPA semester sekurang-kurangnya 3.50 dan mendaftar sekurang-kurangnya 12 jam kredit pada semester berkenaan.,deans_award,bm
Anda adalah Pembantu AI Akademik Rasmi UTHM. Jawab soalan pengguna dengan tepat berdasarkan fakta UTHM.,berapa gpa untuk dekan,The Dean's List Award at UTHM is presented to students who achieve a semester GPA of at least 3.50 while registered for a minimum of 12 credit hours in that semester.,deans_award,en
Anda adalah Pembantu AI Akademik Rasmi UTHM. Jawab soalan pengguna dengan tepat berdasarkan fakta UTHM.,berapa gpa nak dapat dekan,Anugerah Dekan (Dean's List Award) UTHM dianugerahkan kepada pelajar yang mencapai GPA semester sekurang-kurangnya 3.50 dan mendaftar sekurang-kurangnya 12 jam kredit pada semester berkenaan.,deans_award,bm
Anda adalah Pembantu AI Akademik Rasmi UTHM. Jawab soalan pengguna dengan tepat berdasarkan fakta UTHM.,berapa gpa nak dapat dekan,The Dean's List Award at UTHM is presented to students who achieve a semester GPA of at least 3.50 while registered for a minimum of 12 credit hours in that semester.,deans_award,en
Anda adalah Pembantu AI Akademik Rasmi UTHM. Jawab soalan pengguna dengan tepat berdasarkan fakta UTHM.,berapa cgpa nak dapat dekan,Anugerah Dekan (Dean's List Award) UTHM dianugerahkan kepada pelajar yang mencapai GPA semester sekurang-kurangnya 3.50 dan mendaftar sekurang-kurangnya 12 jam kredit pada semester berkenaan.,deans_award,bm
Anda adalah Pembantu AI Akademik Rasmi UTHM. Jawab soalan pengguna dengan tepat berdasarkan fakta UTHM.,berapa cgpa nak dapat dekan,The Dean's List Award at UTHM is presented to students who achieve a semester GPA of at least 3.50 while registered for a minimum of 12 credit hours in that semester.,deans_award,en
Anda adalah Pembantu AI Akademik Rasmi UTHM. Jawab soalan pengguna dengan tepat berdasarkan fakta UTHM.,syarat dekan,Anugerah Dekan (Dean's List Award) UTHM dianugerahkan kepada pelajar yang mencapai GPA semester sekurang-kurangnya 3.50 dan mendaftar sekurang-kurangnya 12 jam kredit pada semester berkenaan.,deans_award,bm
Anda adalah Pembantu AI Akademik Rasmi UTHM. Jawab soalan pengguna dengan tepat berdasarkan fakta UTHM.,syarat dekan,The Dean's List Award at UTHM is presented to students who achieve a semester GPA of at least 3.50 while registered for a minimum of 12 credit hours in that semester.,deans_award,en
Anda adalah Pembantu AI Akademik Rasmi UTHM. Jawab soalan pengguna dengan tepat berdasarkan fakta UTHM.,cgpa dekan,Anugerah Dekan (Dean's List Award) UTHM dianugerahkan kepada pelajar yang mencapai GPA semester sekurang-kurangnya 3.50 dan mendaftar sekurang-kurangnya 12 jam kredit pada semester berkenaan.,deans_award,bm
Anda adalah Pembantu AI Akademik Rasmi UTHM. Jawab soalan pengguna dengan tepat berdasarkan fakta UTHM.,cgpa dekan,The Dean's List Award at UTHM is presented to students who achieve a semester GPA of at least 3.50 while registered for a minimum of 12 credit hours in that semester.,deans_award,en
Anda adalah Pembantu AI Akademik Rasmi UTHM. Jawab soalan pengguna dengan tepat berdasarkan fakta UTHM.,gpa dekan,Anugerah Dekan (Dean's List Award) UTHM dianugerahkan kepada pelajar yang mencapai GPA semester sekurang-kurangnya 3.50 dan mendaftar sekurang-kurangnya 12 jam kredit pada semester berkenaan.,deans_award,bm
Anda adalah Pembantu AI Akademik Rasmi UTHM. Jawab soalan pengguna dengan tepat berdasarkan fakta UTHM.,gpa dekan,The Dean's List Award at UTHM is presented to students who achieve a semester GPA of at least 3.50 while registered for a minimum of 12 credit hours in that semester.,deans_award,en
Anda adalah Pembantu AI Akademik Rasmi UTHM. Jawab soalan pengguna dengan tepat berdasarkan fakta UTHM.,macam mana nak dapat first class di uthm,"Untuk mendapat Ijazah Kelas Pertama (First Class Honours) di UTHM, pelajar perlu mencapai HPNM/CGPA terkumpul sekurang-kurangnya 3.70 hingga 4.00 serta memenuhi semua syarat kelayakan graduasi tanpa sebarang kes tatatertib.",degree_classification,bm
Anda adalah Pembantu AI Akademik Rasmi UTHM. Jawab soalan pengguna dengan tepat berdasarkan fakta UTHM.,macam mana nak dapat first class di uthm,"To achieve First Class Honours at UTHM, students must attain a cumulative CGPA of 3.70 to 4.00 and meet all graduation eligibility criteria without any disciplinary record.",degree_classification,en
Anda adalah Pembantu AI Akademik Rasmi UTHM. Jawab soalan pengguna dengan tepat berdasarkan fakta UTHM.,how to get first class in uthm for student,"Untuk mendapat Ijazah Kelas Pertama (First Class Honours) di UTHM, pelajar perlu mencapai HPNM/CGPA terkumpul sekurang-kurangnya 3.70 hingga 4.00 serta memenuhi semua syarat kelayakan graduasi tanpa sebarang kes tatatertib.",degree_classification,bm
Anda adalah Pembantu AI Akademik Rasmi UTHM. Jawab soalan pengguna dengan tepat berdasarkan fakta UTHM.,how to get first class in uthm for student,"To achieve First Class Honours at UTHM, students must attain a cumulative CGPA of 3.70 to 4.00 and meet all graduation eligibility criteria without any disciplinary record.",degree_classification,en
Anda adalah Pembantu AI Akademik Rasmi UTHM. Jawab soalan pengguna dengan tepat berdasarkan fakta UTHM.,syarat first class uthm,"Untuk mendapat Ijazah Kelas Pertama (First Class Honours) di UTHM, pelajar perlu mencapai HPNM/CGPA terkumpul sekurang-kurangnya 3.70 hingga 4.00 serta memenuhi semua syarat kelayakan graduasi tanpa sebarang kes tatatertib.",degree_classification,bm
Anda adalah Pembantu AI Akademik Rasmi UTHM. Jawab soalan pengguna dengan tepat berdasarkan fakta UTHM.,syarat first class uthm,"To achieve First Class Honours at UTHM, students must attain a cumulative CGPA of 3.70 to 4.00 and meet all graduation eligibility criteria without any disciplinary record.",degree_classification,en
Anda adalah Pembantu AI Akademik Rasmi UTHM. Jawab soalan pengguna dengan tepat berdasarkan fakta UTHM.,cgpa first class uthm,"Untuk mendapat Ijazah Kelas Pertama (First Class Honours) di UTHM, pelajar perlu mencapai HPNM/CGPA terkumpul sekurang-kurangnya 3.70 hingga 4.00 serta memenuhi semua syarat kelayakan graduasi tanpa sebarang kes tatatertib.",degree_classification,bm
Anda adalah Pembantu AI Akademik Rasmi UTHM. Jawab soalan pengguna dengan tepat berdasarkan fakta UTHM.,cgpa first class uthm,"To achieve First Class Honours at UTHM, students must attain a cumulative CGPA of 3.70 to 4.00 and meet all graduation eligibility criteria without any disciplinary record.",degree_classification,en
Anda adalah Pembantu AI Akademik Rasmi UTHM. Jawab soalan pengguna dengan tepat berdasarkan fakta UTHM.,ijazah kelas pertama uthm,"Untuk mendapat Ijazah Kelas Pertama (First Class Honours) di UTHM, pelajar perlu mencapai HPNM/CGPA terkumpul sekurang-kurangnya 3.70 hingga 4.00 serta memenuhi semua syarat kelayakan graduasi tanpa sebarang kes tatatertib.",degree_classification,bm
Anda adalah Pembantu AI Akademik Rasmi UTHM. Jawab soalan pengguna dengan tepat berdasarkan fakta UTHM.,ijazah kelas pertama uthm,"To achieve First Class Honours at UTHM, students must attain a cumulative CGPA of 3.70 to 4.00 and meet all graduation eligibility criteria without any disciplinary record.",degree_classification,en
Anda adalah Pembantu AI Akademik Rasmi UTHM. Jawab soalan pengguna dengan tepat berdasarkan fakta UTHM.,boleh beritahu etika pemakaian di uthm,"Etika pemakaian pelajar UTHM mewajibkan pakaian kemas, bersopan, dan mematuhi Peraturan Tatatertib Pelajar UTHM. Pelajar hendaklah memakai kad matrik semasa di dalam kampus, baju berkolar/kemas, kasut bertutup, dan tidak memakai pakaian terlalu ketat atau menjolok mata semasa kuliah.",etika_pemakaian,bm
Anda adalah Pembantu AI Akademik Rasmi UTHM. Jawab soalan pengguna dengan tepat berdasarkan fakta UTHM.,boleh beritahu etika pemakaian di uthm,"UTHM student dress code mandates neat, modest attire complying with UTHM Student Disciplinary Rules. Students must display their matrix card on campus, wear collared/neat shirts, closed shoes, and avoid overly tight or revealing clothes during lectures.",etika_pemakaian,en
Anda adalah Pembantu AI Akademik Rasmi UTHM. Jawab soalan pengguna dengan tepat berdasarkan fakta UTHM.,etika pemakaian pelajar uthm,"Etika pemakaian pelajar UTHM mewajibkan pakaian kemas, bersopan, dan mematuhi Peraturan Tatatertib Pelajar UTHM. Pelajar hendaklah memakai kad matrik semasa di dalam kampus, baju berkolar/kemas, kasut bertutup, dan tidak memakai pakaian terlalu ketat atau menjolok mata semasa kuliah.",etika_pemakaian,bm
Anda adalah Pembantu AI Akademik Rasmi UTHM. Jawab soalan pengguna dengan tepat berdasarkan fakta UTHM.,etika pemakaian pelajar uthm,"UTHM student dress code mandates neat, modest attire complying with UTHM Student Disciplinary Rules. Students must display their matrix card on campus, wear collared/neat shirts, closed shoes, and avoid overly tight or revealing clothes during lectures.",etika_pemakaian,en
Anda adalah Pembantu AI Akademik Rasmi UTHM. Jawab soalan pengguna dengan tepat berdasarkan fakta UTHM.,pakaian kuliah uthm,"Etika pemakaian pelajar UTHM mewajibkan pakaian kemas, bersopan, dan mematuhi Peraturan Tatatertib Pelajar UTHM. Pelajar hendaklah memakai kad matrik semasa di dalam kampus, baju berkolar/kemas, kasut bertutup, dan tidak memakai pakaian terlalu ketat atau menjolok mata semasa kuliah.",etika_pemakaian,bm
Anda adalah Pembantu AI Akademik Rasmi UTHM. Jawab soalan pengguna dengan tepat berdasarkan fakta UTHM.,pakaian kuliah uthm,"UTHM student dress code mandates neat, modest attire complying with UTHM Student Disciplinary Rules. Students must display their matrix card on campus, wear collared/neat shirts, closed shoes, and avoid overly tight or revealing clothes during lectures.",etika_pemakaian,en
Anda adalah Pembantu AI Akademik Rasmi UTHM. Jawab soalan pengguna dengan tepat berdasarkan fakta UTHM.,uthm dress code,"Etika pemakaian pelajar UTHM mewajibkan pakaian kemas, bersopan, dan mematuhi Peraturan Tatatertib Pelajar UTHM. Pelajar hendaklah memakai kad matrik semasa di dalam kampus, baju berkolar/kemas, kasut bertutup, dan tidak memakai pakaian terlalu ketat atau menjolok mata semasa kuliah.",etika_pemakaian,bm
Anda adalah Pembantu AI Akademik Rasmi UTHM. Jawab soalan pengguna dengan tepat berdasarkan fakta UTHM.,uthm dress code,"UTHM student dress code mandates neat, modest attire complying with UTHM Student Disciplinary Rules. Students must display their matrix card on campus, wear collared/neat shirts, closed shoes, and avoid overly tight or revealing clothes during lectures.",etika_pemakaian,en
Anda adalah Pembantu AI Akademik Rasmi UTHM. Jawab soalan pengguna dengan tepat berdasarkan fakta UTHM.,macam mana nak dapat dekan di uthm,"Untuk mendapat Anugerah Dekan di UTHM, pelajar perlu mencapai GPA semester sekurang-kurangnya 3.50 dengan mendaftar sekurang-kurangnya 12 jam kredit pada semester berkenaan.",deans_award,bm
Anda adalah Pembantu AI Akademik Rasmi UTHM. Jawab soalan pengguna dengan tepat berdasarkan fakta UTHM.,macam mana nak dapat dekan di uthm,"To qualify for the Dean's List Award at UTHM, students must achieve a semester GPA of at least 3.50 with a minimum registration of 12 credit hours in that semester.",deans_award,en
Anda adalah Pembantu AI Akademik Rasmi UTHM. Jawab soalan pengguna dengan tepat berdasarkan fakta UTHM.,macam mana nak dapat anugerah dekan,"Untuk mendapat Anugerah Dekan di UTHM, pelajar perlu mencapai GPA semester sekurang-kurangnya 3.50 dengan mendaftar sekurang-kurangnya 12 jam kredit pada semester berkenaan.",deans_award,bm
Anda adalah Pembantu AI Akademik Rasmi UTHM. Jawab soalan pengguna dengan tepat berdasarkan fakta UTHM.,macam mana nak dapat anugerah dekan,"To qualify for the Dean's List Award at UTHM, students must achieve a semester GPA of at least 3.50 with a minimum registration of 12 credit hours in that semester.",deans_award,en
Anda adalah Pembantu AI Akademik Rasmi UTHM. Jawab soalan pengguna dengan tepat berdasarkan fakta UTHM.,dapat dekan uthm,"Untuk mendapat Anugerah Dekan di UTHM, pelajar perlu mencapai GPA semester sekurang-kurangnya 3.50 dengan mendaftar sekurang-kurangnya 12 jam kredit pada semester berkenaan.",deans_award,bm
Anda adalah Pembantu AI Akademik Rasmi UTHM. Jawab soalan pengguna dengan tepat berdasarkan fakta UTHM.,dapat dekan uthm,"To qualify for the Dean's List Award at UTHM, students must achieve a semester GPA of at least 3.50 with a minimum registration of 12 credit hours in that semester.",deans_award,en
